"14b597e8","2025-10-25T17:59:43.530989+00:00","LTCUSDT","Ranging V4.1","RSI Cross Down from Overbought (56.6)","short","True","BTC STRONG_UP -> allow","35","62.0","REJECTED","Низкая уверенность AI: 35% < 62.0%","None","None","None"
"91ad6047","2025-10-25T17:59:42.723260+00:00","FETUSDT","Trending_AI_Filtered","Pullback to EMA20","long","None","None","None","None","REJECTED","Исполнение сделки не удалось","None","None","None"
"b1ae5715","2025-10-25T17:59:43.094598+00:00","DOGEUSDT","Trending_AI_Filtered","Pullback to EMA20","short","None","None","None","None","REJECTED","BTC state=UP, p_up=0.92","None","None","None"
"82588e7c","2025-10-25T17:59:49.039573+00:00","ETHUSDT","Pullback Engine","EMA20 retest, RSI=48.2, OFI=-50.7, OBI=-0.54","short","None","None","None","None","REJECTED","BTC state=UP, p_up=0.97","None","None","None"
"276bbec0","2025-10-25T17:59:49.041574+00:00","DOGEUSDT","Pullback Engine","EMA20 retest, RSI=48.0, OFI=-28.1, OBI=-0.16","short","None","None","None","None","REJECTED","BTC state=UP, p_up=0.99","None","None","None"
"9fcadeab","2025-10-25T17:59:49.049582+00:00","FILUSDT","Pullback Engine","EMA20 retest, RSI=53.6, OFI=10.7, OBI=0.23","long","None","None","None","None","REJECTED","AI BTC filter: AI Заблокировано: НЕТ, БЛОКИРУЮ. На графике BTC наблюдается сильный медвежий импульс с пробоем ключевых скользящих средних вниз. Это подтверждается аномально высоким объемом продаж на последнем снижении. Структура рынка на данном таймфрейме сломлена и стала нисходящей. Открытие LONG позиций по альтам в такой фазе рынка BTC является крайне рискованным и равносильно попытке поймать 'падающий нож'. (conf: 10%)","None","None","None"
"daa113af","2025-10-25T17:59:49.051584+00:00","BNBUSDT","Pullback Engine","EMA20 retest, RSI=48.6, OFI=-48.7, OBI=-0.34","short","None","None","None","None","REJECTED","BTC state=UP, p_up=1.00","None","None","None"
"6f9b5b0f","2025-10-25T17:59:49.055588+00:00","APEUSDT","Pullback Engine","EMA20 retest, RSI=48.0, OFI=-16.0, OBI=-0.12","short","None","None","None","None","REJECTED","BTC state=UP, p_up=1.00","None","None","None"
"1eb8d513","2025-10-25T18:05:08.907434+00:00","APEUSDT","Ranging V4.1","RSI Cross Down from Overbought (52.2)","short","True","BTC STRONG_UP -> allow","35","62.0","REJECTED","Низкая уверенность AI: 35% < 62.0%","None","None","None"
"6e169aa8","2025-10-25T18:05:04.523600+00:00","ANKRUSDT","Ranging V4.1","BB Low Touch or RSI Cross Up (43.7)","long","True","BTC STRONG_UP -> allow","45","62.0","REJECTED","Низкая уверенность AI: 45% < 62.0%","None","None","None"
"3a25b488","2025-10-25T18:05:05.792376+00:00","DOTUSDT","Trending_AI_Filtered","Pullback to EMA20","long","None","None","75","65.0","EXECUTED","None","3.061","3.04004","3.09196"
"a5d5c3bc","2025-10-25T18:05:07.718551+00:00","XLMUSDT","Trending_AI_Filtered","Pullback to EMA20","long","None","None","90","67.0","EXECUTED","None","0.32545","0.32317","0.33105"
"ff2c030a","2025-10-25T18:05:09.280794+00:00","ENAUSDT","Trending_AI_Filtered","Pullback to EMA20","short","None","None","None","None","REJECTED","BTC state=UP, p_up=0.97","None","None","None"
"13a4941f","2025-10-25T18:05:12.055261+00:00","DOTUSDT","Pullback Engine","EMA20 retest, RSI=52.3, OFI=14.0, OBI=0.01","long","None","None","None","None","REJECTED","Достигнут лимит позиций (2/4)","None","None","None"
"afe5fd85","2025-10-25T18:05:12.074279+00:00","TRXUSDT","Pullback Engine","EMA20 retest, RSI=47.9, OFI=-10.7, OBI=0.28","short","None","None","None","None","REJECTED","BTC state=UP, p_up=0.99","None","None","None"
"7081aad0","2025-10-25T18:05:12.074279+00:00","IMXUSDT","Pullback Engine","EMA20 retest, RSI=53.9, OFI=8.4, OBI=0.17","long","None","None","None","None","REJECTED","AI BTC filter: AI Заблокировано: БЛОКИРУЮ. На графике виден сильный медвежий импульс с локального максимума, подтвержденный всплеском объема продаж. Этот импульс сломал восходящую структуру, цена пробила обе скользящие средние вниз. Сейчас рынок находится в фазе неопределенности после резкого падения, что создает высокий риск дальнейшего снижения. Открытие LONG в текущих условиях является торговлей против сильного краткосрочного давления продавцов. (conf: 15%)","None","None","None"
"d6cc1d8c","2025-10-25T18:05:12.138338+00:00","HBARUSDT","Pullback Engine","EMA20 retest, RSI=55.7, OFI=70.5, OBI=0.41","long","None","None","None","None","REJECTED","AI BTC filter: AI Заблокировано: БЛОКИРУЮ. На графике виден резкий импульсивный разворот вниз на аномально высоком объеме. Цена пробила ключевые скользящие средние, которые теперь выступают в роли сопротивления. Восходящая структура сломлена. Входить в LONG в такой ситуации крайне рискованно, так как доминирует сильный продавец, и высока вероятность дальнейшего снижения. Текущая фаза рынка на BTC неблагоприятна для открытия длинных позиций по альтам. (conf: 15%)","None","None","None"
"302cad4b","2025-10-25T18:05:12.156353+00:00","FILUSDT","Pullback Engine","EMA20 retest, RSI=50.6, OFI=18.5, OBI=0.24","long","None","None","None","None","REJECTED","AI BTC filter: AI Заблокировано: БЛОКИРУЮ. На графике BTC наблюдается резкий слом восходящей структуры и сильный медвежий импульс. Цена пробила ключевые скользящие средние вниз на аномально высоком объеме продаж. Краткосрочный тренд сменился на нисходящий, что создает крайне неблагоприятную среду для открытия LONG позиций по альтам. Риск дальнейшего снижения BTC очень высок. (conf: 10%)","None","None","None"
"b657e55d","2025-10-25T18:14:56.641915+00:00","APEUSDT","Ranging V4.1","RSI Cross Down from Overbought (54.7)","short","True","BTC STRONG_UP -> allow","45","65.0","REJECTED","Низкая уверенность AI: 45% < 65.0%","None","None","None"
"8fff1c80","2025-10-25T18:15:14.094600+00:00","SOLUSDT","Ranging V4.1","RSI Cross Down from Overbought (59.0)","short","True","BTC STRONG_UP -> allow","35","65.0","REJECTED","Низкая уверенность AI: 35% < 65.0%","None","None","None"
"ab814547","2025-10-25T18:15:20.160693+00:00","ANKRUSDT","Ranging V4.1","BB Low Touch or RSI Cross Up (46.2)","long","True","BTC STRONG_UP -> allow","45","62.0","REJECTED","Низкая уверенность AI: 45% < 62.0%","None","None","None"
"03d21518","2025-10-25T18:14:58.947358+00:00","SUSHIUSDT","Trending_AI_Filtered","Pullback to EMA20","long","None","None","None","None","REJECTED","Gemini отклонил сделку (уверенность 35% < порога 65.0%)","None","None","None"
"4e45041a","2025-10-25T18:15:26.950176+00:00","ADAUSDT","Ranging V4.1","RSI Cross Down from Overbought (60.2)","short","True","BTC STRONG_UP -> allow","35","62.0","REJECTED","Низкая уверенность AI: 35% < 62.0%","None","None","None"
"0eb371cf","2025-10-25T18:15:53.085266+00:00","ENJUSDT","Ranging V4.1","RSI Cross Down from Overbought (61.6)","short","True","BTC STRONG_UP -> allow","35","65.0","REJECTED","Низкая уверенность AI: 35% < 65.0%","None","None","None"
"516504a8","2025-10-25T18:15:15.421036+00:00","FETUSDT","Trending_AI_Filtered","Pullback to EMA20","long","None","None","85","65.0","EXECUTED","None","0.2603","0.25686","0.26662"
"45c60539","2025-10-25T18:15:21.287513+00:00","TRXUSDT","Pullback Engine","EMA20 retest, RSI=47.6, OFI=-34.6, OBI=-0.33","short","None","None","None","None","REJECTED","BTC state=UP, p_up=1.00","None","None","None"
"74b9f943","2025-10-25T18:15:47.487927+00:00","IMXUSDT","Trending_AI_Filtered","Pullback to EMA20","long","None","None","85","67.0","EXECUTED","None","0.5375","0.52966","0.55277"
"3836afe0","2025-10-25T18:29:56.718800+00:00","APEUSDT","Ranging V4.1","RSI Cross Down from Overbought (58.2)","short","True","BTC STRONG_UP -> allow","35","65.0","REJECTED","Низкая уверенность AI: 35% < 65.0%","None","None","None"
"75c11012","2025-10-25T18:29:56.512891+00:00","SOLUSDT","Ranging V4.1","RSI Cross Down from Overbought (64.7)","short","True","BTC STRONG_UP -> allow","35","65.0","REJECTED","Низкая уверенность AI: 35% < 65.0%","None","None","None"
"e6ef9491","2025-10-25T18:30:03.849120+00:00","BCHUSDT","Pullback Engine","EMA20 retest, RSI=53.3, OFI=100.0, OBI=0.80","long","None","None","None","None","REJECTED","Достигнут лимит позиций (4/4)","None","None","None"
"55810534","2025-10-25T18:30:02.320862+00:00","LINKUSDT","Ranging V4.1","RSI Cross Down from Overbought (60.5)","short","True","BTC STRONG_UP -> allow","45","62.0","REJECTED","Низкая уверенность AI: 45% < 62.0%","None","None","None"
"60d0d691","2025-10-25T18:30:26.929658+00:00","ADAUSDT","Ranging V4.1","RSI Cross Down from Overbought (64.8)","short","True","BTC STRONG_UP -> allow","35","62.0","REJECTED","Низкая уверенность AI: 35% < 62.0%","None","None","None"
"a02dd6ab","2025-10-25T18:30:26.353196+00:00","APTUSDT","Ranging V4.1","RSI Cross Down from Overbought (56.8)","short","True","BTC STRONG_UP -> allow","45","62.0","REJECTED","Низкая уверенность AI: 45% < 62.0%","None","None","None"
"14d89683","2025-10-25T18:30:28.011944+00:00","ICPUSDT","Ranging V4.1","RSI Cross Down from Overbought (56.5)","short","True","BTC STRONG_UP -> allow","35","62.0","REJECTED","Низкая уверенность AI: 35% < 62.0%","None","None","None"
"01f3a956","2025-10-25T18:30:31.283446+00:00","DOGEUSDT","Ranging V4.1","RSI Cross Down from Overbought (56.6)","short","True","BTC STRONG_UP -> allow","35","65.0","REJECTED","Низкая уверенность AI: 35% < 65.0%","None","None","None"
"50f20475","2025-10-25T18:30:35.898106+00:00","LTCUSDT","Ranging V4.1","RSI Cross Down from Overbought (63.6)","short","True","BTC STRONG_UP -> allow","45","62.0","REJECTED","Низкая уверенность AI: 45% < 62.0%","None","None","None"
"59cf88eb","2025-10-25T18:30:42.080777+00:00","ANKRUSDT","Pullback Engine","EMA20 retest, RSI=52.1, OFI=0.4, OBI=0.25","long","None","None","None","None","REJECTED","Достигнут лимит позиций (4/4)","None","None","None"
"9862f58c","2025-10-25T18:30:38.932329+00:00","ARBUSDT","Ranging V4.1","RSI Cross Down from Overbought (59.9)","short","True","BTC STRONG_UP -> allow","45","62.0","REJECTED","Низкая уверенность AI: 45% < 62.0%","None","None","None"
"3a4ad939","2025-10-25T18:44:58.450917+00:00","DOGEUSDT","Ranging V4.1","RSI Cross Down from Overbought (61.8)","short","True","BTC STRONG_UP -> allow","35","65.0","REJECTED","Низкая уверенность AI: 35% < 65.0%","None","None","None"
"bfe0177f","2025-10-25T18:45:21.098459+00:00","ENAUSDT","Ranging V4.1","RSI Cross Down from Overbought (58.6)","short","True","BTC STRONG_UP -> allow","45","65.0","REJECTED","Низкая уверенность AI: 45% < 65.0%","None","None","None"
"9111118c","2025-10-25T18:45:23.239389+00:00","ICPUSDT","Ranging V4.1","RSI Cross Down from Overbought (61.1)","short","True","BTC STRONG_UP -> allow","45","62.0","REJECTED","Низкая уверенность AI: 45% < 62.0%","None","None","None"
"12ee308e","2025-10-25T18:45:23.419637+00:00","LINKUSDT","Ranging V4.1","RSI Cross Down from Overbought (65.2)","short","True","BTC STRONG_UP -> allow","45","62.0","REJECTED","Низкая уверенность AI: 45% < 62.0%","None","None","None"
"2d0025d3","2025-10-25T18:45:24.362095+00:00","ADAUSDT","Ranging V4.1","RSI Cross Down from Overbought (67.9)","short","True","BTC STRONG_UP -> allow","35","65.0","REJECTED","Низкая уверенность AI: 35% < 65.0%","None","None","None"
"74a91238","2025-10-25T18:45:27.246387+00:00","INJUSDT","Ranging V4.1","RSI Cross Down from Overbought (60.2)","short","True","BTC STRONG_UP -> allow","45","62.0","REJECTED","Низкая уверенность AI: 45% < 62.0%","None","None","None"
"696969cd","2025-10-25T18:45:29.259050+00:00","LTCUSDT","Ranging V4.1","RSI Cross Down from Overbought (66.8)","short","True","BTC STRONG_UP -> allow","35","62.0","REJECTED","Низкая уверенность AI: 35% < 62.0%","None","None","None"
"683e27d6","2025-10-25T18:45:30.970836+00:00","APTUSDT","Ranging V4.1","RSI Cross Down from Overbought (57.9)","short","True","BTC STRONG_UP -> allow","45","62.0","REJECTED","Низкая уверенность AI: 45% < 62.0%","None","None","None"
"65fb8445","2025-10-25T18:45:30.794716+00:00","ARBUSDT","Ranging V4.1","RSI Cross Down from Overbought (66.0)","short","True","BTC STRONG_UP -> allow","45","62.0","REJECTED","Низкая уверенность AI: 45% < 62.0%","None","None","None"
"183bd9b8","2025-10-25T18:45:33.697781+00:00","SUSHIUSDT","Ranging V4.1","RSI Cross Down from Overbought (62.6)","short","True","BTC STRONG_UP -> allow","45","65.0","REJECTED","Низкая уверенность AI: 45% < 65.0%","None","None","None"
"8c8f7175","2025-10-25T18:45:36.868549+00:00","SOLUSDT","Ranging V4.1","RSI Cross Down from Overbought (65.2)","short","True","BTC STRONG_UP -> allow","45","65.0","REJECTED","Низкая уверенность AI: 45% < 65.0%","None","None","None"
"23441309","2025-10-25T18:45:38.850736+00:00","FILUSDT","Ranging V4.1","RSI Cross Down from Overbought (60.9)","short","True","BTC STRONG_UP -> allow","45","62.0","REJECTED","Низкая уверенность AI: 45% < 62.0%","None","None","None"
"3c6c6eed","2025-10-25T18:45:43.698610+00:00","TRXUSDT","Pullback Engine","EMA20 retest, RSI=49.3, OFI=-15.5, OBI=-0.19","short","None","None","None","None","REJECTED","BTC state=UP, p_up=1.00","None","None","None"
"3f84be65","2025-10-25T18:45:40.362486+00:00","ANKRUSDT","Ranging V4.1","RSI Cross Down from Overbought (59.3)","short","True","BTC STRONG_UP -> allow","45","62.0","REJECTED","Низкая уверенность AI: 45% < 62.0%","None","None","None"
"8c0c8cea","2025-10-25T18:45:42.914770+00:00","ATOMUSDT","Ranging V4.1","RSI Cross Down from Overbought (58.9)","short","True","BTC STRONG_UP -> allow","35","62.0","REJECTED","Низкая уверенность AI: 35% < 62.0%","None","None","None"
"93cfccd7","2025-10-25T18:45:45.145863+00:00","APEUSDT","Ranging V4.1","RSI Cross Down from Overbought (62.0)","short","True","BTC STRONG_UP -> allow","55","65.0","REJECTED","Низкая уверенность AI: 55% < 65.0%","None","None","None"
"a960b5bc","2025-10-25T18:59:56.347258+00:00","DOGEUSDT","Ranging V4.1","RSI Cross Down from Overbought (61.3)","short","True","BTC STRONG_UP -> allow","35","65.0","REJECTED","Низкая уверенность AI: 35% < 65.0%","None","None","None"
"ce1912b3","2025-10-25T18:59:56.589030+00:00","APEUSDT","Ranging V4.1","RSI Cross Down from Overbought (59.8)","short","True","BTC STRONG_UP -> allow","55","65.0","REJECTED","Низкая уверенность AI: 55% < 65.0%","None","None","None"
"0ce6003c","2025-10-25T18:59:56.492285+00:00","ARBUSDT","Ranging V4.1","RSI Cross Down from Overbought (66.5)","short","True","BTC STRONG_UP -> allow","35","62.0","REJECTED","Низкая уверенность AI: 35% < 62.0%","None","None","None"
"a5dc27e8","2025-10-25T18:59:59.097861+00:00","TRXUSDT","Ranging V4.1","BB Low Touch or RSI Cross Up (44.1)","long","True","BTC STRONG_UP -> allow","55","62.0","REJECTED","Низкая уверенность AI: 55% < 62.0%","None","None","None"
"77bafd4c","2025-10-25T19:00:07.776247+00:00","INJUSDT","Ranging V4.1","RSI Cross Down from Overbought (58.9)","short","True","BTC STRONG_UP -> allow","35","62.0","REJECTED","Низкая уверенность AI: 35% < 62.0%","None","None","None"
"2fb12a12","2025-10-25T19:00:09.401381+00:00","LTCUSDT","Ranging V4.1","RSI Cross Down from Overbought (68.9)","short","True","BTC STRONG_UP -> allow","35","65.0","REJECTED","Низкая уверенность AI: 35% < 65.0%","None","None","None"
"3017511d","2025-10-25T19:00:12.825720+00:00","ANKRUSDT","Ranging V4.1","RSI Cross Down from Overbought (56.3)","short","True","BTC STRONG_UP -> allow","35","62.0","REJECTED","Низкая уверенность AI: 35% < 62.0%","None","None","None"
"11ae3660","2025-10-25T19:00:12.609186+00:00","ICPUSDT","Ranging V4.1","RSI Cross Down from Overbought (57.1)","short","True","BTC STRONG_UP -> allow","35","62.0","REJECTED","Низкая уверенность AI: 35% < 62.0%","None","None","None"
"2559918d","2025-10-25T19:00:14.132874+00:00","FILUSDT","Ranging V4.1","RSI Cross Down from Overbought (60.9)","short","True","BTC STRONG_UP -> allow","45","62.0","REJECTED","Низкая уверенность AI: 45% < 62.0%","None","None","None"
"a30621a9","2025-10-25T19:00:17.772717+00:00","LINKUSDT","Ranging V4.1","RSI Cross Down from Overbought (66.2)","short","True","BTC STRONG_UP -> allow","45","65.0","REJECTED","Низкая уверенность AI: 45% < 65.0%","None","None","None"
"7abc3feb","2025-10-25T19:00:19.532965+00:00","ADAUSDT","Ranging V4.1","RSI Cross Down from Overbought (66.2)","short","True","BTC STRONG_UP -> allow","35","65.0","REJECTED","Низкая уверенность AI: 35% < 65.0%","None","None","None"
"88a33d08","2025-10-25T19:00:22.834643+00:00","APTUSDT","Ranging V4.1","RSI Cross Down from Overbought (58.5)","short","True","BTC STRONG_UP -> allow","35","65.0","REJECTED","Низкая уверенность AI: 35% < 65.0%","None","None","None"
"85b44057","2025-10-25T19:14:56.284823+00:00","APEUSDT","Ranging V4.1","RSI Cross Down from Overbought (57.7)","short","True","BTC STRONG_UP -> allow","45","65.0","REJECTED","Низкая уверенность AI: 45% < 65.0%","None","None","None"
"a6b6bdb9","2025-10-25T19:15:01.737995+00:00","APTUSDT","Ranging V4.1","RSI Cross Down from Overbought (59.0)","short","True","BTC STRONG_UP -> allow","45","65.0","REJECTED","Низкая уверенность AI: 45% < 65.0%","None","None","None"
"b14cc780","2025-10-25T19:15:08.380219+00:00","BCHUSDT","Pullback Engine","EMA20 retest, RSI=48.8, OFI=44.5, OBI=0.17","long","None","None","None","None","REJECTED","Достигнут лимит позиций (4/4)","None","None","None"
"de5fe70f","2025-10-25T19:15:04.345266+00:00","LINKUSDT","Ranging V4.1","RSI Cross Down from Overbought (62.3)","short","True","BTC STRONG_UP -> allow","45","65.0","REJECTED","Низкая уверенность AI: 45% < 65.0%","None","None","None"
"abed45a3","2025-10-25T19:15:05.227148+00:00","FILUSDT","Ranging V4.1","RSI Cross Down from Overbought (53.7)","short","True","BTC STRONG_UP -> allow","35","62.0","REJECTED","Низкая уверенность AI: 35% < 62.0%","None","None","None"
"dabef797","2025-10-25T19:15:08.272955+00:00","ICPUSDT","Ranging V4.1","RSI Cross Down from Overbought (52.5)","short","True","BTC STRONG_UP -> allow","35","62.0","REJECTED","Низкая уверенность AI: 35% < 62.0%","None","None","None"
"9c085422","2025-10-25T19:15:30.587278+00:00","FILUSDT","Pullback Engine","EMA20 retest, RSI=53.7, OFI=11.3, OBI=0.20","long","None","None","None","None","REJECTED","Достигнут лимит позиций (4/4)","None","None","None"
"ba27519e","2025-10-25T19:15:30.798852+00:00","ARBUSDT","Ranging V4.1","RSI Cross Down from Overbought (62.8)","short","True","BTC STRONG_UP -> allow","35","62.0","REJECTED","Низкая уверенность AI: 35% < 62.0%","None","None","None"
"90afeb26","2025-10-25T19:15:57.785815+00:00","ANKRUSDT","Pullback Engine","EMA20 retest, RSI=50.7, OFI=6.8, OBI=0.26","long","None","None","None","None","REJECTED","Достигнут лимит позиций (4/4)","None","None","None"
"3a183809","2025-10-25T19:15:53.218570+00:00","LTCUSDT","Ranging V4.1","RSI Cross Down from Overbought (68.4)","short","True","BTC STRONG_UP -> allow","45","65.0","REJECTED","Низкая уверенность AI: 45% < 65.0%","None","None","None"
"3f500d65","2025-10-25T19:29:58.498659+00:00","APTUSDT","Ranging V4.1","RSI Cross Down from Overbought (61.5)","short","True","BTC STRONG_UP -> allow","45","65.0","REJECTED","Низкая уверенность AI: 45% < 65.0%","None","None","None"
"6bd4f5bd","2025-10-25T19:30:01.824568+00:00","LINKUSDT","Ranging V4.1","RSI Cross Down from Overbought (65.8)","short","True","BTC STRONG_UP -> allow","45","65.0","REJECTED","Низкая уверенность AI: 45% < 65.0%","None","None","None"
"d33271ec","2025-10-25T19:30:09.746692+00:00","BCHUSDT","Pullback Engine","EMA20 retest, RSI=52.8, OFI=76.8, OBI=0.22","long","None","None","None","None","REJECTED","Достигнут лимит позиций (4/4)","None","None","None"
"e7817336","2025-10-25T19:30:08.399756+00:00","TRXUSDT","Ranging V4.1","RSI Cross Down from Overbought (59.7)","short","True","BTC STRONG_UP -> allow","45","62.0","REJECTED","Низкая уверенность AI: 45% < 62.0%","None","None","None"
"0b54532a","2025-10-25T19:30:09.237267+00:00","ENAUSDT","Ranging V4.1","RSI Cross Down from Overbought (60.7)","short","True","BTC STRONG_UP -> allow","45","65.0","REJECTED","Низкая уверенность AI: 45% < 65.0%","None","None","None"
"dce703ed","2025-10-25T19:30:33.439803+00:00","LTCUSDT","Ranging V4.1","RSI Cross Down from Overbought (71.5)","short","True","BTC STRONG_UP -> allow","45","65.0","REJECTED","Низкая уверенность AI: 45% < 65.0%","None","None","None"
"53008c28","2025-10-25T19:44:56.159315+00:00","APEUSDT","Ranging V4.1","RSI Cross Down from Overbought (68.9)","short","True","BTC STRONG_UP -> allow","55","65.0","REJECTED","Низкая уверенность AI: 55% < 65.0%","None","None","None"
"b6a58b94","2025-10-25T19:45:01.179731+00:00","BCHUSDT","Pullback Engine","EMA20 retest, RSI=52.0, OFI=45.2, OBI=-0.10","long","None","None","None","None","REJECTED","Достигнут лимит позиций (4/4)","None","None","None"
"1013c03a","2025-10-25T19:44:59.951892+00:00","ENAUSDT","Ranging V4.1","RSI Cross Down from Overbought (61.0)","short","True","BTC STRONG_UP -> allow","35","65.0","REJECTED","Низкая уверенность AI: 35% < 65.0%","None","None","None"
"cfcf01b0","2025-10-25T19:45:23.588446+00:00","LINKUSDT","Ranging V4.1","RSI Cross Down from Overbought (68.6)","short","True","BTC STRONG_UP -> allow","45","65.0","REJECTED","Низкая уверенность AI: 45% < 65.0%","None","None","None"
"78b580ce","2025-10-25T19:45:28.243987+00:00","FILUSDT","Ranging V4.1","RSI Cross Down from Overbought (55.1)","short","True","BTC STRONG_UP -> allow","45","62.0","REJECTED","Низкая уверенность AI: 45% < 62.0%","None","None","None"
"bff6b4e4","2025-10-25T19:45:31.328909+00:00","TRXUSDT","Ranging V4.1","RSI Cross Down from Overbought (61.8)","short","True","BTC STRONG_UP -> allow","45","62.0","REJECTED","Низкая уверенность AI: 45% < 62.0%","None","None","None"
"0acb208c","2025-10-25T19:45:36.642642+00:00","ANKRUSDT","Pullback Engine","EMA20 retest, RSI=53.2, OFI=4.5, OBI=0.24","long","None","None","None","None","REJECTED","Достигнут лимит позиций (4/4)","None","None","None"
"1ff9b22d","2025-10-25T19:59:57.407271+00:00","XRPUSDT","Pullback Engine","EMA20 retest, RSI=51.6, OFI=17.9, OBI=0.04","long","None","None","None","None","REJECTED","Достигнут лимит позиций (4/4)","None","None","None"
"8289b36a","2025-10-25T20:00:19.057306+00:00","DOGEUSDT","Pullback Engine","EMA20 retest, RSI=51.8, OFI=-23.0, OBI=0.02","short","None","None","None","None","REJECTED","BTC state=UP, p_up=1.00","None","None","None"
"4811bb48","2025-10-25T20:00:22.961754+00:00","ENAUSDT","Ranging V4.1","RSI Cross Down from Overbought (62.1)","short","True","BTC STRONG_UP -> allow","35","65.0","REJECTED","Низкая уверенность AI: 35% < 65.0%","None","None","None"
"1333787e","2025-10-25T20:00:28.048747+00:00","TRXUSDT","Ranging V4.1","RSI Cross Down from Overbought (62.1)","short","True","BTC STRONG_UP -> allow","65","62.0","REJECTED","Отклонено фильтром качества: Низкий объем для режима 'Тренд' (1316429 < 80% от avg 2586694).","None","None","None"
"ea8c3d80","2025-10-25T20:00:36.221232+00:00","ANKRUSDT","Pullback Engine","EMA20 retest, RSI=53.2, OFI=11.5, OBI=0.18","long","None","None","None","None","REJECTED","Достигнут лимит позиций (4/4)","None","None","None"
"06c0ecbc","2025-10-25T20:14:58.585624+00:00","ICPUSDT","Ranging V4.1","RSI Cross Down from Overbought (63.2)","short","True","BTC STRONG_UP -> allow","35","62.0","REJECTED","Низкая уверенность AI: 35% < 62.0%","None","None","None"
"dbac08a0","2025-10-25T20:15:26.332948+00:00","FILUSDT","Pullback Engine","EMA20 retest, RSI=54.2, OFI=10.8, OBI=0.21","long","None","None","None","None","REJECTED","Достигнут лимит позиций (4/4)","None","None","None"
"92b58ab0","2025-10-25T20:15:47.603062+00:00","TRXUSDT","Ranging V4.1","RSI Cross Down from Overbought (51.5)","short","True","BTC STRONG_UP -> allow","45","62.0","REJECTED","Низкая уверенность AI: 45% < 62.0%","None","None","None"
"a6e075aa","2025-10-25T20:15:52.031151+00:00","ANKRUSDT","Ranging V4.1","RSI Cross Down from Overbought (60.7)","short","True","BTC STRONG_UP -> allow","15","62.0","REJECTED","Низкая уверенность AI: 15% < 62.0%","None","None","None"
"eeb25573","2025-10-25T20:27:37.958348+00:00","FILUSDT","Pullback Engine","EMA20 retest, RSI=54.2, OFI=6.1, OBI=0.24","long","None","None","None","None","REJECTED","BTC state=DOWN, p_up=0.20","None","None","None"
"8df341a9","2025-10-25T20:27:38.083380+00:00","DOGEUSDT","Pullback Engine","EMA20 retest, RSI=49.0, OFI=-13.4, OBI=-0.15","short","None","None","None","None","REJECTED","Достигнут лимит позиций (4/4)","None","None","None"
"63daa477","2025-10-25T20:27:32.760209+00:00","ICPUSDT","Ranging V4.1","RSI Cross Down from Overbought (62.2)","short","True","BTC STRONG_UP -> allow","35","62.0","REJECTED","Низкая уверенность AI: 35% < 62.0%","None","None","None"

"93c2d5c6","2025-10-25T20:27:38.104442+00:00","TRXUSDT","Pullback Engine","EMA20 retest, RSI=49.4, OFI=3.9, OBI=-0.26","short","None","None","None","None","REJECTED","Достигнут лимит позиций (4/4)","None","None","None"
"a30d6f84","2025-10-25T20:27:38.164455+00:00","BNBUSDT","Pullback Engine","EMA20 retest, RSI=53.1, OFI=53.5, OBI=0.35","long","None","None","None","None","REJECTED","BTC state=DOWN, p_up=0.01","None","None","None"
"dac6b7d6","2025-10-25T20:30:01.452887+00:00","DOGEUSDT","Pullback Engine","EMA20 retest, RSI=48.8, OFI=-43.0, OBI=-0.31","short","None","None","None","None","REJECTED","Достигнут лимит позиций (4/4)","None","None","None"
"65505872","2025-10-25T20:30:31.883384+00:00","TRXUSDT","Pullback Engine","EMA20 retest, RSI=49.6, OFI=24.7, OBI=-0.66","short","None","None","None","None","REJECTED","Достигнут лимит позиций (4/4)","None","None","None"
"96a744e6","2025-10-25T20:30:31.225465+00:00","ICPUSDT","Ranging V4.1","RSI Cross Down from Overbought (61.3)","short","True","BTC STRONG_UP -> allow","35","62.0","REJECTED","Низкая уверенность AI: 35% < 62.0%","None","None","None"
"9fda976b","2025-10-25T20:30:31.421553+00:00","ENAUSDT","Ranging V4.1","RSI Cross Down from Overbought (67.2)","short","True","BTC STRONG_UP -> allow","35","65.0","REJECTED","Низкая уверенность AI: 35% < 65.0%","None","None","None"
"c8b783c1","2025-10-25T20:30:54.412649+00:00","ONEUSDT","Trending_AI_Filtered","Pullback to EMA20","long","None","None","None","None","REJECTED","BTC state=DOWN, p_up=0.00","None","None","None"
"2682768c","2025-10-25T20:30:56.074152+00:00","FILUSDT","Pullback Engine","EMA20 retest, RSI=54.2, OFI=-5.1, OBI=0.28","long","None","None","None","None","REJECTED","BTC state=DOWN, p_up=0.00","None","None","None"
"899e25db","2025-10-25T20:30:55.906447+00:00","ANKRUSDT","Ranging V4.1","RSI Cross Down from Overbought (62.8)","short","True","BTC STRONG_UP -> allow","35","62.0","REJECTED","Низкая уверенность AI: 35% < 62.0%","None","None","None"
"93124ac5","2025-10-25T20:45:03.382663+00:00","NEARUSDT","Trending_AI_Filtered","Pullback to EMA20","long","None","None","None","None","REJECTED","BTC state=DOWN, p_up=0.00","None","None","None"
"4e3ea278","2025-10-25T20:45:03.911419+00:00","ARBUSDT","Trending_AI_Filtered","Pullback to EMA20","long","None","None","None","None","REJECTED","BTC state=DOWN, p_up=0.00","None","None","None"
"eb9a15df","2025-10-25T20:45:05.204774+00:00","XRPUSDT","Pullback Engine","EMA20 retest, RSI=51.4, OFI=36.4, OBI=0.39","long","None","None","None","None","REJECTED","BTC state=DOWN, p_up=0.00","None","None","None"
"e6d72573","2025-10-25T20:45:04.622606+00:00","ANKRUSDT","Ranging V4.1","RSI Cross Down from Overbought (56.2)","short","True","BTC STRONG_UP -> allow","40","62.0","REJECTED","Низкая уверенность AI: 40% < 62.0%","None","None","None"
"96b6f133","2025-10-25T20:45:08.244192+00:00","BCHUSDT","Pullback Engine","EMA20 retest, RSI=52.4, OFI=19.3, OBI=-0.26","long","None","None","None","None","REJECTED","BTC state=DOWN, p_up=0.00","None","None","None"
"aaa488ef","2025-10-25T20:45:09.251481+00:00","FILUSDT","Pullback Engine","EMA20 retest, RSI=52.2, OFI=18.4, OBI=0.21","long","None","None","None","None","REJECTED","BTC state=DOWN, p_up=0.00","None","None","None"
"2df0f73d","2025-10-25T20:45:13.142608+00:00","ATOMUSDT","Pullback Engine","EMA20 retest, RSI=49.3, OFI=11.7, OBI=0.15","long","None","None","None","None","REJECTED","BTC state=DOWN, p_up=0.00","None","None","None"
"decbd05d","2025-10-25T20:45:10.642076+00:00","ENAUSDT","Ranging V4.1","RSI Cross Down from Overbought (61.7)","short","True","BTC STRONG_UP -> allow","45","65.0","REJECTED","Низкая уверенность AI: 45% < 65.0%","None","None","None"
"48f35a70","2025-10-25T20:45:14.539753+00:00","ETHUSDT","Trending_AI_Filtered","Pullback to EMA20","long","None","None","None","None","REJECTED","BTC state=DOWN, p_up=0.00","None","None","None"
"9980542a","2025-10-25T20:45:17.317546+00:00","APTUSDT","Pullback Engine","EMA20 retest, RSI=53.9, OFI=58.0, OBI=0.28","long","None","None","None","None","REJECTED","BTC state=DOWN, p_up=0.00","None","None","None"
"30cca4b7","2025-10-25T20:45:17.464264+00:00","OPUSDT","Trending_AI_Filtered","Pullback to EMA20","long","None","None","None","None","REJECTED","BTC state=DOWN, p_up=0.00","None","None","None"
"5b95ca7f","2025-10-25T20:45:19.004332+00:00","APTUSDT","Trending_AI_Filtered","Pullback to EMA20","long","None","None","None","None","REJECTED","BTC state=DOWN, p_up=0.00","None","None","None"
"24276362","2025-10-25T20:45:19.645001+00:00","SUSHIUSDT","Pullback Engine","EMA20 retest, RSI=53.8, OFI=6.0, OBI=0.15","long","None","None","None","None","REJECTED","BTC state=DOWN, p_up=0.00","None","None","None"
"0245f53a","2025-10-25T20:45:21.000897+00:00","SUSHIUSDT","Trending_AI_Filtered","Pullback to EMA20","long","None","None","None","None","REJECTED","BTC state=DOWN, p_up=0.00","None","None","None"
"592759b4","2025-10-25T20:45:22.165266+00:00","ADAUSDT","Trending_AI_Filtered","Pullback to EMA20","long","None","None","None","None","REJECTED","BTC state=DOWN, p_up=0.00","None","None","None"
"3f562132","2025-10-25T20:45:22.745448+00:00","LINKUSDT","Trending_AI_Filtered","Pullback to EMA20","long","None","None","None","None","REJECTED","BTC state=DOWN, p_up=0.00","None","None","None"
"7eee4c47","2025-10-25T20:45:25.120524+00:00","ALGOUSDT","Trending_AI_Filtered","Pullback to EMA20","long","None","None","None","None","REJECTED","BTC state=DOWN, p_up=0.00","None","None","None"
"ef287e83","2025-10-25T20:45:26.353776+00:00","LTCUSDT","Trending_AI_Filtered","Pullback to EMA20","long","None","None","None","None","REJECTED","BTC state=DOWN, p_up=0.00","None","None","None"
"03a3af25","2025-10-25T20:45:23.463581+00:00","ICPUSDT","Ranging V4.1","RSI Cross Down from Overbought (63.1)","short","True","BTC STRONG_UP -> allow","35","62.0","REJECTED","Низкая уверенность AI: 35% < 62.0%","None","None","None"
"adbca732","2025-10-25T21:00:05.020832+00:00","ADAUSDT","Pullback Engine","EMA20 retest, RSI=50.6, OFI=21.0, OBI=-0.03","long","None","None","None","None","REJECTED","BTC state=DOWN, p_up=0.00","None","None","None"
"8ff8a117","2025-10-25T21:00:07.353969+00:00","LINKUSDT","Pullback Engine","EMA20 retest, RSI=51.0, OFI=34.1, OBI=0.16","long","None","None","None","None","REJECTED","BTC state=DOWN, p_up=0.00","None","None","None"
"9d8383a2","2025-10-25T21:00:07.535161+00:00","HBARUSDT","Trending_AI_Filtered","Pullback to EMA20","long","None","None","None","None","REJECTED","BTC state=DOWN, p_up=0.00","None","None","None"
"1f3bd36e","2025-10-25T21:00:13.571978+00:00","APTUSDT","Pullback Engine","EMA20 retest, RSI=49.7, OFI=69.8, OBI=0.04","long","None","None","None","None","REJECTED","BTC state=DOWN, p_up=0.00","None","None","None"
"2db32b22","2025-10-25T21:00:10.311175+00:00","ENAUSDT","Ranging V4.1","RSI Cross Down from Overbought (58.3)","short","True","BTC STRONG_UP -> allow","35","65.0","REJECTED","Низкая уверенность AI: 35% < 65.0%","None","None","None"
"91cf697e","2025-10-25T21:00:18.323153+00:00","ANKRUSDT","Pullback Engine","EMA20 retest, RSI=53.2, OFI=9.9, OBI=0.24","long","None","None","None","None","REJECTED","BTC state=DOWN, p_up=0.00","None","None","None"
"911726df","2025-10-25T21:15:24.457447+00:00","APTUSDT","Trending_AI_Filtered","Pullback to EMA20","long","None","None","None","None","REJECTED","BTC state=DOWN, p_up=0.00","None","None","None"
"3f6a7102","2025-10-25T21:15:25.074195+00:00","FILUSDT","Pullback Engine","EMA20 retest, RSI=48.6, OFI=2.3, OBI=0.26","long","None","None","None","None","REJECTED","BTC state=DOWN, p_up=0.00","None","None","None"
"b589d93c","2025-10-25T21:15:28.634087+00:00","SUIUSDT","Trending_AI_Filtered","Pullback to EMA20","long","None","None","None","None","REJECTED","BTC state=DOWN, p_up=0.00","None","None","None"
"e2731b1f","2025-10-25T21:15:29.147715+00:00","INJUSDT","Pullback Engine","EMA20 retest, RSI=50.9, OFI=54.2, OBI=0.41","long","None","None","None","None","REJECTED","BTC state=DOWN, p_up=0.00","None","None","None"
"1e3a17b2","2025-10-25T21:15:29.248961+00:00","SUSHIUSDT","Trending_AI_Filtered","Pullback to EMA20","long","None","None","None","None","REJECTED","BTC state=DOWN, p_up=0.00","None","None","None"
"db701204","2025-10-25T21:15:35.759115+00:00","NEARUSDT","Trending_AI_Filtered","Pullback to EMA20","long","None","None","None","None","REJECTED","BTC state=DOWN, p_up=0.00","None","None","None"
"8e39472e","2025-10-25T21:15:36.322962+00:00","ARBUSDT","Trending_AI_Filtered","Pullback to EMA20","long","None","None","None","None","REJECTED","BTC state=DOWN, p_up=0.00","None","None","None"
"feb7818a","2025-10-25T21:15:33.600609+00:00","ICPUSDT","Ranging V4.1","RSI Cross Down from Overbought (64.6)","short","True","BTC STRONG_UP -> allow","45","62.0","REJECTED","Низкая уверенность AI: 45% < 62.0%","None","None","None"
"a3d16725","2025-10-25T21:15:38.210591+00:00","ONEUSDT","Trending_AI_Filtered","Pullback to EMA20","long","None","None","None","None","REJECTED","BTC state=DOWN, p_up=0.00","None","None","None"
"c890d172","2025-10-25T21:30:02.909907+00:00","APEUSDT","Pullback Engine","EMA20 retest, RSI=52.2, OFI=-20.6, OBI=-0.04","short","None","None","None","None","REJECTED","Достигнут лимит позиций (4/4)","None","None","None"
"8e316b97","2025-10-25T21:30:03.476203+00:00","SUIUSDT","Trending_AI_Filtered","Pullback to EMA20","long","None","None","None","None","REJECTED","BTC state=DOWN, p_up=0.00","None","None","None"
"fa92af78","2025-10-25T21:30:03.552458+00:00","ENJUSDT","Trending_AI_Filtered","Pullback to EMA20","long","None","None","None","None","REJECTED","BTC state=DOWN, p_up=0.00","None","None","None"
"e4351f70","2025-10-25T21:30:24.193612+00:00","SEIUSDT","Trending_AI_Filtered","Pullback to EMA20","long","None","None","None","None","REJECTED","BTC state=DOWN, p_up=0.00","None","None","None"
"09a4a027","2025-10-25T21:30:25.638535+00:00","ALGOUSDT","Pullback Engine","EMA20 retest, RSI=53.5, OFI=29.8, OBI=0.08","long","None","None","None","None","REJECTED","BTC state=DOWN, p_up=0.00","None","None","None"
"adfbc1c1","2025-10-25T21:30:26.835797+00:00","ARBUSDT","Trending_AI_Filtered","Pullback to EMA20","long","None","None","None","None","REJECTED","BTC state=DOWN, p_up=0.00","None","None","None"
"d1fc7bf8","2025-10-25T21:30:27.045274+00:00","ALGOUSDT","Trending_AI_Filtered","Pullback to EMA20","long","None","None","None","None","REJECTED","BTC state=DOWN, p_up=0.00","None","None","None"
"8c8fd626","2025-10-25T21:30:28.950515+00:00","XRPUSDT","Trending_AI_Filtered","Pullback to EMA20","long","None","None","None","None","REJECTED","BTC state=DOWN, p_up=0.00","None","None","None"
"2c037317","2025-10-25T21:30:30.505505+00:00","ANKRUSDT","Pullback Engine","EMA20 retest, RSI=49.9, OFI=6.5, OBI=0.24","long","None","None","None","None","REJECTED","BTC state=DOWN, p_up=0.00","None","None","None"
"bbb3669b","2025-10-25T21:30:31.149376+00:00","AVAXUSDT","Trending_AI_Filtered","Pullback to EMA20","long","None","None","None","None","REJECTED","BTC state=DOWN, p_up=0.00","None","None","None"
"994726aa","2025-10-25T21:30:27.540662+00:00","ENAUSDT","Ranging V4.1","RSI Cross Down from Overbought (68.3)","short","True","BTC STRONG_UP -> allow","45","65.0","REJECTED","Низкая уверенность AI: 45% < 65.0%","None","None","None"
"5a167e02","2025-10-25T21:30:32.654114+00:00","FILUSDT","Pullback Engine","EMA20 retest, RSI=48.6, OFI=4.2, OBI=0.26","long","None","None","None","None","REJECTED","BTC state=DOWN, p_up=0.00","None","None","None"
"d23a5454","2025-10-25T21:30:35.125269+00:00","INJUSDT","Pullback Engine","EMA20 retest, RSI=50.9, OFI=14.8, OBI=0.08","long","None","None","None","None","REJECTED","BTC state=DOWN, p_up=0.00","None","None","None"
"c3eb3861","2025-10-25T21:30:36.961229+00:00","APTUSDT","Trending_AI_Filtered","Pullback to EMA20","long","None","None","None","None","REJECTED","BTC state=DOWN, p_up=0.00","None","None","None"
"85bbf563","2025-10-25T21:30:38.531015+00:00","SUSHIUSDT","Pullback Engine","EMA20 retest, RSI=49.9, OFI=-22.6, OBI=0.25","long","None","None","None","None","REJECTED","BTC state=DOWN, p_up=0.00","None","None","None"
"1ec69e6c","2025-10-25T21:30:38.670543+00:00","NEARUSDT","Pullback Engine","EMA20 retest, RSI=52.1, OFI=-0.2, OBI=0.15","long","None","None","None","None","REJECTED","BTC state=DOWN, p_up=0.00","None","None","None"
"9a10c2c2","2025-10-25T21:30:39.095270+00:00","CHZUSDT","Pullback Engine","EMA20 retest, RSI=55.0, OFI=10.7, OBI=0.06","long","None","None","None","None","REJECTED","BTC state=DOWN, p_up=0.00","None","None","None"
"1bcf8f37","2025-10-25T21:30:40.027987+00:00","HBARUSDT","Trending_AI_Filtered","Pullback to EMA20","long","None","None","None","None","REJECTED","BTC state=DOWN, p_up=0.00","None","None","None"
"07e5769c","2025-10-25T21:30:41.094713+00:00","CHZUSDT","Trending_AI_Filtered","Pullback to EMA20","long","None","None","None","None","REJECTED","BTC state=DOWN, p_up=0.00","None","None","None"
"e3bd951b","2025-10-25T21:45:24.613747+00:00","SOLUSDT","Pullback Engine","EMA20 retest, RSI=53.5, OFI=37.2, OBI=0.18","long","None","None","None","None","REJECTED","BTC state=DOWN, p_up=0.00","None","None","None"
"d47f1a97","2025-10-25T21:45:23.916615+00:00","FILUSDT","Ranging V4.1","BB Low Touch or RSI Cross Up (41.4)","long","True","BTC STRONG_UP -> allow","45","62.0","REJECTED","Низкая уверенность AI: 45% < 62.0%","None","None","None"
"62503d4e","2025-10-25T21:45:36.110026+00:00","ETHUSDT","Pullback Engine","EMA20 retest, RSI=51.8, OFI=62.8, OBI=0.56","long","None","None","None","None","REJECTED","BTC state=DOWN, p_up=0.00","None","None","None"
"a39ebeb6","2025-10-25T21:45:38.192463+00:00","ETHUSDT","Trending_AI_Filtered","Pullback to EMA20","long","None","None","None","None","REJECTED","BTC state=DOWN, p_up=0.00","None","None","None"
"fc0c116d","2025-10-25T21:45:39.314614+00:00","SUSHIUSDT","Ranging V4.1","BB Low Touch or RSI Cross Up (43.3)","long","True","BTC STRONG_UP -> allow","45","65.0","REJECTED","Низкая уверенность AI: 45% < 65.0%","None","None","None"
"74234039","2025-10-25T21:45:43.020293+00:00","BCHUSDT","Ranging V4.1","BB Low Touch or RSI Cross Up (44.2)","long","True","BTC STRONG_UP -> allow","85","62.0","EXECUTED","None","505.71","503.02429","508.39571"
"4bb32445","2025-10-25T22:00:02.749408+00:00","ENJUSDT","Trending_AI_Filtered","Pullback to EMA20","long","None","None","None","None","REJECTED","BTC state=DOWN, p_up=0.00","None","None","None"
"147353c5","2025-10-25T21:59:59.851198+00:00","ADAUSDT","Ranging V4.1","BB Low Touch or RSI Cross Up (49.5)","long","True","BTC STRONG_UP -> allow","45","65.0","REJECTED","Низкая уверенность AI: 45% < 65.0%","None","None","None"
"842ad10a","2025-10-25T22:00:04.942505+00:00","HBARUSDT","Pullback Engine","EMA20 retest, RSI=52.2, OFI=50.3, OBI=0.26","long","None","None","None","None","REJECTED","BTC state=DOWN, p_up=0.00","None","None","None"
"d13091d2","2025-10-25T22:00:07.852431+00:00","CRVUSDT","Trending_AI_Filtered","Pullback to EMA20","long","None","None","None","None","REJECTED","BTC state=DOWN, p_up=0.00","None","None","None"
"90924e5a","2025-10-25T22:00:08.460768+00:00","ETHUSDT","Trending_AI_Filtered","Pullback to EMA20","long","None","None","None","None","REJECTED","BTC state=DOWN, p_up=0.00","None","None","None"
"3875b114","2025-10-25T22:00:11.479113+00:00","SOLUSDT","Trending_AI_Filtered","Pullback to EMA20","long","None","None","None","None","REJECTED","BTC state=DOWN, p_up=0.00","None","None","None"
"37786ffe","2025-10-25T22:00:12.351750+00:00","TIAUSDT","Trending_AI_Filtered","Pullback to EMA20","long","None","None","None","None","REJECTED","BTC state=DOWN, p_up=0.00","None","None","None"
"a46be6c0","2025-10-25T22:00:13.028140+00:00","LTCUSDT","Trending_AI_Filtered","Pullback to EMA20","long","None","None","None","None","REJECTED","BTC state=DOWN, p_up=0.00","None","None","None"
"606be2d0","2025-10-25T22:00:14.281303+00:00","APTUSDT","Pullback Engine","EMA20 retest, RSI=52.8, OFI=-1.5, OBI=0.16","long","None","None","None","None","REJECTED","BTC state=DOWN, p_up=0.00","None","None","None"
"317a393f","2025-10-25T22:00:12.901881+00:00","INJUSDT","Ranging V4.1","BB Low Touch or RSI Cross Up (46.4)","long","True","BTC STRONG_UP -> allow","45","62.0","REJECTED","Низкая уверенность AI: 45% < 62.0%","None","None","None"
"cbe7926c","2025-10-25T22:00:18.824111+00:00","ARBUSDT","Trending_AI_Filtered","Pullback to EMA20","long","None","None","None","None","REJECTED","BTC state=DOWN, p_up=0.00","None","None","None"
"521f3734","2025-10-25T22:00:17.012292+00:00","SUSHIUSDT","Ranging V4.1","BB Low Touch or RSI Cross Up (48.6)","long","True","BTC STRONG_UP -> allow","45","62.0","REJECTED","Низкая уверенность AI: 45% < 62.0%","None","None","None"
"4e8e3df9","2025-10-25T22:00:17.620511+00:00","FILUSDT","Ranging V4.1","BB Low Touch or RSI Cross Up (49.4)","long","True","BTC STRONG_UP -> allow","45","62.0","REJECTED","Низкая уверенность AI: 45% < 62.0%","None","None","None"
"89b4d13c","2025-10-25T22:00:23.905206+00:00","FILUSDT","Pullback Engine","EMA20 retest, RSI=49.4, OFI=12.4, OBI=0.11","long","None","None","None","None","REJECTED","BTC state=DOWN, p_up=0.00","None","None","None"
"94f4cd83","2025-10-25T22:15:01.238695+00:00","WIFUSDT","Pullback Engine","EMA20 retest, RSI=53.1, OFI=12.1, OBI=0.15","long","None","None","None","None","REJECTED","BTC state=DOWN, p_up=0.00","None","None","None"
"13fb28c9","2025-10-25T22:15:01.687472+00:00","AVAXUSDT","Trending_AI_Filtered","Pullback to EMA20","long","None","None","None","None","REJECTED","BTC state=DOWN, p_up=0.00","None","None","None"
"3cdfe566","2025-10-25T22:15:05.241465+00:00","ETHUSDT","Trending_AI_Filtered","Pullback to EMA20","long","None","None","None","None","REJECTED","BTC state=DOWN, p_up=0.00","None","None","None"
"b0d6f3d0","2025-10-25T22:15:06.125184+00:00","ONEUSDT","Pullback Engine","EMA20 retest, RSI=48.9, OFI=-0.6, OBI=0.18","long","None","None","None","None","REJECTED","BTC state=DOWN, p_up=0.00","None","None","None"
"e167ccbd","2025-10-25T22:15:02.446545+00:00","FILUSDT","Ranging V4.1","BB Low Touch or RSI Cross Up (41.8)","long","True","BTC STRONG_UP -> allow","45","62.0","REJECTED","Низкая уверенность AI: 45% < 62.0%","None","None","None"
"89453a09","2025-10-25T22:15:08.345734+00:00","TRXUSDT","Pullback Engine","EMA20 retest, RSI=49.1, OFI=-2.9, OBI=-0.37","short","None","None","None","None","REJECTED","Достигнут лимит позиций (5/4)","None","None","None"
"0e9fb82c","2025-10-25T22:15:34.766423+00:00","ICPUSDT","Pullback Engine","EMA20 retest, RSI=49.7, OFI=10.7, OBI=-0.06","long","None","None","None","None","REJECTED","BTC state=DOWN, p_up=0.00","None","None","None"
"8e14ba01","2025-10-25T22:15:35.652517+00:00","DOGEUSDT","Ranging V4.1","BB Low Touch or RSI Cross Up (41.2)","long","True","BTC STRONG_UP -> allow","45","62.0","REJECTED","Низкая уверенность AI: 45% < 62.0%","None","None","None"
"f87dcc3a","2025-10-25T22:15:35.480148+00:00","SUSHIUSDT","Ranging V4.1","BB Low Touch or RSI Cross Up (41.8)","long","True","BTC STRONG_UP -> allow","45","62.0","REJECTED","Низкая уверенность AI: 45% < 62.0%","None","None","None"
"133f1a4d","2025-10-25T22:15:36.770510+00:00","ADAUSDT","Ranging V4.1","BB Low Touch or RSI Cross Up (42.2)","long","True","BTC STRONG_UP -> allow","45","65.0","REJECTED","Низкая уверенность AI: 45% < 65.0%","None","None","None"
"cdb8626e","2025-10-25T22:15:43.506035+00:00","INJUSDT","Ranging V4.1","BB Low Touch or RSI Cross Up (38.1)","long","True","BTC STRONG_UP -> allow","45","62.0","REJECTED","Низкая уверенность AI: 45% < 62.0%","None","None","None"
"b5c5c8a9","2025-10-25T22:30:02.831975+00:00","BTCUSDT","Pullback Engine","EMA20 retest, RSI=50.5, OFI=99.6, OBI=0.91","long","None","None","None","None","REJECTED","BTC state=DOWN, p_up=0.00","None","None","None"
"621563c2","2025-10-25T22:30:05.802686+00:00","ONEUSDT","Pullback Engine","EMA20 retest, RSI=51.3, OFI=-0.9, OBI=0.19","long","None","None","None","None","REJECTED","BTC state=DOWN, p_up=0.00","None","None","None"
"7e6deb16","2025-10-25T22:30:01.596408+00:00","DOGEUSDT","Ranging V4.1","BB Low Touch or RSI Cross Up (40.7)","long","True","BTC STRONG_UP -> allow","45","62.0","REJECTED","Низкая уверенность AI: 45% < 62.0%","None","None","None"
"5611dc73","2025-10-25T22:30:06.705709+00:00","SEIUSDT","Pullback Engine","EMA20 retest, RSI=52.4, OFI=4.6, OBI=0.19","long","None","None","None","None","REJECTED","BTC state=DOWN, p_up=0.00","None","None","None"
"0726f7e2","2025-10-25T22:30:08.042109+00:00","SEIUSDT","Trending_AI_Filtered","Pullback to EMA20","long","None","None","None","None","REJECTED","BTC state=DOWN, p_up=0.00","None","None","None"
"2e3fc09a","2025-10-25T22:30:10.019673+00:00","LTCUSDT","Pullback Engine","EMA20 retest, RSI=53.4, OFI=18.0, OBI=0.04","long","None","None","None","None","REJECTED","BTC state=DOWN, p_up=0.00","None","None","None"
"8a24aafe","2025-10-25T22:30:10.226539+00:00","ETHUSDT","Trending_AI_Filtered","Pullback to EMA20","long","None","None","None","None","REJECTED","BTC state=DOWN, p_up=0.00","None","None","None"
"eea46037","2025-10-25T22:30:11.619409+00:00","LTCUSDT","Trending_AI_Filtered","Pullback to EMA20","long","None","None","None","None","REJECTED","BTC state=DOWN, p_up=0.00","None","None","None"
"350e3441","2025-10-25T22:30:15.490443+00:00","WIFUSDT","Pullback Engine","EMA20 retest, RSI=54.9, OFI=13.0, OBI=0.13","long","None","None","None","None","REJECTED","BTC state=DOWN, p_up=0.00","None","None","None"
"4a0991f9","2025-10-25T22:30:12.301970+00:00","INJUSDT","Ranging V4.1","BB Low Touch or RSI Cross Up (41.9)","long","True","BTC STRONG_UP -> allow","45","62.0","REJECTED","Низкая уверенность AI: 45% < 62.0%","None","None","None"
"ab781882","2025-10-25T22:30:16.836590+00:00","WIFUSDT","Trending_AI_Filtered","Pullback to EMA20","long","None","None","None","None","REJECTED","BTC state=DOWN, p_up=0.00","None","None","None"
"e1bcf3a6","2025-10-25T22:30:12.702309+00:00","SUSHIUSDT","Ranging V4.1","BB Low Touch or RSI Cross Up (41.8)","long","True","BTC STRONG_UP -> allow","45","65.0","REJECTED","Низкая уверенность AI: 45% < 65.0%","None","None","None"
"adb3db42","2025-10-25T22:30:18.289178+00:00","ANKRUSDT","Pullback Engine","EMA20 retest, RSI=51.1, OFI=11.6, OBI=0.26","long","None","None","None","None","REJECTED","BTC state=DOWN, p_up=0.00","None","None","None"
"39ffb94a","2025-10-25T22:30:18.976327+00:00","FILUSDT","Ranging V4.1","BB Low Touch or RSI Cross Up (47.1)","long","True","BTC STRONG_UP -> allow","45","62.0","REJECTED","Низкая уверенность AI: 45% < 62.0%","None","None","None"
"2b7cddc6","2025-10-25T22:45:03.130933+00:00","ONEUSDT","Trending_AI_Filtered","Pullback to EMA20","long","None","None","None","None","REJECTED","BTC state=DOWN, p_up=0.00","None","None","None"
"c7ab2ed6","2025-10-25T22:45:04.246908+00:00","DOGEUSDT","Pullback Engine","EMA20 retest, RSI=47.5, OFI=1.4, OBI=-0.15","short","None","None","None","None","REJECTED","Достигнут лимит позиций (5/4)","None","None","None"
"b1851c5b","2025-10-25T22:45:04.443488+00:00","ENJUSDT","Trending_AI_Filtered","Pullback to EMA20","long","None","None","None","None","REJECTED","BTC state=DOWN, p_up=0.00","None","None","None"
"1cc066dd","2025-10-25T22:45:04.769627+00:00","TRXUSDT","Pullback Engine","EMA20 retest, RSI=50.5, OFI=-2.8, OBI=-0.15","short","None","None","None","None","REJECTED","Достигнут лимит позиций (5/4)","None","None","None"
"fd5e0ae5","2025-10-25T22:45:56.900198+00:00","NEARUSDT","Pullback Engine","EMA20 retest, RSI=53.1, OFI=9.4, OBI=0.13","long","None","None","None","None","REJECTED","BTC state=DOWN, p_up=0.00","None","None","None"
"f5d11a96","2025-10-25T22:45:57.756580+00:00","ARBUSDT","Trending_AI_Filtered","Pullback to EMA20","long","None","None","None","None","REJECTED","BTC state=DOWN, p_up=0.00","None","None","None"
"23e84395","2025-10-25T22:45:58.590595+00:00","NEARUSDT","Trending_AI_Filtered","Pullback to EMA20","long","None","None","None","None","REJECTED","BTC state=DOWN, p_up=0.00","None","None","None"
"5546ad4a","2025-10-25T22:45:31.327427+00:00","BNBUSDT","Ranging V4.1","RSI Cross Down from Overbought (63.0)","short","True","BTC STRONG_UP -> allow","45","62.0","REJECTED","Низкая уверенность AI: 45% < 62.0%","None","None","None"
"fec63081","2025-10-25T22:46:00.930032+00:00","TIAUSDT","Trending_AI_Filtered","Pullback to EMA20","long","None","None","None","None","REJECTED","BTC state=DOWN, p_up=0.00","None","None","None"
"d7b79139","2025-10-25T22:46:02.550212+00:00","INJUSDT","Pullback Engine","EMA20 retest, RSI=49.1, OFI=15.8, OBI=-0.05","long","None","None","None","None","REJECTED","BTC state=DOWN, p_up=0.00","None","None","None"
"e90f661b","2025-10-25T22:46:00.090949+00:00","SUSHIUSDT","Ranging V4.1","BB Low Touch or RSI Cross Up (50.6)","long","True","BTC STRONG_UP -> allow","45","62.0","REJECTED","Низкая уверенность AI: 45% < 62.0%","None","None","None"
"c206954f","2025-10-25T22:46:04.807706+00:00","SUIUSDT","Pullback Engine","EMA20 retest, RSI=53.1, OFI=81.3, OBI=0.72","long","None","None","None","None","REJECTED","BTC state=DOWN, p_up=0.00","None","None","None"
"12a81daa","2025-10-25T22:46:04.967929+00:00","SEIUSDT","Trending_AI_Filtered","Pullback to EMA20","long","None","None","None","None","REJECTED","BTC state=DOWN, p_up=0.00","None","None","None"
"95851de7","2025-10-25T22:46:06.081316+00:00","CRVUSDT","Trending_AI_Filtered","Pullback to EMA20","long","None","None","None","None","REJECTED","BTC state=DOWN, p_up=0.00","None","None","None"
"ec186413","2025-10-25T22:46:06.238194+00:00","SUSHIUSDT","Pullback Engine","EMA20 retest, RSI=50.6, OFI=15.3, OBI=0.08","long","None","None","None","None","REJECTED","BTC state=DOWN, p_up=0.00","None","None","None"
"f813e36f","2025-10-25T22:46:06.530531+00:00","SUIUSDT","Trending_AI_Filtered","Pullback to EMA20","long","None","None","None","None","REJECTED","BTC state=DOWN, p_up=0.00","None","None","None"
"0f0ec251","2025-10-25T22:46:07.194073+00:00","ALGOUSDT","Pullback Engine","EMA20 retest, RSI=49.7, OFI=17.0, OBI=0.15","long","None","None","None","None","REJECTED","BTC state=DOWN, p_up=0.00","None","None","None"
"e9a3b9f2","2025-10-25T22:46:09.254334+00:00","APEUSDT","Pullback Engine","EMA20 retest, RSI=49.7, OFI=-12.5, OBI=0.06","short","None","None","None","None","REJECTED","Достигнут лимит позиций (5/4)","None","None","None"
"1beacbed","2025-10-25T22:46:09.389363+00:00","CHZUSDT","Pullback Engine","EMA20 retest, RSI=53.3, OFI=13.7, OBI=0.09","long","None","None","None","None","REJECTED","BTC state=DOWN, p_up=0.00","None","None","None"
"bba61583","2025-10-25T22:46:09.694036+00:00","OPUSDT","Trending_AI_Filtered","Pullback to EMA20","long","None","None","None","None","REJECTED","BTC state=DOWN, p_up=0.00","None","None","None"
"10b536b2","2025-10-25T22:46:37.299447+00:00","HBARUSDT","Trending_AI_Filtered","Pullback to EMA20","long","None","None","None","None","REJECTED","BTC state=DOWN, p_up=0.00","None","None","None"
"3e527a09","2025-10-25T23:00:03.564090+00:00","SUIUSDT","Trending_AI_Filtered","Pullback to EMA20","long","None","None","None","None","REJECTED","BTC state=DOWN, p_up=0.00","None","None","None"
"edcc0c51","2025-10-25T23:00:04.064900+00:00","ENJUSDT","Trending_AI_Filtered","Pullback to EMA20","long","None","None","None","None","REJECTED","BTC state=DOWN, p_up=0.00","None","None","None"
"4d6827c6","2025-10-25T23:00:08.835318+00:00","NEARUSDT","Trending_AI_Filtered","Pullback to EMA20","long","None","None","None","None","REJECTED","BTC state=DOWN, p_up=0.00","None","None","None"
"bdd590e5","2025-10-25T23:00:08.995347+00:00","OPUSDT","Trending_AI_Filtered","Pullback to EMA20","long","None","None","None","None","REJECTED","BTC state=DOWN, p_up=0.00","None","None","None"
"0a51b172","2025-10-25T23:00:04.669117+00:00","BNBUSDT","Ranging V4.1","RSI Cross Down from Overbought (67.2)","short","True","BTC STRONG_UP -> allow","35","62.0","REJECTED","Низкая уверенность AI: 35% < 62.0%","None","None","None"
"616765f4","2025-10-25T23:00:12.771420+00:00","TRXUSDT","Pullback Engine","EMA20 retest, RSI=51.2, OFI=-24.0, OBI=-0.02","short","None","None","None","None","REJECTED","Достигнут лимит позиций (5/4)","None","None","None"
"29d20b3b","2025-10-25T23:00:12.926457+00:00","HBARUSDT","Trending_AI_Filtered","Pullback to EMA20","long","None","None","None","None","REJECTED","BTC state=DOWN, p_up=0.00","None","None","None"
"d2c41a89","2025-10-25T23:00:40.696924+00:00","ALGOUSDT","Pullback Engine","EMA20 retest, RSI=49.7, OFI=10.6, OBI=0.08","long","None","None","None","None","REJECTED","BTC state=DOWN, p_up=0.00","None","None","None"
"02858154","2025-10-25T23:15:02.928643+00:00","ARBUSDT","Trending_AI_Filtered","Pullback to EMA20","long","None","None","None","None","REJECTED","BTC state=DOWN, p_up=0.00","None","None","None"
"8936c4a4","2025-10-25T23:15:04.134139+00:00","OPUSDT","Pullback Engine","EMA20 retest, RSI=53.5, OFI=14.6, OBI=0.04","long","None","None","None","None","REJECTED","BTC state=DOWN, p_up=0.00","None","None","None"
"ed9b3247","2025-10-25T23:14:59.303348+00:00","BNBUSDT","Ranging V4.1","RSI Cross Down from Overbought (58.6)","short","True","BTC STRONG_UP -> allow","45","62.0","REJECTED","Низкая уверенность AI: 45% < 62.0%","None","None","None"
"133c228c","2025-10-25T23:15:04.730668+00:00","SUIUSDT","Trending_AI_Filtered","Pullback to EMA20","long","None","None","None","None","REJECTED","BTC state=DOWN, p_up=0.00","None","None","None"
"16781e0f","2025-10-25T23:15:05.435581+00:00","OPUSDT","Trending_AI_Filtered","Pullback to EMA20","long","None","None","None","None","REJECTED","BTC state=DOWN, p_up=0.00","None","None","None"
"4e87c2ac","2025-10-25T23:15:08.184693+00:00","HBARUSDT","Pullback Engine","EMA20 retest, RSI=52.8, OFI=23.3, OBI=0.33","long","None","None","None","None","REJECTED","BTC state=DOWN, p_up=0.00","None","None","None"
"10a0cea4","2025-10-25T23:15:08.861448+00:00","ALGOUSDT","Pullback Engine","EMA20 retest, RSI=49.7, OFI=2.2, OBI=0.11","long","None","None","None","None","REJECTED","BTC state=DOWN, p_up=0.00","None","None","None"
"0ee63fcd","2025-10-25T23:15:09.416144+00:00","CRVUSDT","Pullback Engine","EMA20 retest, RSI=53.6, OFI=11.7, OBI=0.14","long","None","None","None","None","REJECTED","BTC state=DOWN, p_up=0.00","None","None","None"
"2661af8b","2025-10-25T23:15:09.874726+00:00","HBARUSDT","Trending_AI_Filtered","Pullback to EMA20","long","None","None","None","None","REJECTED","BTC state=DOWN, p_up=0.00","None","None","None"
"549c19f6","2025-10-25T23:15:09.874726+00:00","SEIUSDT","Pullback Engine","EMA20 retest, RSI=52.1, OFI=-1.7, OBI=0.15","long","None","None","None","None","REJECTED","BTC state=DOWN, p_up=0.00","None","None","None"
"ee638bc2","2025-10-25T23:15:11.123027+00:00","LINKUSDT","Pullback Engine","EMA20 retest, RSI=48.6, OFI=38.0, OBI=0.23","long","None","None","None","None","REJECTED","BTC state=DOWN, p_up=0.00","None","None","None"
"8423c9d7","2025-10-25T23:15:11.812815+00:00","ENJUSDT","Pullback Engine","EMA20 retest, RSI=52.7, OFI=-12.1, OBI=0.11","long","None","None","None","None","REJECTED","BTC state=DOWN, p_up=0.00","None","None","None"
"da44705e","2025-10-25T23:15:11.957098+00:00","SEIUSDT","Trending_AI_Filtered","Pullback to EMA20","long","None","None","None","None","REJECTED","BTC state=DOWN, p_up=0.00","None","None","None"
"f8b3d819","2025-10-25T23:15:13.466273+00:00","ENJUSDT","Trending_AI_Filtered","Pullback to EMA20","long","None","None","None","None","REJECTED","BTC state=DOWN, p_up=0.00","None","None","None"
"3422b030","2025-10-25T23:15:14.054048+00:00","TIAUSDT","Pullback Engine","EMA20 retest, RSI=51.2, OFI=-3.6, OBI=0.26","long","None","None","None","None","REJECTED","BTC state=DOWN, p_up=0.00","None","None","None"
"38f82934","2025-10-25T23:15:15.005734+00:00","WIFUSDT","Pullback Engine","EMA20 retest, RSI=55.8, OFI=12.7, OBI=0.02","long","None","None","None","None","REJECTED","BTC state=DOWN, p_up=0.00","None","None","None"
"212319fc","2025-10-25T23:15:17.174056+00:00","NEARUSDT","Trending_AI_Filtered","Pullback to EMA20","long","None","None","None","None","REJECTED","BTC state=DOWN, p_up=0.00","None","None","None"
"64bcc64f","2025-10-25T23:15:17.320700+00:00","SUSHIUSDT","Pullback Engine","EMA20 retest, RSI=49.1, OFI=23.9, OBI=0.13","long","None","None","None","None","REJECTED","BTC state=DOWN, p_up=0.00","None","None","None"
"49cc7f9d","2025-10-25T23:15:17.728986+00:00","ANKRUSDT","Ranging V4.1","RSI Cross Down from Overbought (65.1)","short","True","BTC STRONG_UP -> allow","35","62.0","REJECTED","Низкая уверенность AI: 35% < 62.0%","None","None","None"
"3a29dcf4","2025-10-25T23:30:04.191351+00:00","SUIUSDT","Pullback Engine","EMA20 retest, RSI=50.2, OFI=13.1, OBI=0.17","long","None","None","None","None","REJECTED","BTC state=DOWN, p_up=0.00","None","None","None"
"462d6079","2025-10-25T23:30:06.816929+00:00","FILUSDT","Pullback Engine","EMA20 retest, RSI=49.4, OFI=20.3, OBI=0.20","long","None","None","None","None","REJECTED","BTC state=DOWN, p_up=0.00","None","None","None"
"5abbbdeb","2025-10-25T23:30:08.987524+00:00","ONEUSDT","Trending_AI_Filtered","Pullback to EMA20","long","None","None","None","None","REJECTED","BTC state=DOWN, p_up=0.00","None","None","None"
"db5f06aa","2025-10-25T23:30:10.014460+00:00","SEIUSDT","Pullback Engine","EMA20 retest, RSI=50.1, OFI=7.2, OBI=0.15","long","None","None","None","None","REJECTED","BTC state=DOWN, p_up=0.00","None","None","None"
"7c5e47b5","2025-10-25T23:30:08.197542+00:00","ANKRUSDT","Ranging V4.1","RSI Cross Down from Overbought (61.8)","short","True","BTC STRONG_UP -> allow","40","62.0","REJECTED","Низкая уверенность AI: 40% < 62.0%","None","None","None"
"9c4c8c37","2025-10-25T23:30:12.880760+00:00","CRVUSDT","Trending_AI_Filtered","Pullback to EMA20","long","None","None","None","None","REJECTED","BTC state=DOWN, p_up=0.00","None","None","None"
"e430f614","2025-10-25T23:30:14.773276+00:00","LTCUSDT","Trending_AI_Filtered","Pullback to EMA20","long","None","None","None","None","REJECTED","BTC state=DOWN, p_up=0.00","None","None","None"
"f416cca7","2025-10-25T23:45:00.780845+00:00","WIFUSDT","Pullback Engine","EMA20 retest, RSI=52.5, OFI=14.1, OBI=0.02","long","None","None","None","None","REJECTED","BTC state=DOWN, p_up=0.00","None","None","None"
"cf7150a0","2025-10-25T23:45:02.052653+00:00","WIFUSDT","Trending_AI_Filtered","Pullback to EMA20","long","None","None","None","None","REJECTED","BTC state=DOWN, p_up=0.00","None","None","None"
"6474d47f","2025-10-25T23:45:02.571621+00:00","ETHUSDT","Pullback Engine","EMA20 retest, RSI=52.0, OFI=11.6, OBI=-0.16","long","None","None","None","None","REJECTED","BTC state=DOWN, p_up=0.00","None","None","None"
"b7dd68d7","2025-10-25T23:44:59.455997+00:00","ENJUSDT","Ranging V4.1","BB Low Touch or RSI Cross Up (50.2)","long","True","BTC STRONG_UP -> allow","45","65.0","REJECTED","Низкая уверенность AI: 45% < 65.0%","None","None","None"
"158bed50","2025-10-25T23:45:03.892355+00:00","BNBUSDT","Pullback Engine","EMA20 retest, RSI=52.5, OFI=35.9, OBI=0.66","long","None","None","None","None","REJECTED","BTC state=DOWN, p_up=0.00","None","None","None"
"db6b45d8","2025-10-25T23:45:09.259699+00:00","CRVUSDT","Trending_AI_Filtered","Pullback to EMA20","long","None","None","None","None","REJECTED","BTC state=DOWN, p_up=0.00","None","None","None"
"3e709c6f","2025-10-25T23:45:10.800849+00:00","SEIUSDT","Pullback Engine","EMA20 retest, RSI=50.8, OFI=19.9, OBI=0.18","long","None","None","None","None","REJECTED","BTC state=DOWN, p_up=0.00","None","None","None"
"8eccc70a","2025-10-25T23:45:06.258356+00:00","TRXUSDT","Ranging V4.1","BB Low Touch or RSI Cross Up (39.4)","long","True","BTC STRONG_UP -> allow","55","62.0","REJECTED","Низкая уверенность AI: 55% < 62.0%","None","None","None"
"30899ef7","2025-10-25T23:45:10.935858+00:00","HBARUSDT","Pullback Engine","EMA20 retest, RSI=50.0, OFI=35.9, OBI=0.04","long","None","None","None","None","REJECTED","BTC state=DOWN, p_up=0.00","None","None","None"
"f5c85126","2025-10-25T23:45:13.184363+00:00","SUIUSDT","Pullback Engine","EMA20 retest, RSI=50.7, OFI=68.1, OBI=0.40","long","None","None","None","None","REJECTED","BTC state=DOWN, p_up=0.00","None","None","None"
"b0c8f431","2025-10-25T23:45:13.754306+00:00","NEARUSDT","Pullback Engine","EMA20 retest, RSI=49.1, OFI=6.0, OBI=0.12","long","None","None","None","None","REJECTED","BTC state=DOWN, p_up=0.00","None","None","None"
"f2f1b02a","2025-10-25T23:45:17.858079+00:00","FILUSDT","Pullback Engine","EMA20 retest, RSI=47.8, OFI=13.9, OBI=0.13","long","None","None","None","None","REJECTED","BTC state=DOWN, p_up=0.00","None","None","None"
"29426176","2025-10-25T23:45:18.134636+00:00","ANKRUSDT","Ranging V4.1","RSI Cross Down from Overbought (58.5)","short","True","BTC STRONG_UP -> allow","35","62.0","REJECTED","Низкая уверенность AI: 35% < 62.0%","None","None","None"
"5929320b","2025-10-25T23:45:14.799038+00:00","APEUSDT","Ranging V4.1","BB Low Touch or RSI Cross Up (43.4)","long","True","BTC STRONG_UP -> allow","65","62.0","EXECUTED","None","0.448","0.44309","0.45636"
"d8434064","2025-10-25T23:59:59.066351+00:00","ENJUSDT","Ranging V4.1","BB Low Touch or RSI Cross Up (44.6)","long","True","BTC STRONG_UP -> allow","45","65.0","REJECTED","Низкая уверенность AI: 45% < 65.0%","None","None","None"
"cee29ac1","2025-10-26T00:00:09.385025+00:00","CRVUSDT","Pullback Engine","EMA20 retest, RSI=49.6, OFI=13.4, OBI=0.21","long","None","None","None","None","REJECTED","BTC state=DOWN, p_up=0.00","None","None","None"
"1a45e566","2025-10-26T00:00:05.161767+00:00","SOLUSDT","Ranging V4.1","BB Low Touch or RSI Cross Up (48.2)","long","True","BTC STRONG_UP -> allow","45","65.0","REJECTED","Низкая уверенность AI: 45% < 65.0%","None","None","None"
"1a30ddc2","2025-10-26T00:00:06.452902+00:00","TRXUSDT","Ranging V4.1","BB Low Touch or RSI Cross Up (38.7)","long","True","BTC STRONG_UP -> allow","55","62.0","REJECTED","Низкая уверенность AI: 55% < 62.0%","None","None","None"
"9e98bf80","2025-10-26T00:00:13.170135+00:00","INJUSDT","Ranging V4.1","BB Low Touch or RSI Cross Up (40.3)","long","True","BTC STRONG_UP -> allow","45","62.0","REJECTED","Низкая уверенность AI: 45% < 62.0%","None","None","None"
"8f239372","2025-10-26T00:00:19.068112+00:00","ONEUSDT","Trending_AI_Filtered","Pullback to EMA20","long","None","None","None","None","REJECTED","BTC state=DOWN, p_up=0.00","None","None","None"
"918b21ba","2025-10-26T00:15:00.232994+00:00","BTCUSDT","Pullback Engine","EMA20 retest, RSI=52.2, OFI=80.1, OBI=0.81","long","None","None","None","None","REJECTED","BTC state=DOWN, p_up=0.00","None","None","None"
"9af83a0a","2025-10-26T00:14:59.107763+00:00","SOLUSDT","Ranging V4.1","BB Low Touch or RSI Cross Up (44.0)","long","True","BTC STRONG_UP -> allow","45","65.0","REJECTED","Низкая уверенность AI: 45% < 65.0%","None","None","None"
"2dc08085","2025-10-26T00:15:04.663096+00:00","LTCUSDT","Trending_AI_Filtered","Pullback to EMA20","long","None","None","None","None","REJECTED","BTC state=DOWN, p_up=0.00","None","None","None"
"fd498d96","2025-10-26T00:15:01.216342+00:00","APTUSDT","Ranging V4.1","BB Low Touch or RSI Cross Up (51.2)","long","True","BTC STRONG_UP -> allow","55","62.0","REJECTED","Низкая уверенность AI: 55% < 62.0%","None","None","None"
"660232e9","2025-10-26T00:15:01.849697+00:00","ARBUSDT","Ranging V4.1","BB Low Touch or RSI Cross Up (44.1)","long","True","BTC STRONG_UP -> allow","45","65.0","REJECTED","Низкая уверенность AI: 45% < 65.0%","None","None","None"
"b3629d75","2025-10-26T00:15:06.902468+00:00","APTUSDT","Pullback Engine","EMA20 retest, RSI=51.2, OFI=21.3, OBI=0.19","long","None","None","None","None","REJECTED","BTC state=DOWN, p_up=0.00","None","None","None"
"876cbf50","2025-10-26T00:15:05.383273+00:00","OPUSDT","Ranging V4.1","BB Low Touch or RSI Cross Up (41.9)","long","True","BTC STRONG_UP -> allow","45","65.0","REJECTED","Низкая уверенность AI: 45% < 65.0%","None","None","None"
"a2338b3a","2025-10-26T00:15:08.140967+00:00","DOGEUSDT","Ranging V4.1","BB Low Touch or RSI Cross Up (39.3)","long","True","BTC STRONG_UP -> allow","40","62.0","REJECTED","Низкая уверенность AI: 40% < 62.0%","None","None","None"
"880b95d1","2025-10-26T00:15:09.723976+00:00","ADAUSDT","Ranging V4.1","BB Low Touch or RSI Cross Up (40.7)","long","True","BTC STRONG_UP -> allow","45","62.0","REJECTED","Низкая уверенность AI: 45% < 62.0%","None","None","None"
"9886fefe","2025-10-26T00:15:07.859273+00:00","LINKUSDT","Ranging V4.1","BB Low Touch or RSI Cross Up (39.3)","long","True","BTC STRONG_UP -> allow","65","62.0","EXECUTED","None","17.963","17.83014","18.14286"
"60c393d8","2025-10-26T00:15:15.345788+00:00","ENJUSDT","Ranging V4.1","BB Low Touch or RSI Cross Up (44.6)","long","True","BTC STRONG_UP -> allow","45","65.0","REJECTED","Низкая уверенность AI: 45% < 65.0%","None","None","None"
"e9251a56","2025-10-26T00:15:18.628320+00:00","INJUSDT","Ranging V4.1","BB Low Touch or RSI Cross Up (37.0)","long","True","BTC STRONG_UP -> allow","45","62.0","REJECTED","Низкая уверенность AI: 45% < 62.0%","None","None","None"
"d9baea70","2025-10-26T00:15:19.518054+00:00","FILUSDT","Ranging V4.1","BB Low Touch or RSI Cross Up (43.1)","long","True","BTC STRONG_UP -> allow","45","62.0","REJECTED","Низкая уверенность AI: 45% < 62.0%","None","None","None"
"41bd7bba","2025-10-26T00:15:14.503207+00:00","HBARUSDT","Ranging V4.1","BB Low Touch or RSI Cross Up (46.2)","long","True","BTC STRONG_UP -> allow","65","65.0","EXECUTED","None","0.17228","0.17093","0.17354"
"746ff081","2025-10-26T00:15:23.076267+00:00","SUSHIUSDT","Ranging V4.1","BB Low Touch or RSI Cross Up (39.1)","long","True","BTC STRONG_UP -> allow","45","62.0","REJECTED","Низкая уверенность AI: 45% < 62.0%","None","None","None"
"3f6fe385","2025-10-26T00:15:25.426970+00:00","TRXUSDT","Ranging V4.1","BB Low Touch or RSI Cross Up (38.1)","long","True","BTC STRONG_UP -> allow","55","62.0","REJECTED","Низкая уверенность AI: 55% < 62.0%","None","None","None"
"6ac522b8","2025-10-26T00:15:27.244598+00:00","NEARUSDT","Ranging V4.1","BB Low Touch or RSI Cross Up (42.3)","long","True","BTC STRONG_UP -> allow","45","65.0","REJECTED","Низкая уверенность AI: 45% < 65.0%","None","None","None"
"686227f9","2025-10-26T00:15:27.759165+00:00","ICPUSDT","Ranging V4.1","BB Low Touch or RSI Cross Up (43.8)","long","True","BTC STRONG_UP -> allow","45","62.0","REJECTED","Низкая уверенность AI: 45% < 62.0%","None","None","None"
"62345bfd","2025-10-26T00:15:29.553333+00:00","ATOMUSDT","Ranging V4.1","BB Low Touch or RSI Cross Up (40.2)","long","True","BTC STRONG_UP -> allow","45","62.0","REJECTED","Низкая уверенность AI: 45% < 62.0%","None","None","None"
"88a52c78","2025-10-26T00:15:31.737686+00:00","ALGOUSDT","Ranging V4.1","BB Low Touch or RSI Cross Up (42.3)","long","True","BTC STRONG_UP -> allow","45","65.0","REJECTED","Низкая уверенность AI: 45% < 65.0%","None","None","None"
"4333df72","2025-10-26T00:15:33.722484+00:00","CRVUSDT","Ranging V4.1","BB Low Touch or RSI Cross Up (46.4)","long","True","BTC STRONG_UP -> allow","45","65.0","REJECTED","Низкая уверенность AI: 45% < 65.0%","None","None","None"
"b6ba82bc","2025-10-26T00:15:33.550142+00:00","CHZUSDT","Ranging V4.1","BB Low Touch or RSI Cross Up (43.7)","long","True","BTC STRONG_UP -> allow","65","62.0","EXECUTED","None","0.03252","0.03233","0.03278"
"35d1964e","2025-10-26T00:29:58.813350+00:00","SOLUSDT","Ranging V4.1","BB Low Touch or RSI Cross Up (52.0)","long","True","BTC STRONG_UP -> allow","45","65.0","REJECTED","Низкая уверенность AI: 45% < 65.0%","None","None","None"
"7828a579","2025-10-26T00:29:59.109492+00:00","XRPUSDT","Ranging V4.1","RSI Cross Down from Overbought (62.6)","short","True","BTC STRONG_UP -> allow","45","65.0","REJECTED","Низкая уверенность AI: 45% < 65.0%","None","None","None"
"5c377335","2025-10-26T00:29:59.019625+00:00","BTCUSDT","Ranging V4.1","RSI Cross Down from Overbought (60.6)","short","True","BTC STRONG_UP -> allow","40","62.0","REJECTED","Низкая уверенность AI: 40% < 62.0%","None","None","None"
"b3267ccd","2025-10-26T00:30:05.279974+00:00","SOLUSDT","Pullback Engine","EMA20 retest, RSI=52.0, OFI=10.9, OBI=-0.29","long","None","None","None","None","REJECTED","BTC state=DOWN, p_up=0.00","None","None","None"
"949a3693","2025-10-26T00:30:06.494796+00:00","AVAXUSDT","Trending_AI_Filtered","Pullback to EMA20","long","None","None","None","None","REJECTED","BTC state=DOWN, p_up=0.00","None","None","None"
"a12e7485","2025-10-26T00:30:06.669039+00:00","SOLUSDT","Trending_AI_Filtered","Pullback to EMA20","long","None","None","None","None","REJECTED","BTC state=DOWN, p_up=0.00","None","None","None"
"d159e111","2025-10-26T00:30:08.809220+00:00","SUIUSDT","Pullback Engine","EMA20 retest, RSI=48.9, OFI=97.6, OBI=0.60","long","None","None","None","None","REJECTED","BTC state=DOWN, p_up=0.00","None","None","None"
"376bc926","2025-10-26T00:30:06.774105+00:00","CRVUSDT","Ranging V4.1","BB Low Touch or RSI Cross Up (52.9)","long","True","BTC STRONG_UP -> allow","45","65.0","REJECTED","Низкая уверенность AI: 45% < 65.0%","None","None","None"
"9fb5639e","2025-10-26T00:30:12.509568+00:00","CRVUSDT","Pullback Engine","EMA20 retest, RSI=52.9, OFI=15.3, OBI=0.23","long","None","None","None","None","REJECTED","BTC state=DOWN, p_up=0.00","None","None","None"
"da244cf8","2025-10-26T00:30:15.590896+00:00","NEARUSDT","Pullback Engine","EMA20 retest, RSI=49.0, OFI=-2.4, OBI=0.17","long","None","None","None","None","REJECTED","BTC state=DOWN, p_up=0.00","None","None","None"
"2f5c3609","2025-10-26T00:30:07.427843+00:00","TRXUSDT","Ranging V4.1","BB Low Touch or RSI Cross Up (36.6)","long","True","BTC STRONG_UP -> allow","65","62.0","EXECUTED","None","0.29667","0.29532","0.29829"
"e07640df","2025-10-26T00:30:19.064506+00:00","ONEUSDT","Trending_AI_Filtered","Pullback to EMA20","long","None","None","None","None","REJECTED","BTC state=DOWN, p_up=0.00","None","None","None"
"032d5a4b","2025-10-26T00:30:21.843914+00:00","ENJUSDT","Trending_AI_Filtered","Pullback to EMA20","long","None","None","None","None","REJECTED","BTC state=DOWN, p_up=0.00","None","None","None"
"d3bbe9b0","2025-10-26T00:45:01.799900+00:00","CRVUSDT","Pullback Engine","EMA20 retest, RSI=52.9, OFI=3.6, OBI=0.14","long","None","None","None","None","REJECTED","BTC state=DOWN, p_up=0.00","None","None","None"
"6ef9945f","2025-10-26T00:44:58.851857+00:00","BTCUSDT","Ranging V4.1","RSI Cross Down from Overbought (64.5)","short","True","BTC STRONG_UP -> allow","45","65.0","REJECTED","Низкая уверенность AI: 45% < 65.0%","None","None","None"
"3867d779","2025-10-26T00:45:05.144332+00:00","AVAXUSDT","Trending_AI_Filtered","Pullback to EMA20","long","None","None","None","None","REJECTED","BTC state=DOWN, p_up=0.00","None","None","None"
"4ed2ad51","2025-10-26T00:45:02.948460+00:00","XRPUSDT","Ranging V4.1","RSI Cross Down from Overbought (61.2)","short","True","BTC STRONG_UP -> allow","55","65.0","REJECTED","Низкая уверенность AI: 55% < 65.0%","None","None","None"
"3fdec15b","2025-10-26T00:45:04.163587+00:00","BNBUSDT","Ranging V4.1","RSI Cross Down from Overbought (64.3)","short","True","BTC STRONG_UP -> allow","45","65.0","REJECTED","Низкая уверенность AI: 45% < 65.0%","None","None","None"
"2556308c","2025-10-26T00:45:10.036611+00:00","ALGOUSDT","Pullback Engine","EMA20 retest, RSI=51.1, OFI=-23.2, OBI=0.12","long","None","None","None","None","REJECTED","BTC state=DOWN, p_up=0.00","None","None","None"
"1f337833","2025-10-26T00:45:10.211852+00:00","SEIUSDT","Pullback Engine","EMA20 retest, RSI=51.6, OFI=5.0, OBI=0.21","long","None","None","None","None","REJECTED","BTC state=DOWN, p_up=0.00","None","None","None"
"d1747905","2025-10-26T00:45:05.009172+00:00","APTUSDT","Ranging V4.1","RSI Cross Down from Overbought (59.2)","short","True","BTC STRONG_UP -> allow","35","62.0","REJECTED","Низкая уверенность AI: 35% < 62.0%","None","None","None"
"fdef6adc","2025-10-26T00:45:12.075569+00:00","SEIUSDT","Trending_AI_Filtered","Pullback to EMA20","long","None","None","None","None","REJECTED","BTC state=DOWN, p_up=0.00","None","None","None"
"f774f87d","2025-10-26T00:45:15.110897+00:00","SUSHIUSDT","Ranging V4.1","BB Low Touch or RSI Cross Up (42.3)","long","True","BTC STRONG_UP -> allow","45","65.0","REJECTED","Низкая уверенность AI: 45% < 65.0%","None","None","None"
"5e7b6d36","2025-10-26T00:59:58.864342+00:00","SOLUSDT","Ranging V4.1","BB Low Touch or RSI Cross Up (43.0)","long","True","BTC STRONG_UP -> allow","45","65.0","REJECTED","Низкая уверенность AI: 45% < 65.0%","None","None","None"
"bf4cfa9e","2025-10-26T00:59:58.649293+00:00","XRPUSDT","Ranging V4.1","RSI Cross Down from Overbought (59.9)","short","True","BTC STRONG_UP -> allow","45","65.0","REJECTED","Низкая уверенность AI: 45% < 65.0%","None","None","None"
"077d4575","2025-10-26T00:59:58.962343+00:00","BTCUSDT","Ranging V4.1","RSI Cross Down from Overbought (56.0)","short","True","BTC STRONG_UP -> allow","45","65.0","REJECTED","Низкая уверенность AI: 45% < 65.0%","None","None","None"
"a77af19b","2025-10-26T01:00:06.829645+00:00","LTCUSDT","Trending_AI_Filtered","Pullback to EMA20","long","None","None","None","None","REJECTED","BTC state=DOWN, p_up=0.23","None","None","None"
"370c6344","2025-10-26T01:00:05.721463+00:00","SUSHIUSDT","Ranging V4.1","BB Low Touch or RSI Cross Up (37.0)","long","True","BTC STRONG_UP -> allow","45","65.0","REJECTED","Низкая уверенность AI: 45% < 65.0%","None","None","None"
"50f8d189","2025-10-26T01:00:10.798142+00:00","BNBUSDT","Ranging V4.1","RSI Cross Down from Overbought (53.3)","short","True","BTC STRONG_UP -> allow","45","65.0","REJECTED","Низкая уверенность AI: 45% < 65.0%","None","None","None"
"2d706713","2025-10-26T01:00:14.798943+00:00","ANKRUSDT","Pullback Engine","EMA20 retest, RSI=51.1, OFI=-2.6, OBI=0.15","long","None","None","None","None","REJECTED","BTC state=DOWN, p_up=0.31","None","None","None"
"ae054261","2025-10-26T01:00:16.347324+00:00","BNBUSDT","Pullback Engine","EMA20 retest, RSI=53.3, OFI=40.6, OBI=0.66","long","None","None","None","None","REJECTED","BTC state=DOWN, p_up=0.35","None","None","None"
"b0f88784","2025-10-26T01:00:16.578680+00:00","APTUSDT","Pullback Engine","EMA20 retest, RSI=49.5, OFI=77.8, OBI=0.36","long","None","None","None","None","REJECTED","BTC state=DOWN, p_up=0.37","None","None","None"
"8f0bbf2a","2025-10-26T01:00:18.614364+00:00","SEIUSDT","Pullback Engine","EMA20 retest, RSI=50.9, OFI=-0.9, OBI=0.11","long","None","None","None","None","REJECTED","BTC state=DOWN, p_up=0.38","None","None","None"
"054897db","2025-10-26T01:00:14.351575+00:00","NEARUSDT","Ranging V4.1","BB Low Touch or RSI Cross Up (40.2)","long","True","BTC STRONG_UP -> allow","45","65.0","REJECTED","Низкая уверенность AI: 45% < 65.0%","None","None","None"
"17fab442","2025-10-26T01:00:20.015798+00:00","SEIUSDT","Trending_AI_Filtered","Pullback to EMA20","long","None","None","None","None","REJECTED","BTC state=DOWN, p_up=0.38","None","None","None"
"04b31084","2025-10-26T01:14:58.741459+00:00","SOLUSDT","Ranging V4.1","BB Low Touch or RSI Cross Up (46.5)","long","True","BTC STRONG_UP -> allow","45","65.0","REJECTED","Низкая уверенность AI: 45% < 65.0%","None","None","None"
"00237dc4","2025-10-26T01:14:58.886485+00:00","BTCUSDT","Ranging V4.1","RSI Cross Down from Overbought (59.8)","short","True","BTC STRONG_UP -> allow","45","65.0","REJECTED","Низкая уверенность AI: 45% < 65.0%","None","None","None"
"e9e13a28","2025-10-26T01:15:04.473272+00:00","CRVUSDT","Ranging V4.1","BB Low Touch or RSI Cross Up (46.4)","long","True","BTC STRONG_UP -> allow","45","65.0","REJECTED","Низкая уверенность AI: 45% < 65.0%","None","None","None"
"3a960b15","2025-10-26T01:15:07.477746+00:00","XRPUSDT","Ranging V4.1","RSI Cross Down from Overbought (60.3)","short","True","BTC STRONG_UP -> allow","45","65.0","REJECTED","Низкая уверенность AI: 45% < 65.0%","None","None","None"
"d2d12186","2025-10-26T01:15:07.628034+00:00","BNBUSDT","Ranging V4.1","RSI Cross Down from Overbought (64.1)","short","True","BTC STRONG_UP -> allow","35","65.0","REJECTED","Низкая уверенность AI: 35% < 65.0%","None","None","None"
"1f5b0602","2025-10-26T01:15:11.221288+00:00","ADAUSDT","Ranging V4.1","BB Low Touch or RSI Cross Up (43.6)","long","True","BTC STRONG_UP -> allow","45","62.0","REJECTED","Низкая уверенность AI: 45% < 62.0%","None","None","None"
"8794307b","2025-10-26T01:15:15.959583+00:00","BNBUSDT","Trending_AI_Filtered","Pullback to EMA20","long","None","None","None","None","REJECTED","BTC state=DOWN, p_up=0.38","None","None","None"
"6b4c26a0","2025-10-26T01:15:17.618465+00:00","ENAUSDT","Trending_AI_Filtered","Pullback to EMA20","long","None","None","None","None","REJECTED","BTC state=DOWN, p_up=0.39","None","None","None"
"575d5ba8","2025-10-26T01:15:15.216962+00:00","SUSHIUSDT","Ranging V4.1","BB Low Touch or RSI Cross Up (38.4)","long","True","BTC STRONG_UP -> allow","45","65.0","REJECTED","Низкая уверенность AI: 45% < 65.0%","None","None","None"
"18805cca","2025-10-26T01:15:20.876125+00:00","ALGOUSDT","Pullback Engine","EMA20 retest, RSI=48.5, OFI=4.4, OBI=0.13","long","None","None","None","None","REJECTED","BTC state=DOWN, p_up=0.37","None","None","None"
"35e7a924","2025-10-26T01:15:18.418269+00:00","INJUSDT","Ranging V4.1","BB Low Touch or RSI Cross Up (40.1)","long","True","BTC STRONG_UP -> allow","45","65.0","REJECTED","Низкая уверенность AI: 45% < 65.0%","None","None","None"
"5dd374d6","2025-10-26T01:15:21.173753+00:00","DOGEUSDT","Ranging V4.1","BB Low Touch or RSI Cross Up (42.4)","long","True","BTC STRONG_UP -> allow","45","62.0","REJECTED","Низкая уверенность AI: 45% < 62.0%","None","None","None"
"a0cbf5ba","2025-10-26T01:15:25.940122+00:00","NEARUSDT","Ranging V4.1","BB Low Touch or RSI Cross Up (42.5)","long","True","BTC STRONG_UP -> allow","45","65.0","REJECTED","Низкая уверенность AI: 45% < 65.0%","None","None","None"
"abf9ee99","2025-10-26T01:15:29.727017+00:00","ANKRUSDT","Pullback Engine","EMA20 retest, RSI=51.1, OFI=2.7, OBI=0.22","long","None","None","None","None","REJECTED","BTC state=DOWN, p_up=0.36","None","None","None"
"0745fed0","2025-10-26T01:15:28.136051+00:00","ARBUSDT","Ranging V4.1","BB Low Touch or RSI Cross Up (44.2)","long","True","BTC STRONG_UP -> allow","45","62.0","REJECTED","Низкая уверенность AI: 45% < 62.0%","None","None","None"
"fe07a9d5","2025-10-26T01:29:59.860200+00:00","XRPUSDT","Pullback Engine","EMA20 retest, RSI=53.5, OFI=-10.6, OBI=0.12","long","None","None","None","None","REJECTED","BTC state=DOWN, p_up=0.38","None","None","None"
"fa94bbcb","2025-10-26T01:30:04.151706+00:00","ETHUSDT","Pullback Engine","EMA20 retest, RSI=48.9, OFI=56.0, OBI=0.48","long","None","None","None","None","REJECTED","BTC state=DOWN, p_up=0.39","None","None","None"
"77788ae9","2025-10-26T01:30:00.766754+00:00","ADAUSDT","Ranging V4.1","BB Low Touch or RSI Cross Up (40.3)","long","True","BTC STRONG_UP -> allow","45","62.0","REJECTED","Низкая уверенность AI: 45% < 62.0%","None","None","None"
"6e9e1354","2025-10-26T01:30:00.539495+00:00","BNBUSDT","Ranging V4.1","RSI Cross Down from Overbought (64.1)","short","True","BTC STRONG_UP -> allow","35","65.0","REJECTED","Низкая уверенность AI: 35% < 65.0%","None","None","None"
"31af55ae","2025-10-26T01:30:05.542650+00:00","ATOMUSDT","Ranging V4.1","BB Low Touch or RSI Cross Up (41.9)","long","True","BTC STRONG_UP -> allow","45","62.0","REJECTED","Низкая уверенность AI: 45% < 62.0%","None","None","None"
"ce04c3f5","2025-10-26T01:30:07.604742+00:00","ARBUSDT","Ranging V4.1","BB Low Touch or RSI Cross Up (40.2)","long","True","BTC STRONG_UP -> allow","45","65.0","REJECTED","Низкая уверенность AI: 45% < 65.0%","None","None","None"
"c9f58212","2025-10-26T01:30:01.769990+00:00","SUIUSDT","Ranging V4.1","BB Low Touch or RSI Cross Up (36.7)","long","True","BTC STRONG_UP -> allow","65","65.0","EXECUTED","None","2.515","2.49121","2.54779"
"8e2a72ae","2025-10-26T01:30:11.989879+00:00","NEARUSDT","Ranging V4.1","BB Low Touch or RSI Cross Up (37.8)","long","True","BTC STRONG_UP -> allow","45","65.0","REJECTED","Низкая уверенность AI: 45% < 65.0%","None","None","None"
"0740fccc","2025-10-26T01:30:15.447587+00:00","DOGEUSDT","Ranging V4.1","BB Low Touch or RSI Cross Up (38.8)","long","True","BTC STRONG_UP -> allow","45","62.0","REJECTED","Низкая уверенность AI: 45% < 62.0%","None","None","None"
"accf0662","2025-10-26T01:30:14.272037+00:00","APTUSDT","Ranging V4.1","BB Low Touch or RSI Cross Up (42.0)","long","True","BTC STRONG_UP -> allow","65","62.0","EXECUTED","None","3.294","3.27032","3.34128"
"f791b50e","2025-10-26T01:30:21.818912+00:00","INJUSDT","Ranging V4.1","BB Low Touch or RSI Cross Up (38.3)","long","True","BTC STRONG_UP -> allow","45","65.0","REJECTED","Низкая уверенность AI: 45% < 65.0%","None","None","None"
"fc405e43","2025-10-26T01:30:24.278110+00:00","ENJUSDT","Ranging V4.1","BB Low Touch or RSI Cross Up (40.6)","long","True","BTC STRONG_UP -> allow","55","65.0","REJECTED","Низкая уверенность AI: 55% < 65.0%","None","None","None"
"25e4fa6c","2025-10-26T01:30:28.544307+00:00","ONEUSDT","Ranging V4.1","BB Low Touch or RSI Cross Up (42.3)","long","True","BTC STRONG_UP -> allow","65","65.0","REJECTED","Отклонено фильтром качества: Низкий объем для режима 'Флэт' (1728313 < 60% от avg 6006856).","None","None","None"
"f5bf96e8","2025-10-26T01:30:27.731822+00:00","ICPUSDT","Ranging V4.1","BB Low Touch or RSI Cross Up (39.5)","long","True","BTC STRONG_UP -> allow","65","62.0","EXECUTED","None","3.105","3.08125","3.13725"
"3876ea53","2025-10-26T01:45:02.659826+00:00","XRPUSDT","Trending_AI_Filtered","Pullback to EMA20","long","None","None","None","None","REJECTED","BTC state=DOWN, p_up=0.35","None","None","None"
"33516ad3","2025-10-26T01:44:58.728044+00:00","ARBUSDT","Ranging V4.1","BB Low Touch or RSI Cross Up (31.1)","long","True","BTC STRONG_UP -> allow","45","65.0","REJECTED","Низкая уверенность AI: 45% < 65.0%","None","None","None"
"789ffd35","2025-10-26T01:45:02.342737+00:00","FILUSDT","Ranging V4.1","BB Low Touch or RSI Cross Up (39.5)","long","True","BTC STRONG_UP -> allow","45","62.0","REJECTED","Низкая уверенность AI: 45% < 62.0%","None","None","None"
"a99a17c1","2025-10-26T01:45:02.535302+00:00","DOGEUSDT","Ranging V4.1","BB Low Touch or RSI Cross Up (40.4)","long","True","BTC STRONG_UP -> allow","45","62.0","REJECTED","Низкая уверенность AI: 45% < 62.0%","None","None","None"
"f2af2063","2025-10-26T01:45:05.884458+00:00","ATOMUSDT","Ranging V4.1","BB Low Touch or RSI Cross Up (39.3)","long","True","BTC STRONG_UP -> allow","45","65.0","REJECTED","Низкая уверенность AI: 45% < 65.0%","None","None","None"
"c9c6e4b1","2025-10-26T01:45:06.731315+00:00","INJUSDT","Ranging V4.1","BB Low Touch or RSI Cross Up (38.0)","long","True","BTC STRONG_UP -> allow","45","65.0","REJECTED","Низкая уверенность AI: 45% < 65.0%","None","None","None"
"f374abef","2025-10-26T01:45:16.510696+00:00","ANKRUSDT","Pullback Engine","EMA20 retest, RSI=48.9, OFI=4.2, OBI=0.17","long","None","None","None","None","REJECTED","BTC state=DOWN, p_up=0.35","None","None","None"
"232a4e50","2025-10-26T01:45:12.144481+00:00","ADAUSDT","Ranging V4.1","BB Low Touch or RSI Cross Up (40.9)","long","True","BTC STRONG_UP -> allow","45","62.0","REJECTED","Низкая уверенность AI: 45% < 62.0%","None","None","None"
"3eb80e86","2025-10-26T01:59:58.475409+00:00","ADAUSDT","Ranging V4.1","BB Low Touch or RSI Cross Up (35.1)","long","True","BTC STRONG_UP -> allow","45","62.0","REJECTED","Низкая уверенность AI: 45% < 62.0%","None","None","None"
"3ee3a4bc","2025-10-26T01:59:58.556112+00:00","FILUSDT","Ranging V4.1","BB Low Touch or RSI Cross Up (35.7)","long","True","BTC STRONG_UP -> allow","45","62.0","REJECTED","Низкая уверенность AI: 45% < 62.0%","None","None","None"
"5bd4f6ba","2025-10-26T02:00:04.451914+00:00","ETHUSDT","Ranging V4.1","BB Low Touch or RSI Cross Up (35.1)","long","True","BTC STRONG_UP -> allow","45","62.0","REJECTED","Низкая уверенность AI: 45% < 62.0%","None","None","None"
"d7601d81","2025-10-26T02:00:07.485672+00:00","APTUSDT","Ranging V4.1","BB Low Touch or RSI Cross Up (37.7)","long","True","BTC STRONG_UP -> allow","55","65.0","REJECTED","Низкая уверенность AI: 55% < 65.0%","None","None","None"
"d91ca70f","2025-10-26T02:00:13.742360+00:00","DOGEUSDT","Ranging V4.1","BB Low Touch or RSI Cross Up (32.9)","long","True","BTC STRONG_UP -> allow","45","65.0","REJECTED","Низкая уверенность AI: 45% < 65.0%","None","None","None"
"c34d166e","2025-10-26T02:00:15.068761+00:00","SOLUSDT","Ranging V4.1","BB Low Touch or RSI Cross Up (39.0)","long","True","BTC STRONG_UP -> allow","45","65.0","REJECTED","Низкая уверенность AI: 45% < 65.0%","None","None","None"
"9ff02f98","2025-10-26T02:00:04.576913+00:00","BCHUSDT","Trending_AI_Filtered","Pullback to EMA20","long","None","None","85","67.0","EXECUTED","None","510.1","504.61","523.42"
"3e0b0604","2025-10-26T02:00:24.856611+00:00","ANKRUSDT","Ranging V4.1","BB Low Touch or RSI Cross Up (37.2)","long","True","BTC STRONG_UP -> allow","45","62.0","REJECTED","Низкая уверенность AI: 45% < 62.0%","None","None","None"
"f1336a3f","2025-10-26T02:00:19.808014+00:00","HBARUSDT","Ranging V4.1","BB Low Touch or RSI Cross Up (42.3)","long","True","BTC STRONG_UP -> allow","75","62.0","EXECUTED","None","0.17201","0.17059","0.17472"
"8172ef61","2025-10-26T02:00:22.713653+00:00","SEIUSDT","Ranging V4.1","BB Low Touch or RSI Cross Up (44.1)","long","True","BTC STRONG_UP -> allow","85","65.0","EXECUTED","None","0.1988","0.19639","0.20362"
"315e0370","2025-10-26T02:00:44.535041+00:00","LTCUSDT","Ranging V4.1","BB Low Touch or RSI Cross Up (44.6)","long","True","BTC STRONG_UP -> allow","45","62.0","REJECTED","Низкая уверенность AI: 45% < 62.0%","None","None","None"
"2fc039ac","2025-10-26T02:00:51.969628+00:00","DOTUSDT","Ranging V4.1","BB Low Touch or RSI Cross Up (39.4)","long","True","BTC STRONG_UP -> allow","55","65.0","REJECTED","Низкая уверенность AI: 55% < 65.0%","None","None","None"
"e5505528","2025-10-26T02:00:30.642008+00:00","XRPUSDT","Trending_AI_Filtered","Pullback to EMA20","long","None","None","85","65.0","EXECUTED","None","2.6118","2.58846","2.654"
"facf3ad2","2025-10-26T02:01:01.614690+00:00","CHZUSDT","Ranging V4.1","BB Low Touch or RSI Cross Up (38.2)","long","True","BTC STRONG_UP -> allow","45","65.0","REJECTED","Низкая уверенность AI: 45% < 65.0%","None","None","None"
"e9f43a2b","2025-10-26T02:00:45.349594+00:00","XLMUSDT","Pullback Engine","EMA20 retest, RSI=48.6, OFI=83.8, OBI=0.55","long","None","None","None","None","REJECTED","Достигнут лимит позиций (4/4)","None","None","None"
"0b5e3f09","2025-10-26T02:01:25.330990+00:00","FETUSDT","Ranging V4.1","BB Low Touch or RSI Cross Up (31.6)","long","True","BTC STRONG_UP -> allow","45","62.0","REJECTED","Низкая уверенность AI: 45% < 62.0%","None","None","None"
"771749da","2025-10-26T02:01:48.184204+00:00","ICPUSDT","Ranging V4.1","BB Low Touch or RSI Cross Up (34.9)","long","True","BTC STRONG_UP -> allow","45","65.0","REJECTED","Низкая уверенность AI: 45% < 65.0%","None","None","None"
"c20971ed","2025-10-26T02:01:47.656635+00:00","ATOMUSDT","Ranging V4.1","BB Low Touch or RSI Cross Up (35.2)","long","True","BTC STRONG_UP -> allow","45","65.0","REJECTED","Низкая уверенность AI: 45% < 65.0%","None","None","None"
"34a0161d","2025-10-26T02:01:48.726895+00:00","CRVUSDT","Ranging V4.1","BB Low Touch or RSI Cross Up (37.5)","long","True","BTC STRONG_UP -> allow","45","65.0","REJECTED","Низкая уверенность AI: 45% < 65.0%","None","None","None"
"25a27266","2025-10-26T02:01:52.610435+00:00","ONEUSDT","Ranging V4.1","BB Low Touch or RSI Cross Up (38.8)","long","True","BTC STRONG_UP -> allow","65","65.0","EXECUTED","None","0.00666","0.00655","0.00673"
"67f6b42a","2025-10-26T02:14:58.562519+00:00","FETUSDT","Ranging V4.1","BB Low Touch or RSI Cross Up (31.2)","long","True","BTC STRONG_UP -> allow","45","65.0","REJECTED","Низкая уверенность AI: 45% < 65.0%","None","None","None"
"3f636aa6","2025-10-26T02:15:00.543353+00:00","ADAUSDT","Ranging V4.1","BB Low Touch or RSI Cross Up (32.8)","long","True","BTC STRONG_UP -> allow","45","65.0","REJECTED","Низкая уверенность AI: 45% < 65.0%","None","None","None"
"fd4ef1a9","2025-10-26T02:15:00.258081+00:00","ETHUSDT","Ranging V4.1","BB Low Touch or RSI Cross Up (32.7)","long","True","BTC STRONG_UP -> allow","45","65.0","REJECTED","Низкая уверенность AI: 45% < 65.0%","None","None","None"
"ac2ce32a","2025-10-26T02:15:02.102446+00:00","FILUSDT","Ranging V4.1","BB Low Touch or RSI Cross Up (34.5)","long","True","BTC STRONG_UP -> allow","45","62.0","REJECTED","Низкая уверенность AI: 45% < 62.0%","None","None","None"
"94352164","2025-10-26T02:15:08.445624+00:00","BNBUSDT","Pullback Engine","EMA20 retest, RSI=50.3, OFI=100.0, OBI=0.85","long","None","None","None","None","REJECTED","Достигнут лимит позиций (5/4)","None","None","None"
"3b66e64b","2025-10-26T02:15:08.727461+00:00","ICPUSDT","Ranging V4.1","BB Low Touch or RSI Cross Up (33.4)","long","True","BTC STRONG_UP -> allow","45","65.0","REJECTED","Низкая уверенность AI: 45% < 65.0%","None","None","None"
"b9985ae5","2025-10-26T02:15:34.490100+00:00","DOGEUSDT","Ranging V4.1","BB Low Touch or RSI Cross Up (31.1)","long","True","BTC STRONG_UP -> allow","45","65.0","REJECTED","Низкая уверенность AI: 45% < 65.0%","None","None","None"
"943414f7","2025-10-26T02:15:39.902089+00:00","LTCUSDT","Ranging V4.1","BB Low Touch or RSI Cross Up (41.3)","long","True","BTC STRONG_UP -> allow","45","62.0","REJECTED","Низкая уверенность AI: 45% < 62.0%","None","None","None"
"d5b5ccba","2025-10-26T02:15:41.340321+00:00","CRVUSDT","Ranging V4.1","BB Low Touch or RSI Cross Up (35.0)","long","True","BTC STRONG_UP -> allow","45","65.0","REJECTED","Низкая уверенность AI: 45% < 65.0%","None","None","None"
"20156b5d","2025-10-26T02:15:39.303829+00:00","APTUSDT","Ranging V4.1","BB Low Touch or RSI Cross Up (39.6)","long","True","BTC STRONG_UP -> allow","65","65.0","EXECUTED","None","3.2877","3.26086","3.32993"
"a3d2788a","2025-10-26T02:15:40.833956+00:00","DOTUSDT","Ranging V4.1","BB Low Touch or RSI Cross Up (38.8)","long","True","BTC STRONG_UP -> allow","65","65.0","EXECUTED","None","3.071","3.04439","3.09818"
"5882352b","2025-10-26T02:15:48.335012+00:00","ATOMUSDT","Ranging V4.1","BB Low Touch or RSI Cross Up (33.7)","long","True","BTC STRONG_UP -> allow","45","65.0","REJECTED","Низкая уверенность AI: 45% < 65.0%","None","None","None"
"df3025a0","2025-10-26T02:15:52.272201+00:00","CHZUSDT","Ranging V4.1","BB Low Touch or RSI Cross Up (37.3)","long","True","BTC STRONG_UP -> allow","55","65.0","REJECTED","Низкая уверенность AI: 55% < 65.0%","None","None","None"
"caa50130","2025-10-26T02:15:52.479389+00:00","ANKRUSDT","Ranging V4.1","BB Low Touch or RSI Cross Up (37.2)","long","True","BTC STRONG_UP -> allow","45","65.0","REJECTED","Низкая уверенность AI: 45% < 65.0%","None","None","None"
"bdf657fe","2025-10-26T02:23:28.193314+00:00","ADAUSDT","Ranging V4.1","BB Low Touch or RSI Cross Up (32.0)","long","None","None","None","None","REJECTED","Достигнут лимит позиций (7/4)","None","None","None"

"164fb1b4","2025-10-26T02:24:03.484617+00:00","ATOMUSDT","Ranging V4.1","BB Low Touch or RSI Cross Up (30.9)","long","None","None","None","None","REJECTED","Достигнут лимит позиций (7/4)","None","None","None"
"c840cdd6","2025-10-26T02:24:38.940041+00:00","ICPUSDT","Ranging V4.1","BB Low Touch or RSI Cross Up (31.5)","long","None","None","None","None","REJECTED","Достигнут лимит позиций (7/4)","None","None","None"
"d96ea70e","2025-10-26T02:25:14.114369+00:00","FILUSDT","Ranging V4.1","BB Low Touch or RSI Cross Up (34.5)","long","None","None","None","None","REJECTED","Достигнут лимит позиций (7/4)","None","None","None"
"e3487e62","2025-10-26T02:26:39.721377+00:00","ETHUSDT","Ranging V4.1","BB Low Touch or RSI Cross Up (33.0)","long","None","None","None","None","REJECTED","Достигнут лимит позиций (7/4)","None","None","None"

"2c621baf","2025-10-26T02:30:00.347018+00:00","ETHUSDT","Ranging V4.1","BB Low Touch or RSI Cross Up (40.6)","long","None","None","None","None","REJECTED","Достигнут лимит позиций (7/4)","None","None","None"
"9dce3d28","2025-10-26T02:30:35.546616+00:00","DOGEUSDT","Ranging V4.1","BB Low Touch or RSI Cross Up (34.9)","long","None","None","None","None","REJECTED","Достигнут лимит позиций (7/4)","None","None","None"
"ea0d1380","2025-10-26T02:31:12.484986+00:00","ATOMUSDT","Ranging V4.1","BB Low Touch or RSI Cross Up (33.7)","long","None","None","None","None","REJECTED","Достигнут лимит позиций (7/4)","None","None","None"
"bcb81fca","2025-10-26T02:31:47.678798+00:00","FILUSDT","Ranging V4.1","BB Low Touch or RSI Cross Up (38.9)","long","None","None","None","None","REJECTED","Достигнут лимит позиций (7/4)","None","None","None"
"efaff936","2025-10-26T02:32:23.118625+00:00","BTCUSDT","Pullback Engine","EMA20 retest, RSI=52.2, OFI=55.7, OBI=0.92","long","None","None","None","None","REJECTED","Достигнут лимит позиций (7/4)","None","None","None"
"0d40274e","2025-10-26T02:32:59.678221+00:00","LTCUSDT","Ranging V4.1","BB Low Touch or RSI Cross Up (40.6)","long","None","None","None","None","REJECTED","Достигнут лимит позиций (7/4)","None","None","None"
"4a1484a8","2025-10-26T02:33:38.049751+00:00","CHZUSDT","Ranging V4.1","BB Low Touch or RSI Cross Up (37.3)","long","None","None","None","None","REJECTED","Достигнут лимит позиций (7/4)","None","None","None"
"089a0981","2025-10-26T02:34:13.249108+00:00","ADAUSDT","Ranging V4.1","BB Low Touch or RSI Cross Up (37.3)","long","None","None","None","None","REJECTED","Достигнут лимит позиций (7/4)","None","None","None"
"c7514a87","2025-10-26T02:34:48.539866+00:00","FETUSDT","Ranging V4.1","BB Low Touch or RSI Cross Up (33.0)","long","None","None","None","None","REJECTED","Достигнут лимит позиций (7/4)","None","None","None"
"d18d0739","2025-10-26T02:35:26.372437+00:00","CRVUSDT","Ranging V4.1","BB Low Touch or RSI Cross Up (35.0)","long","None","None","None","None","REJECTED","Достигнут лимит позиций (7/4)","None","None","None"
"f57efebc","2025-10-26T02:36:01.737698+00:00","ICPUSDT","Ranging V4.1","BB Low Touch or RSI Cross Up (35.4)","long","None","None","None","None","REJECTED","Достигнут лимит позиций (7/4)","None","None","None"
"640aca0f","2025-10-26T02:36:39.153092+00:00","ANKRUSDT","Ranging V4.1","BB Low Touch or RSI Cross Up (37.2)","long","None","None","None","None","REJECTED","Достигнут лимит позиций (7/4)","None","None","None"
"e75488f8","2025-10-26T02:45:00.023143+00:00","DOGEUSDT","Ranging V4.1","BB Low Touch or RSI Cross Up (33.0)","long","None","None","None","None","REJECTED","Достигнут лимит позиций (7/4)","None","None","None"
"4a0c9a6a","2025-10-26T02:45:35.351955+00:00","ETHUSDT","Ranging V4.1","BB Low Touch or RSI Cross Up (37.5)","long","None","None","None","None","REJECTED","Достигнут лимит позиций (7/4)","None","None","None"
"3deab4cf","2025-10-26T02:46:13.975917+00:00","BNBUSDT","Ranging V4.1","RSI Cross Down from Overbought (57.4)","short","None","None","None","None","REJECTED","Достигнут лимит позиций (7/4)","None","None","None"
"54e7589f","2025-10-26T02:46:52.501714+00:00","ADAUSDT","Ranging V4.1","BB Low Touch or RSI Cross Up (34.5)","long","None","None","None","None","REJECTED","Достигнут лимит позиций (7/4)","None","None","None"
"37d27dca","2025-10-26T02:47:31.131159+00:00","FETUSDT","Ranging V4.1","BB Low Touch or RSI Cross Up (30.1)","long","None","None","None","None","REJECTED","Достигнут лимит позиций (7/4)","None","None","None"
"6c881406","2025-10-26T02:48:07.921677+00:00","CHZUSDT","Ranging V4.1","BB Low Touch or RSI Cross Up (33.2)","long","None","None","None","None","REJECTED","Достигнут лимит позиций (7/4)","None","None","None"
"857a8063","2025-10-26T02:59:58.086582+00:00","ETHUSDT","Ranging V4.1","BB Low Touch or RSI Cross Up (36.8)","long","None","None","None","None","REJECTED","Достигнут лимит позиций (7/4)","None","None","None"
"1445c3c9","2025-10-26T03:00:35.188017+00:00","BTCUSDT","Ranging V4.1","BB Low Touch or RSI Cross Up (43.1)","long","None","None","None","None","REJECTED","Достигнут лимит позиций (7/4)","None","None","None"
"59b46255","2025-10-26T03:01:12.496551+00:00","ADAUSDT","Ranging V4.1","BB Low Touch or RSI Cross Up (31.4)","long","None","None","None","None","REJECTED","Достигнут лимит позиций (7/4)","None","None","None"
"489a0325","2025-10-26T03:01:47.733356+00:00","FILUSDT","Ranging V4.1","BB Low Touch or RSI Cross Up (35.7)","long","None","None","None","None","REJECTED","Достигнут лимит позиций (7/4)","None","None","None"
"2ee45e30","2025-10-26T03:02:27.080825+00:00","XLMUSDT","Ranging V4.1","BB Low Touch or RSI Cross Up (38.7)","long","None","None","None","None","REJECTED","Достигнут лимит позиций (7/4)","None","None","None"
"091852d0","2025-10-26T03:03:02.642114+00:00","TRXUSDT","Pullback Engine","EMA20 retest, RSI=48.7, OFI=-43.7, OBI=-0.00","short","None","None","None","None","REJECTED","BTC state=UP, p_up=0.75","None","None","None"
"8f23f123","2025-10-26T03:03:04.434526+00:00","FETUSDT","Ranging V4.1","BB Low Touch or RSI Cross Up (31.0)","long","None","None","None","None","REJECTED","Достигнут лимит позиций (7/4)","None","None","None"
"c6e55eef","2025-10-26T03:03:42.878149+00:00","ANKRUSDT","Ranging V4.1","BB Low Touch or RSI Cross Up (38.2)","long","None","None","None","None","REJECTED","Достигнут лимит позиций (7/4)","None","None","None"
"8ffd7b76","2025-10-26T03:04:18.055975+00:00","LTCUSDT","Ranging V4.1","BB Low Touch or RSI Cross Up (42.7)","long","None","None","None","None","REJECTED","Достигнут лимит позиций (7/4)","None","None","None"
"67a22b3b","2025-10-26T03:14:59.997316+00:00","ETHUSDT","Ranging V4.1","BB Low Touch or RSI Cross Up (34.2)","long","None","None","None","None","REJECTED","Достигнут лимит позиций (7/4)","None","None","None"
"ed2042f2","2025-10-26T03:15:35.305514+00:00","BTCUSDT","Ranging V4.1","BB Low Touch or RSI Cross Up (43.3)","long","None","None","None","None","REJECTED","Достигнут лимит позиций (7/4)","None","None","None"
"c8f1969a","2025-10-26T03:16:14.837488+00:00","BNBUSDT","Pullback Engine","EMA20 retest, RSI=53.5, OFI=72.7, OBI=0.79","long","None","None","None","None","REJECTED","Достигнут лимит позиций (7/4)","None","None","None"
"a9074f44","2025-10-26T03:16:53.607348+00:00","ADAUSDT","Ranging V4.1","BB Low Touch or RSI Cross Up (29.1)","long","None","None","None","None","REJECTED","Достигнут лимит позиций (7/4)","None","None","None"
"e96582cc","2025-10-26T03:17:28.795599+00:00","FILUSDT","Ranging V4.1","BB Low Touch or RSI Cross Up (31.3)","long","None","None","None","None","REJECTED","Достигнут лимит позиций (7/4)","None","None","None"
"45d3f2f8","2025-10-26T03:18:06.045769+00:00","LTCUSDT","Ranging V4.1","BB Low Touch or RSI Cross Up (39.4)","long","None","None","None","None","REJECTED","Достигнут лимит позиций (7/4)","None","None","None"
"ff8e6ac2","2025-10-26T03:18:43.864467+00:00","ANKRUSDT","Ranging V4.1","BB Low Touch or RSI Cross Up (36.3)","long","None","None","None","None","REJECTED","Достигнут лимит позиций (7/4)","None","None","None"
"b972c3bc","2025-10-26T03:29:58.013624+00:00","FETUSDT","Ranging V4.1","BB Low Touch or RSI Cross Up (36.8)","long","None","None","None","None","REJECTED","Достигнут лимит позиций (7/4)","None","None","None"
"6428e8a2","2025-10-26T03:30:35.830690+00:00","TRXUSDT","Pullback Engine","EMA20 retest, RSI=48.1, OFI=-77.0, OBI=-0.49","short","None","None","None","None","REJECTED","BTC state=UP, p_up=0.76","None","None","None"
"7a806314","2025-10-26T03:30:37.674884+00:00","BNBUSDT","Pullback Engine","EMA20 retest, RSI=53.0, OFI=90.0, OBI=0.73","long","None","None","None","None","REJECTED","Достигнут лимит позиций (7/4)","None","None","None"
"89830257","2025-10-26T03:31:18.360016+00:00","NEARUSDT","Pullback Engine","EMA20 retest, RSI=45.3, OFI=-11.1, OBI=0.02","short","None","None","None","None","REJECTED","BTC state=UP, p_up=0.73","None","None","None"
"9af32f33","2025-10-26T03:31:20.640890+00:00","FILUSDT","Ranging V4.1","BB Low Touch or RSI Cross Up (41.0)","long","None","None","None","None","REJECTED","Достигнут лимит позиций (7/4)","None","None","None"
"5bdc79e7","2025-10-26T03:31:57.017471+00:00","LTCUSDT","Ranging V4.1","BB Low Touch or RSI Cross Up (49.4)","long","None","None","None","None","REJECTED","Достигнут лимит позиций (7/4)","None","None","None"
"ab497802","2025-10-26T03:44:57.826958+00:00","FILUSDT","Ranging V4.1","BB Low Touch or RSI Cross Up (33.8)","long","None","None","None","None","REJECTED","Достигнут лимит позиций (7/4)","None","None","None"
"99da3a10","2025-10-26T03:45:33.034595+00:00","BTCUSDT","Ranging V4.1","BB Low Touch or RSI Cross Up (36.9)","long","None","None","None","None","REJECTED","Достигнут лимит позиций (7/4)","None","None","None"
"8cb9c26a","2025-10-26T03:46:13.363857+00:00","XLMUSDT","Ranging V4.1","BB Low Touch or RSI Cross Up (35.2)","long","None","None","None","None","REJECTED","Достигнут лимит позиций (7/4)","None","None","None"
"a4ab59ea","2025-10-26T03:59:57.675509+00:00","BTCUSDT","Ranging V4.1","BB Low Touch or RSI Cross Up (36.5)","long","None","None","None","None","REJECTED","Достигнут лимит позиций (7/4)","None","None","None"
"6c705ff6","2025-10-26T04:00:35.089210+00:00","FILUSDT","Ranging V4.1","BB Low Touch or RSI Cross Up (38.8)","long","None","None","None","None","REJECTED","Достигнут лимит позиций (7/4)","None","None","None"
"d49167b9","2025-10-26T04:01:17.026894+00:00","BNBUSDT","Ranging V4.1","BB Low Touch or RSI Cross Up (46.2)","long","None","None","None","None","REJECTED","Достигнут лимит позиций (7/4)","None","None","None"
"70c6cd32","2025-10-26T04:01:52.232141+00:00","XLMUSDT","Ranging V4.1","BB Low Touch or RSI Cross Up (33.5)","long","None","None","None","None","REJECTED","Достигнут лимит позиций (7/4)","None","None","None"
"dc37b559","2025-10-26T04:02:28.933692+00:00","LTCUSDT","Ranging V4.1","BB Low Touch or RSI Cross Up (40.3)","long","None","None","None","None","REJECTED","Достигнут лимит позиций (7/4)","None","None","None"
"1c74b684","2025-10-26T04:14:59.607864+00:00","TRXUSDT","Ranging V4.1","BB Low Touch or RSI Cross Up (37.3)","long","None","None","None","None","REJECTED","Достигнут лимит позиций (7/4)","None","None","None"
"1d967af7","2025-10-26T04:15:34.908889+00:00","BTCUSDT","Ranging V4.1","BB Low Touch or RSI Cross Up (42.5)","long","None","None","None","None","REJECTED","Достигнут лимит позиций (7/4)","None","None","None"
"d34b0d01","2025-10-26T04:16:17.334261+00:00","XLMUSDT","Ranging V4.1","BB Low Touch or RSI Cross Up (36.7)","long","None","None","None","None","REJECTED","Достигнут лимит позиций (7/4)","None","None","None"
"8cb54c36","2025-10-26T04:16:53.869795+00:00","LTCUSDT","Ranging V4.1","BB Low Touch or RSI Cross Up (48.2)","long","None","None","None","None","REJECTED","Достигнут лимит позиций (7/4)","None","None","None"
"b0db0ed4","2025-10-26T04:29:58.730530+00:00","DOGEUSDT","Pullback Engine","EMA20 retest, RSI=46.7, OFI=-14.6, OBI=-0.29","short","None","None","None","None","REJECTED","Достигнут лимит позиций (7/4)","None","None","None"
"4fc9d1ef","2025-10-26T04:31:17.184005+00:00","BNBUSDT","Pullback Engine","EMA20 retest, RSI=52.0, OFI=48.8, OBI=0.27","long","None","None","None","None","REJECTED","BTC state=DOWN, p_up=0.08","None","None","None"
"ba1d4e52","2025-10-26T04:31:19.116385+00:00","TRXUSDT","Ranging V4.1","BB Low Touch or RSI Cross Up (30.5)","long","None","None","None","None","REJECTED","Достигнут лимит позиций (7/4)","None","None","None"
"4d1be1c6","2025-10-26T04:32:32.265472+00:00","SOLUSDT","Pullback Engine","EMA20 retest, RSI=49.6, OFI=-28.1, OBI=-0.03","short","None","None","None","None","REJECTED","Достигнут лимит позиций (7/4)","None","None","None"
"423f2bd7","2025-10-26T04:44:58.845448+00:00","SUIUSDT","Pullback Engine","EMA20 retest, RSI=49.9, OFI=-31.2, OBI=-0.10","short","None","None","None","None","REJECTED","Достигнут лимит позиций (7/4)","None","None","None"
"cafe96c6","2025-10-26T04:46:48.649784+00:00","SOLUSDT","Pullback Engine","EMA20 retest, RSI=49.0, OFI=-30.3, OBI=0.09","short","None","None","None","None","REJECTED","Достигнут лимит позиций (7/4)","None","None","None"
"4981ffd3","2025-10-26T04:48:36.019575+00:00","TRXUSDT","Ranging V4.1","BB Low Touch or RSI Cross Up (29.0)","long","None","None","None","None","REJECTED","Достигнут лимит позиций (7/4)","None","None","None"
"75d87e6e","2025-10-26T04:49:11.995018+00:00","IMXUSDT","Pullback Engine","EMA20 retest, RSI=45.6, OFI=-13.2, OBI=0.00","short","None","None","None","None","REJECTED","Достигнут лимит позиций (7/4)","None","None","None"
"787c7848","2025-10-26T04:49:52.289560+00:00","ICPUSDT","Pullback Engine","EMA20 retest, RSI=48.9, OFI=-12.1, OBI=-0.20","short","None","None","None","None","REJECTED","Достигнут лимит позиций (7/4)","None","None","None"
"81ca4500","2025-10-26T05:00:00.481976+00:00","INJUSDT","Pullback Engine","EMA20 retest, RSI=47.8, OFI=-39.4, OBI=-0.16","short","None","None","None","None","REJECTED","Достигнут лимит позиций (7/4)","None","None","None"
"e55f76c8","2025-10-26T05:01:15.385861+00:00","TRXUSDT","Ranging V4.1","BB Low Touch or RSI Cross Up (31.4)","long","None","None","None","None","REJECTED","Достигнут лимит позиций (7/4)","None","None","None"
"d7eb2c0a","2025-10-26T05:02:27.548248+00:00","ADAUSDT","Pullback Engine","EMA20 retest, RSI=45.6, OFI=-11.0, OBI=-0.08","short","None","None","None","None","REJECTED","Достигнут лимит позиций (7/4)","None","None","None"
"81563a20","2025-10-26T05:02:28.041662+00:00","DOGEUSDT","Pullback Engine","EMA20 retest, RSI=46.6, OFI=-53.2, OBI=-0.44","short","None","None","None","None","REJECTED","Достигнут лимит позиций (7/4)","None","None","None"
"d1f08419","2025-10-26T05:04:54.985174+00:00","LTCUSDT","Pullback Engine","EMA20 retest, RSI=50.4, OFI=13.7, OBI=0.13","long","None","None","None","None","REJECTED","BTC state=DOWN, p_up=0.00","None","None","None"
"571cd1ce","2025-10-26T05:14:58.665356+00:00","BTCUSDT","Pullback Engine","EMA20 retest, RSI=48.9, OFI=-47.6, OBI=-0.48","short","None","None","None","None","REJECTED","Достигнут лимит позиций (7/4)","None","None","None"
"459d33a1","2025-10-26T05:16:12.682172+00:00","WIFUSDT","Pullback Engine","EMA20 retest, RSI=46.6, OFI=-22.4, OBI=-0.15","short","None","None","None","None","REJECTED","Достигнут лимит позиций (7/4)","None","None","None"
"1ef0f526","2025-10-26T05:17:27.330484+00:00","BNBUSDT","Ranging V4.1","BB Low Touch or RSI Cross Up (48.2)","long","None","None","None","None","REJECTED","Достигнут лимит позиций (7/4)","None","None","None"
"ca78910a","2025-10-26T05:18:02.521871+00:00","TRXUSDT","Ranging V4.1","BB Low Touch or RSI Cross Up (30.2)","long","None","None","None","None","REJECTED","Достигнут лимит позиций (7/4)","None","None","None"
"c7fa634a","2025-10-26T05:18:38.056417+00:00","ENAUSDT","Pullback Engine","EMA20 retest, RSI=49.3, OFI=-1.7, OBI=-0.19","short","None","None","None","None","REJECTED","Достигнут лимит позиций (7/4)","None","None","None"
"c0699e50","2025-10-26T05:29:58.258382+00:00","BNBUSDT","Pullback Engine","EMA20 retest, RSI=50.8, OFI=45.5, OBI=-0.08","long","None","None","None","None","REJECTED","BTC state=DOWN, p_up=0.00","None","None","None"
"518e4eaf","2025-10-26T05:30:00.524314+00:00","ENAUSDT","Pullback Engine","EMA20 retest, RSI=48.4, OFI=-2.3, OBI=-0.12","short","None","None","None","None","REJECTED","Достигнут лимит позиций (7/4)","None","None","None"
"37b7d221","2025-10-26T05:30:43.532809+00:00","NEARUSDT","Ranging V4.1","RSI Cross Down from Overbought (58.3)","short","None","None","None","None","REJECTED","Достигнут лимит позиций (7/4)","None","None","None"
"11e51f7a","2025-10-26T05:52:46.904885+00:00","NEARUSDT","Ranging V4.2 AVWAP","RSI Cross Down from Overbought (64.5)","short","None","None","None","None","REJECTED","Достигнут лимит позиций (7/4)","None","None","None"
"f38656a2","2025-10-26T05:52:47.267084+00:00","FILUSDT","Ranging V4.2 AVWAP","RSI Cross Down from Overbought (60.4)","short","None","None","None","None","REJECTED","Достигнут лимит позиций (7/4)","None","None","None"
"d65557f3","2025-10-26T05:52:47.397108+00:00","FETUSDT","Ranging V4.2 AVWAP","RSI Cross Down from Overbought (68.9)","short","None","None","None","None","REJECTED","Достигнут лимит позиций (7/4)","None","None","None"
"fab8f32d","2025-10-26T05:52:48.128982+00:00","LTCUSDT","Ranging V4.2 AVWAP","RSI Cross Down from Overbought (56.3)","short","None","None","None","None","REJECTED","Достигнут лимит позиций (7/4)","None","None","None"
"8c39b398","2025-10-26T06:00:00.392849+00:00","NEARUSDT","Ranging V4.2 AVWAP","RSI Cross Down from Overbought (63.9)","short","None","None","None","None","REJECTED","Достигнут лимит позиций (7/4)","None","None","None"
"8c22ccb7","2025-10-26T06:00:38.961520+00:00","ADAUSDT","Ranging V4.2 AVWAP","RSI Cross Down from Overbought (56.6)","short","None","None","None","None","REJECTED","Достигнут лимит позиций (7/4)","None","None","None"
"49cd1041","2025-10-26T06:01:15.501940+00:00","ENAUSDT","Pullback Engine","EMA20 retest, RSI=50.1, OFI=-14.9, OBI=-0.14","short","None","None","None","None","REJECTED","Достигнут лимит позиций (7/4)","None","None","None"
"ec8a5425","2025-10-26T06:01:53.321686+00:00","SUIUSDT","Ranging V4.2 AVWAP","RSI Cross Down from Overbought (60.4)","short","None","None","None","None","REJECTED","Достигнут лимит позиций (7/4)","None","None","None"
"42213da3","2025-10-26T06:01:53.403460+00:00","ICPUSDT","Ranging V4.2 AVWAP","RSI Cross Down from Overbought (59.8)","short","None","None","None","None","REJECTED","Достигнут лимит позиций (7/4)","None","None","None"
"1eebbd19","2025-10-26T06:03:40.981365+00:00","LTCUSDT","Ranging V4.2 AVWAP","RSI Cross Down from Overbought (55.2)","short","None","None","None","None","REJECTED","Достигнут лимит позиций (7/4)","None","None","None"
"28aa0066","2025-10-26T06:04:17.683487+00:00","FETUSDT","Ranging V4.2 AVWAP","RSI Cross Down from Overbought (69.6)","short","None","None","None","None","REJECTED","Достигнут лимит позиций (7/4)","None","None","None"
"0e4b07f7","2025-10-26T06:04:55.045878+00:00","FILUSDT","Ranging V4.2 AVWAP","RSI Cross Down from Overbought (57.9)","short","None","None","None","None","REJECTED","Достигнут лимит позиций (7/4)","None","None","None"
"0ad6aab0","2025-10-26T06:15:43.124599+00:00","ICPUSDT","Ranging V4.2 AVWAP","RSI Cross Down from Overbought (60.4)","short","None","None","None","None","REJECTED","Достигнут лимит позиций (7/4)","None","None","None"
"861c60a8","2025-10-26T06:15:43.229618+00:00","LTCUSDT","Ranging V4.2 AVWAP","RSI Cross Down from Overbought (57.0)","short","None","None","None","None","REJECTED","Достигнут лимит позиций (7/4)","None","None","None"
"12c7ab3b","2025-10-26T06:29:59.903752+00:00","SOLUSDT","Ranging V4.2 AVWAP","RSI Cross Down from Overbought (60.4)","short","None","None","None","None","REJECTED","Достигнут лимит позиций (7/4)","None","None","None"
"edaaef31","2025-10-26T06:30:40.243609+00:00","DOGEUSDT","Ranging V4.2 AVWAP","RSI Cross Down from Overbought (56.2)","short","None","None","None","None","REJECTED","Достигнут лимит позиций (7/4)","None","None","None"
"97329acb","2025-10-26T06:31:17.151899+00:00","LTCUSDT","Ranging V4.2 AVWAP","RSI Cross Down from Overbought (62.4)","short","None","None","None","None","REJECTED","Достигнут лимит позиций (7/4)","None","None","None"
"28c8121e","2025-10-26T06:31:53.529120+00:00","TRXUSDT","Pullback Engine","EMA20 retest, RSI=45.9, OFI=-28.7, OBI=-0.41","short","None","None","None","None","REJECTED","Достигнут лимит позиций (7/4)","None","None","None"
"5875aec7","2025-10-26T06:32:30.760987+00:00","APEUSDT","Pullback Engine","EMA20 retest, RSI=46.1, OFI=-37.4, OBI=-0.12","short","None","None","None","None","REJECTED","Достигнут лимит позиций (7/4)","None","None","None"
"346f040e","2025-10-26T06:46:17.315793+00:00","LTCUSDT","Ranging V4.2 AVWAP","RSI Cross Down from Overbought (63.3)","short","None","None","None","None","REJECTED","Достигнут лимит позиций (7/4)","None","None","None"
"ae516c46","2025-10-26T06:46:52.916163+00:00","DOGEUSDT","Ranging V4.2 AVWAP","RSI Cross Down from Overbought (52.7)","short","None","None","None","None","REJECTED","Достигнут лимит позиций (7/4)","None","None","None"
"a9ac61de","2025-10-26T06:47:30.532588+00:00","SUIUSDT","Pullback Engine","EMA20 retest, RSI=51.2, OFI=35.0, OBI=0.39","long","None","None","None","None","REJECTED","BTC state=DOWN, p_up=0.00","None","None","None"
"3bc997c8","2025-10-26T06:47:30.744412+00:00","ADAUSDT","Ranging V4.2 AVWAP","RSI Cross Down from Overbought (57.6)","short","None","None","None","None","REJECTED","Достигнут лимит позиций (7/4)","None","None","None"
"61c5aa62","2025-10-26T06:48:46.194375+00:00","IMXUSDT","Pullback Engine","EMA20 retest, RSI=48.9, OFI=2.9, OBI=-0.18","short","None","None","None","None","REJECTED","Достигнут лимит позиций (7/4)","None","None","None"
"88bfd92f","2025-10-26T07:05:23.041788+00:00","XRPUSDT","Ranging V4.2 AVWAP","RSI Cross Down from Overbought (59.8)","short","None","None","65","65.0","REJECTED","Отклонено фильтром качества: Низкий объем для режима 'Флэт' (879184 < 60% от avg 2882903).","None","None","None"
"35ceef39","2025-10-26T07:05:24.955120+00:00","LTCUSDT","Ranging V4.2 AVWAP","RSI Cross Down from Overbought (70.9)","short","None","None","35","62.0","REJECTED","Низкая уверенность AI: 35% < 62.0%","None","None","None"
"156547cb","2025-10-26T07:05:29.228046+00:00","ARBUSDT","Pullback Engine","EMA20 retest, RSI=49.5, OFI=-25.2, OBI=-0.18","short","None","None","None","None","REJECTED","AI BTC filter: AI Заблокировано: НЕТ, БЛОКИРУЮ. BTC находится в фазе консолидации и высокой неопределенности после сильного падения. Цена зажата между плоскими скользящими средними, что указывает на отсутствие четкого тренда ('пила'). Более того, наблюдается недавний отскок от локального минимума (~11200), что создает краткосрочный импульс ПРОТИВ шорт-сделки. Открытие коротких позиций в такой рыночной фазе крайне рискованно из-за вероятности резких движений в обе стороны. Безопаснее дождаться пробоя поддержки или явного отбоя от сопротивления. (conf: 25%)","None","None","None"
"e0f3ab43","2025-10-26T07:05:29.245247+00:00","BCHUSDT","Pullback Engine","EMA20 retest, RSI=49.3, OFI=68.6, OBI=0.56","long","None","None","None","None","REJECTED","Глобальный фильтр: BTC state=DOWN, p_up=0.08","None","None","None"
"9858c3e0","2025-10-26T07:05:29.283694+00:00","LINKUSDT","Pullback Engine","EMA20 retest, RSI=44.2, OFI=-24.5, OBI=-0.05","short","None","None","None","None","REJECTED","AI BTC filter: AI Заблокировано: НЕТ, БЛОКИРУЮ. Текущая фаза рынка BTC неблагоприятна для открытия SHORT позиций. После падения цена сформировала сильный восходящий импульс от уровня ~111200, закрепившись выше ключевых скользящих средних. Произошло их бычье пересечение, что указывает на локальную силу покупателей. Рынок находится в фазе консолидации (боковик) после роста, что создает высокую неопределенность и риск резкого движения вверх. Открытие шорта в текущей точке — это торговля против недавнего импульса. (conf: 20%)","None","None","None"
"4e6d451c","2025-10-26T07:05:29.320961+00:00","APTUSDT","Pullback Engine","EMA20 retest, RSI=53.8, OFI=93.7, OBI=0.74","long","None","None","None","None","REJECTED","Глобальный фильтр: BTC state=DOWN, p_up=0.01","None","None","None"
"a0a510de","2025-10-26T07:15:01.891967+00:00","LINKUSDT","Trending_AI_Filtered","Pullback to EMA20","short","None","None","None","None","REJECTED","Gemini отклонил сделку (уверенность 25% < порога 67.0%)","None","None","None"
"e3a8e3ff","2025-10-26T07:15:02.108852+00:00","LTCUSDT","Ranging V4.2 AVWAP","RSI Cross Down from Overbought (71.9)","short","None","None","35","62.0","REJECTED","Низкая уверенность AI: 35% < 62.0%","None","None","None"
"b2f83761","2025-10-26T07:15:07.660357+00:00","BNBUSDT","Ranging V4.2 AVWAP","RSI Cross Down from Overbought (56.5)","short","None","None","45","62.0","REJECTED","Низкая уверенность AI: 45% < 62.0%","None","None","None"
"8eca89a5","2025-10-26T07:15:11.775234+00:00","TRXUSDT","Pullback Engine","EMA20 retest, RSI=46.3, OFI=-1.3, OBI=-0.14","short","None","None","None","None","REJECTED","Strong OFI against short: 33.4","None","None","None"
"c6a3a082","2025-10-26T07:15:35.510408+00:00","TRXUSDT","Trending_AI_Filtered","Pullback to EMA20","short","None","None","None","None","REJECTED","Gemini отклонил сделку (уверенность 35% < порога 65.0%)","None","None","None"
"676ef26e","2025-10-26T07:15:40.621961+00:00","ONEUSDT","Pullback Engine","EMA20 retest, RSI=51.8, OFI=11.5, OBI=0.32","long","None","None","None","None","REJECTED","Глобальный фильтр: BTC state=DOWN, p_up=0.00","None","None","None"
"68d576c8","2025-10-26T07:15:42.563325+00:00","BCHUSDT","Trending_AI_Filtered","Pullback to EMA20","long","None","None","None","None","REJECTED","BTC state=DOWN, p_up=0.00","None","None","None"
"2ca85dcc","2025-10-26T07:30:01.149029+00:00","ETHUSDT","Pullback Engine","EMA20 retest, RSI=50.1, OFI=-25.6, OBI=0.36","short","None","None","None","None","REJECTED","AI BTC filter: AI Заблокировано: БЛОКИРУЮ. Текущая рыночная фаза на BTC крайне неблагоприятна для открытия SHORT позиций. На графике наблюдается сильный локальный восходящий импульс после V-образного восстановления от уровня ~111200. Цена закрепилась выше скользящих средних, которые начинают разворачиваться вверх, что является бычьим сигналом. Вход в SHORT в данный момент — это торговля против явного краткосрочного тренда без каких-либо признаков его разворота. Риск 'выноса' стопа по такой сделке очень высок. Рекомендуется дождаться как минимум теста зоны сопротивления ~111800-111900 и формирования там разворотной медвежьей структуры. (conf: 15%)","None","None","None"
"79ee1c8b","2025-10-26T07:30:01.646391+00:00","LINKUSDT","Trending_AI_Filtered","Pullback to EMA20","short","None","None","None","None","REJECTED","Gemini отклонил сделку (уверенность 25% < порога 67.0%)","None","None","None"
"95198989","2025-10-26T07:30:06.978374+00:00","LTCUSDT","Ranging V4.2 AVWAP","RSI Cross Down from Overbought (68.8)","short","None","None","45","65.0","REJECTED","Низкая уверенность AI: 45% < 65.0%","None","None","None"
"ff38bd60","2025-10-26T07:30:09.715596+00:00","ONEUSDT","Ranging V4.2 AVWAP","RSI Cross Down from Overbought (57.1)","short","None","None","45","65.0","REJECTED","Низкая уверенность AI: 45% < 65.0%","None","None","None"
"2363410c","2025-10-26T07:30:28.326951+00:00","BCHUSDT","Impulse_AI_Filtered","BBW↑0.41, ADX=27.4, OFI=13.2, OBI=0.08","long","None","None","None","None","REJECTED","BTC state=DOWN, p_up=0.00","None","None","None"
"06686154","2025-10-26T07:30:48.901147+00:00","ANKRUSDT","Ranging V4.2 AVWAP","RSI Cross Down from Overbought (55.5)","short","None","None","35","65.0","REJECTED","Низкая уверенность AI: 35% < 65.0%","None","None","None"
"7c2a4f5e","2025-10-26T07:30:52.961189+00:00","BCHUSDT","Trending_AI_Filtered","Pullback to EMA20","long","None","None","None","None","REJECTED","BTC state=DOWN, p_up=0.00","None","None","None"
"64a78295","2025-10-26T07:30:58.696733+00:00","SEIUSDT","Ranging V4.2 AVWAP","RSI Cross Down from Overbought (54.9)","short","None","None","65","62.0","EXECUTED","None","0.2001","0.2002","0.1997"
"c449f8da","2025-10-26T07:30:59.081261+00:00","ENAUSDT","Trending_AI_Filtered","Pullback to EMA20","short","None","None","None","None","REJECTED","Gemini отклонил сделку (уверенность 15% < порога 65.0%)","None","None","None"
"3ada8705","2025-10-26T07:30:59.273355+00:00","ENJUSDT","Ranging V4.2 AVWAP","RSI Cross Down from Overbought (60.8)","short","None","None","45","65.0","REJECTED","Низкая уверенность AI: 45% < 65.0%","None","None","None"
"05315581","2025-10-26T07:45:29.522594+00:00","ARBUSDT","Ranging V4.2 AVWAP","RSI Cross Down from Overbought (62.1)","short","None","None","45","65.0","REJECTED","Низкая уверенность AI: 45% < 65.0%","None","None","None"
"66ca8b51","2025-10-26T07:45:39.476729+00:00","BCHUSDT","Impulse_AI_Filtered","BBW↑1.02, ADX=29.4, OFI=-48.1, OBI=0.20","long","None","None","None","None","REJECTED","BTC state=DOWN, p_up=0.00","None","None","None"
"785f362d","2025-10-26T07:45:39.650317+00:00","LTCUSDT","Ranging V4.2 AVWAP","RSI Cross Down from Overbought (72.0)","short","None","None","45","65.0","REJECTED","Низкая уверенность AI: 45% < 65.0%","None","None","None"
"d39b0469","2025-10-26T07:45:48.209110+00:00","XLMUSDT","Ranging V4.2 AVWAP","RSI Cross Down from Overbought (61.3)","short","None","None","45","65.0","REJECTED","Низкая уверенность AI: 45% < 65.0%","None","None","None"
"9747871a","2025-10-26T07:45:57.660946+00:00","HBARUSDT","Impulse_AI_Filtered","BBW↑0.34, ADX=26.0, OFI=29.3, OBI=0.46","long","None","None","None","None","REJECTED","BTC state=DOWN, p_up=0.00","None","None","None"
"85e4e9bd","2025-10-26T07:46:04.152540+00:00","ANKRUSDT","Ranging V4.2 AVWAP","RSI Cross Down from Overbought (60.5)","short","None","None","35","65.0","REJECTED","Низкая уверенность AI: 35% < 65.0%","None","None","None"
"216d4b6d","2025-10-26T07:56:28.892740+00:00","ANKRUSDT","Ranging V4.3 AVWAP WideSL","RSI Cross Down from Overbought (66.4)","short","None","None","35","65.0","REJECTED","Низкая уверенность AI: 35% < 65.0%","None","None","None"
"3ed6186c","2025-10-26T07:56:35.678713+00:00","FILUSDT","Ranging V4.3 AVWAP WideSL","RSI Cross Down from Overbought (70.0)","short","None","None","45","65.0","REJECTED","Низкая уверенность AI: 45% < 65.0%","None","None","None"
"072fc449","2025-10-26T07:56:35.928084+00:00","IMXUSDT","Ranging V4.3 AVWAP WideSL","RSI Cross Down from Overbought (61.6)","short","None","None","35","65.0","REJECTED","Низкая уверенность AI: 35% < 65.0%","None","None","None"
"5a7110dc","2025-10-26T07:56:36.317812+00:00","ETHUSDT","Ranging V4.3 AVWAP WideSL","RSI Cross Down from Overbought (60.1)","short","None","None","35","62.0","REJECTED","Низкая уверенность AI: 35% < 62.0%","None","None","None"
"eee07323","2025-10-26T07:56:36.580025+00:00","LTCUSDT","Ranging V4.3 AVWAP WideSL","RSI Cross Down from Overbought (70.0)","short","None","None","45","65.0","REJECTED","Низкая уверенность AI: 45% < 65.0%","None","None","None"
"ae298d54","2025-10-26T07:56:37.333077+00:00","ARBUSDT","Ranging V4.3 AVWAP WideSL","RSI Cross Down from Overbought (63.7)","short","None","None","45","65.0","REJECTED","Низкая уверенность AI: 45% < 65.0%","None","None","None"
"271cc9b7","2025-10-26T07:56:40.606292+00:00","TRXUSDT","Pullback Engine","EMA20 retest, RSI=47.5, OFI=-80.3, OBI=-0.51","short","None","None","None","None","REJECTED","Strong OFI against short: 72.6","None","None","None"
"9a471e0f","2025-10-26T08:00:01.996238+00:00","BCHUSDT","Breakout_AI_Filtered","Donchian Breakout H1 (P40)","long","None","None","None","None","REJECTED","BTC state=DOWN, p_up=0.08","None","None","None"
"054468e4","2025-10-26T08:00:03.493707+00:00","FILUSDT","Ranging V4.3 AVWAP WideSL","RSI Cross Down from Overbought (70.0)","short","None","None","35","65.0","REJECTED","Низкая уверенность AI: 35% < 65.0%","None","None","None"
"cd9aaaa2","2025-10-26T08:00:06.988846+00:00","IMXUSDT","Ranging V4.3 AVWAP WideSL","RSI Cross Down from Overbought (62.8)","short","None","None","35","65.0","REJECTED","Низкая уверенность AI: 35% < 65.0%","None","None","None"
"28170491","2025-10-26T08:00:09.603209+00:00","XLMUSDT","Ranging V4.3 AVWAP WideSL","RSI Cross Down from Overbought (64.0)","short","None","None","45","65.0","REJECTED","Низкая уверенность AI: 45% < 65.0%","None","None","None"
"75e0fd04","2025-10-26T08:00:09.697942+00:00","TRXUSDT","Trending_AI_Filtered","Pullback to EMA20","short","None","None","None","None","REJECTED","Gemini отклонил сделку (уверенность 45% < порога 65.0%)","None","None","None"
"d4ff9e67","2025-10-26T08:00:12.517123+00:00","ETHUSDT","Ranging V4.3 AVWAP WideSL","RSI Cross Down from Overbought (60.0)","short","None","None","35","62.0","REJECTED","Низкая уверенность AI: 35% < 62.0%","None","None","None"
"01e3fb4e","2025-10-26T08:00:24.143795+00:00","LTCUSDT","Ranging V4.3 AVWAP WideSL","RSI Cross Down from Overbought (68.5)","short","None","None","45","65.0","REJECTED","Низкая уверенность AI: 45% < 65.0%","None","None","None"
"f4944ddd","2025-10-26T08:00:38.727690+00:00","ARBUSDT","Ranging V4.3 AVWAP WideSL","RSI Cross Down from Overbought (64.2)","short","None","None","45","65.0","REJECTED","Низкая уверенность AI: 45% < 65.0%","None","None","None"
"b0da9e85","2025-10-26T08:00:40.140179+00:00","ANKRUSDT","Ranging V4.3 AVWAP WideSL","RSI Cross Down from Overbought (66.4)","short","None","None","35","65.0","REJECTED","Низкая уверенность AI: 35% < 65.0%","None","None","None"
"c6b2cca9","2025-10-26T08:14:59.505997+00:00","DOGEUSDT","Ranging V4.3 AVWAP WideSL","RSI Cross Down from Overbought (63.9)","short","None","None","35","65.0","REJECTED","Низкая уверенность AI: 35% < 65.0%","None","None","None"
"01843f0b","2025-10-26T08:15:01.589850+00:00","SUIUSDT","Ranging V4.3 AVWAP WideSL","RSI Cross Down from Overbought (62.0)","short","None","None","45","65.0","REJECTED","Низкая уверенность AI: 45% < 65.0%","None","None","None"
"9f26a887","2025-10-26T08:15:01.768846+00:00","BTCUSDT","Ranging V4.3 AVWAP WideSL","RSI Cross Down from Overbought (64.9)","short","None","None","35","62.0","REJECTED","Низкая уверенность AI: 35% < 62.0%","None","None","None"
"acdaa4ca","2025-10-26T08:15:06.456854+00:00","ENAUSDT","Ranging V4.3 AVWAP WideSL","RSI Cross Down from Overbought (58.3)","short","None","None","45","65.0","REJECTED","Низкая уверенность AI: 45% < 65.0%","None","None","None"
"67b8cc47","2025-10-26T08:15:07.505356+00:00","TRXUSDT","Trending_AI_Filtered","Pullback to EMA20","short","None","None","None","None","REJECTED","Gemini отклонил сделку (уверенность 45% < порога 65.0%)","None","None","None"
"f52b2677","2025-10-26T08:15:14.315313+00:00","ANKRUSDT","Ranging V4.3 AVWAP WideSL","RSI Cross Down from Overbought (72.4)","short","None","None","40","65.0","REJECTED","Низкая уверенность AI: 40% < 65.0%","None","None","None"
"24877f7c","2025-10-26T08:15:18.047699+00:00","ETHUSDT","Ranging V4.3 AVWAP WideSL","RSI Cross Down from Overbought (63.7)","short","None","None","35","62.0","REJECTED","Низкая уверенность AI: 35% < 62.0%","None","None","None"
"7b6ab410","2025-10-26T08:15:27.844881+00:00","ADAUSDT","Ranging V4.3 AVWAP WideSL","RSI Cross Down from Overbought (68.4)","short","None","None","35","65.0","REJECTED","Низкая уверенность AI: 35% < 65.0%","None","None","None"
"06752a47","2025-10-26T08:15:45.470826+00:00","OPUSDT","Ranging V4.3 AVWAP WideSL","RSI Cross Down from Overbought (66.7)","short","None","None","45","65.0","REJECTED","Низкая уверенность AI: 45% < 65.0%","None","None","None"
"efc31ed5","2025-10-26T08:15:50.384132+00:00","ANKRUSDT","Impulse_AI_Filtered","BBW↑0.86, ADX=24.6, OFI=9.3, OBI=0.35","long","None","None","None","None","REJECTED","BTC state=DOWN, p_up=0.01","None","None","None"
"6de93962","2025-10-26T08:16:01.780113+00:00","TIAUSDT","Ranging V4.3 AVWAP WideSL","RSI Cross Down from Overbought (54.2)","short","None","None","45","65.0","REJECTED","Низкая уверенность AI: 45% < 65.0%","None","None","None"
"33273920","2025-10-26T08:16:04.830251+00:00","DOTUSDT","Ranging V4.3 AVWAP WideSL","RSI Cross Down from Overbought (65.3)","short","None","None","45","65.0","REJECTED","Низкая уверенность AI: 45% < 65.0%","None","None","None"
"7a54acdf","2025-10-26T08:16:07.237887+00:00","ATOMUSDT","Ranging V4.3 AVWAP WideSL","RSI Cross Down from Overbought (75.4)","short","None","None","40","65.0","REJECTED","Низкая уверенность AI: 40% < 65.0%","None","None","None"
"f10db05f","2025-10-26T08:16:11.090835+00:00","ALGOUSDT","Ranging V4.3 AVWAP WideSL","RSI Cross Down from Overbought (67.4)","short","None","None","45","65.0","REJECTED","Низкая уверенность AI: 45% < 65.0%","None","None","None"
"b64c2329","2025-10-26T08:16:12.551653+00:00","IMXUSDT","Ranging V4.3 AVWAP WideSL","RSI Cross Down from Overbought (60.7)","short","None","None","35","65.0","REJECTED","Низкая уверенность AI: 35% < 65.0%","None","None","None"
"6ffc1079","2025-10-26T08:16:17.942041+00:00","SEIUSDT","Ranging V4.3 AVWAP WideSL","RSI Cross Down from Overbought (63.7)","short","None","None","45","62.0","REJECTED","Низкая уверенность AI: 45% < 62.0%","None","None","None"
"17467bdd","2025-10-26T08:16:28.342189+00:00","FILUSDT","Ranging V4.3 AVWAP WideSL","RSI Cross Down from Overbought (74.1)","short","None","None","35","65.0","REJECTED","Низкая уверенность AI: 35% < 65.0%","None","None","None"
"6e8a4a22","2025-10-26T08:16:28.693257+00:00","ONEUSDT","Ranging V4.3 AVWAP WideSL","RSI Cross Down from Overbought (59.7)","short","None","None","45","65.0","REJECTED","Низкая уверенность AI: 45% < 65.0%","None","None","None"
"cdbd0ea5","2025-10-26T08:30:01.280823+00:00","ENAUSDT","Ranging V4.3 AVWAP WideSL","RSI Cross Down from Overbought (62.9)","short","None","None","45","65.0","REJECTED","Низкая уверенность AI: 45% < 65.0%","None","None","None"
"5ccc42d7","2025-10-26T08:30:01.583341+00:00","BNBUSDT","Ranging V4.3 AVWAP WideSL","RSI Cross Down from Overbought (61.7)","short","None","None","35","62.0","REJECTED","Низкая уверенность AI: 35% < 62.0%","None","None","None"
"56a7bd1b","2025-10-26T08:30:01.812823+00:00","XRPUSDT","Trending_AI_Filtered","Pullback to EMA20","long","None","None","None","None","REJECTED","BTC state=DOWN, p_up=0.00","None","None","None"
"286b8a87","2025-10-26T08:30:08.669523+00:00","ADAUSDT","Ranging V4.3 AVWAP WideSL","RSI Cross Down from Overbought (66.1)","short","None","None","35","65.0","REJECTED","Низкая уверенность AI: 35% < 65.0%","None","None","None"
"ff61d266","2025-10-26T08:30:16.635993+00:00","AVAXUSDT","Impulse_AI_Filtered","BBW↑0.46, ADX=33.9, OFI=75.9, OBI=0.44","long","None","None","None","None","REJECTED","BTC state=DOWN, p_up=0.00","None","None","None"
"5c59012c","2025-10-26T08:30:19.637740+00:00","ALGOUSDT","Ranging V4.3 AVWAP WideSL","RSI Cross Down from Overbought (69.2)","short","None","None","35","65.0","REJECTED","Низкая уверенность AI: 35% < 65.0%","None","None","None"
"9bd0df93","2025-10-26T08:30:20.978413+00:00","ATOMUSDT","Ranging V4.3 AVWAP WideSL","RSI Cross Down from Overbought (76.2)","short","None","None","40","65.0","REJECTED","Низкая уверенность AI: 40% < 65.0%","None","None","None"
"9149e3c5","2025-10-26T08:30:24.784052+00:00","SEIUSDT","Ranging V4.3 AVWAP WideSL","RSI Cross Down from Overbought (65.7)","short","None","None","45","62.0","REJECTED","Низкая уверенность AI: 45% < 62.0%","None","None","None"
"5d336ef9","2025-10-26T08:45:01.221804+00:00","BNBUSDT","Ranging V4.3 AVWAP WideSL","RSI Cross Down from Overbought (65.8)","short","None","None","35","62.0","REJECTED","Низкая уверенность AI: 35% < 62.0%","None","None","None"
"7d529cbb","2025-10-26T08:45:08.696945+00:00","ENAUSDT","Ranging V4.3 AVWAP WideSL","RSI Cross Down from Overbought (65.4)","short","None","None","45","65.0","REJECTED","Низкая уверенность AI: 45% < 65.0%","None","None","None"
"ba327f06","2025-10-26T08:45:09.939905+00:00","TIAUSDT","Ranging V4.3 AVWAP WideSL","RSI Cross Down from Overbought (56.8)","short","None","None","45","65.0","REJECTED","Низкая уверенность AI: 45% < 65.0%","None","None","None"
"c0825134","2025-10-26T08:45:17.271397+00:00","APEUSDT","Ranging V4.3 AVWAP WideSL","RSI Cross Down from Overbought (52.0)","short","None","None","35","65.0","REJECTED","Низкая уверенность AI: 35% < 65.0%","None","None","None"
"02c6e55f","2025-10-26T08:59:59.217981+00:00","IMXUSDT","Ranging V4.3 AVWAP WideSL","RSI Cross Down from Overbought (63.5)","short","None","None","45","65.0","REJECTED","Низкая уверенность AI: 45% < 65.0%","None","None","None"
"5f98a165","2025-10-26T09:00:01.236765+00:00","DOGEUSDT","Ranging V4.3 AVWAP WideSL","RSI Cross Down from Overbought (65.8)","short","None","None","35","65.0","REJECTED","Низкая уверенность AI: 35% < 65.0%","None","None","None"
"43b9c028","2025-10-26T09:00:01.312239+00:00","TRXUSDT","Ranging V4.3 AVWAP WideSL","RSI Cross Down from Overbought (53.7)","short","None","None","65","65.0","REJECTED","Исполнение сделки не удалось","0.29586","0.29657","0.29479"
"37d16794","2025-10-26T09:00:06.772298+00:00","ETHUSDT","Ranging V4.3 AVWAP WideSL","RSI Cross Down from Overbought (66.7)","short","None","None","45","62.0","REJECTED","Низкая уверенность AI: 45% < 62.0%","None","None","None"
"135fcdba","2025-10-26T09:00:09.506328+00:00","SUIUSDT","Ranging V4.3 AVWAP WideSL","RSI Cross Down from Overbought (62.7)","short","None","None","45","65.0","REJECTED","Низкая уверенность AI: 45% < 65.0%","None","None","None"
"0600076d","2025-10-26T09:00:14.044337+00:00","TIAUSDT","Ranging V4.3 AVWAP WideSL","RSI Cross Down from Overbought (59.2)","short","None","None","45","65.0","REJECTED","Низкая уверенность AI: 45% < 65.0%","None","None","None"
"8e086af9","2025-10-26T09:00:30.885229+00:00","SEIUSDT","Ranging V4.3 AVWAP WideSL","RSI Cross Down from Overbought (61.2)","short","None","None","45","62.0","REJECTED","Низкая уверенность AI: 45% < 62.0%","None","None","None"
"7f3dacb8","2025-10-26T09:00:31.041705+00:00","BNBUSDT","Ranging V4.3 AVWAP WideSL","RSI Cross Down from Overbought (58.1)","short","None","None","45","62.0","REJECTED","Низкая уверенность AI: 45% < 62.0%","None","None","None"
"71b8afd6","2025-10-26T09:00:36.160274+00:00","ENAUSDT","Ranging V4.3 AVWAP WideSL","RSI Cross Down from Overbought (73.1)","short","None","None","45","65.0","REJECTED","Низкая уверенность AI: 45% < 65.0%","None","None","None"
"98825858","2025-10-26T09:00:42.550553+00:00","APEUSDT","Ranging V4.3 AVWAP WideSL","RSI Cross Down from Overbought (49.0)","short","None","None","45","65.0","REJECTED","Низкая уверенность AI: 45% < 65.0%","None","None","None"
"27f28be1","2025-10-26T09:00:46.909131+00:00","NEARUSDT","Breakout_AI_Filtered","Donchian Breakout H1 (P40)","long","None","None","None","None","REJECTED","BTC state=DOWN, p_up=0.00","None","None","None"
"c7db3b3e","2025-10-26T09:00:55.326218+00:00","ENAUSDT","Impulse_AI_Filtered","BBW↑0.56, ADX=24.1, OFI=-15.4, OBI=0.05","short","None","None","None","None","REJECTED","Gemini отклонил сделку (уверенность 15% < порога 70.0%)","None","None","None"
"15218b65","2025-10-26T09:15:06.095048+00:00","APTUSDT","Impulse_AI_Filtered","BBW↑0.34, ADX=32.2, OFI=-73.1, OBI=0.28","long","None","None","None","None","REJECTED","BTC state=DOWN, p_up=0.00","None","None","None"
"52954e0e","2025-10-26T09:15:09.785154+00:00","DOGEUSDT","Ranging V4.3 AVWAP WideSL","RSI Cross Down from Overbought (60.1)","short","None","None","35","65.0","REJECTED","Низкая уверенность AI: 35% < 65.0%","None","None","None"
"57872a83","2025-10-26T09:15:10.384109+00:00","IMXUSDT","Ranging V4.3 AVWAP WideSL","RSI Cross Down from Overbought (59.3)","short","None","None","45","65.0","REJECTED","Низкая уверенность AI: 45% < 65.0%","None","None","None"
"2d722818","2025-10-26T09:15:11.599108+00:00","TRXUSDT","Ranging V4.3 AVWAP WideSL","RSI Cross Down from Overbought (51.6)","short","None","None","65","62.0","REJECTED","Исполнение сделки не удалось","0.2957","0.29659","0.29437"
"f3315d0a","2025-10-26T09:15:13.716797+00:00","APEUSDT","Trending_AI_Filtered","Pullback to EMA20","short","None","None","None","None","REJECTED","Gemini отклонил сделку (уверенность 35% < порога 65.0%)","None","None","None"
"5c2e674c","2025-10-26T09:15:20.188669+00:00","TIAUSDT","Ranging V4.3 AVWAP WideSL","RSI Cross Down from Overbought (52.0)","short","None","None","45","65.0","REJECTED","Низкая уверенность AI: 45% < 65.0%","None","None","None"
"9920a4cb","2025-10-26T09:30:00.919670+00:00","DOGEUSDT","Impulse_AI_Filtered","BBW↑0.86, ADX=25.7, OFI=50.1, OBI=0.35","long","None","None","None","None","REJECTED","BTC state=DOWN, p_up=0.00","None","None","None"
"4e37de8d","2025-10-26T09:30:01.503090+00:00","BTCUSDT","Impulse_AI_Filtered","BBW↑0.66, ADX=25.2, OFI=100.0, OBI=0.56","long","None","None","None","None","REJECTED","BTC state=DOWN, p_up=0.00","None","None","None"
"3fb11116","2025-10-26T09:30:02.103450+00:00","BTCUSDT","Trending_AI_Filtered","Pullback to EMA20","long","None","None","None","None","REJECTED","BTC state=DOWN, p_up=0.00","None","None","None"
"9b6010c2","2025-10-26T09:30:02.763476+00:00","SOLUSDT","Ranging V4.3 AVWAP WideSL","RSI Cross Down from Overbought (73.4)","short","None","None","35","62.0","REJECTED","Низкая уверенность AI: 35% < 62.0%","None","None","None"
"54f7795c","2025-10-26T09:30:02.881408+00:00","ETHUSDT","Ranging V4.3 AVWAP WideSL","RSI Cross Down from Overbought (83.7)","short","None","None","35","65.0","REJECTED","Низкая уверенность AI: 35% < 65.0%","None","None","None"
"2af609d1","2025-10-26T09:30:03.246719+00:00","XRPUSDT","Impulse_AI_Filtered","BBW↑0.54, ADX=31.3, OFI=-6.5, OBI=0.26","long","None","None","None","None","REJECTED","BTC state=DOWN, p_up=0.00","None","None","None"
"a0274a37","2025-10-26T09:30:05.007511+00:00","BNBUSDT","Ranging V4.3 AVWAP WideSL","RSI Cross Down from Overbought (71.1)","short","None","None","45","62.0","REJECTED","Низкая уверенность AI: 45% < 62.0%","None","None","None"
"4ecb9519","2025-10-26T09:30:11.232602+00:00","TRXUSDT","Ranging V4.3 AVWAP WideSL","RSI Cross Down from Overbought (67.3)","short","None","None","45","65.0","REJECTED","Низкая уверенность AI: 45% < 65.0%","None","None","None"
"2457305f","2025-10-26T09:30:15.017691+00:00","ETHUSDT","Impulse_AI_Filtered","BBW↑0.91, ADX=22.8, OFI=87.7, OBI=0.27","long","None","None","None","None","REJECTED","BTC state=DOWN, p_up=0.00","None","None","None"
"169d21b7","2025-10-26T09:30:18.934980+00:00","TIAUSDT","Ranging V4.3 AVWAP WideSL","RSI Cross Down from Overbought (74.2)","short","None","None","35","65.0","REJECTED","Низкая уверенность AI: 35% < 65.0%","None","None","None"
"e46339fe","2025-10-26T09:30:26.367000+00:00","APTUSDT","Impulse_AI_Filtered","BBW↑0.75, ADX=35.1, OFI=96.5, OBI=0.09","long","None","None","None","None","REJECTED","BTC state=DOWN, p_up=0.00","None","None","None"
"7baf368c","2025-10-26T09:30:29.806176+00:00","IMXUSDT","Ranging V4.3 AVWAP WideSL","RSI Cross Down from Overbought (76.0)","short","None","None","40","65.0","REJECTED","Низкая уверенность AI: 40% < 65.0%","None","None","None"
"1c339afb","2025-10-26T09:30:32.068815+00:00","SUSHIUSDT","Impulse_AI_Filtered","BBW↑0.36, ADX=32.5, OFI=30.8, OBI=0.28","long","None","None","None","None","REJECTED","BTC state=DOWN, p_up=0.00","None","None","None"
"dde43b27","2025-10-26T09:30:33.001912+00:00","APEUSDT","Ranging V4.3 AVWAP WideSL","RSI Cross Down from Overbought (68.1)","short","None","None","45","65.0","REJECTED","Низкая уверенность AI: 45% < 65.0%","None","None","None"
"46bf0749","2025-10-26T09:30:38.983070+00:00","ANKRUSDT","Impulse_AI_Filtered","BBW↑0.40, ADX=37.8, OFI=12.9, OBI=0.50","long","None","None","None","None","REJECTED","BTC state=DOWN, p_up=0.00","None","None","None"
"008a2059","2025-10-26T09:30:40.603772+00:00","SEIUSDT","Ranging V4.3 AVWAP WideSL","RSI Cross Down from Overbought (71.8)","short","None","None","50","65.0","REJECTED","Низкая уверенность AI: 50% < 65.0%","None","None","None"
"54463c4e","2025-10-26T09:45:00.821253+00:00","BTCUSDT","Impulse_AI_Filtered","BBW↑0.87, ADX=28.7, OFI=19.3, OBI=-0.49","long","None","None","None","None","REJECTED","BTC state=DOWN, p_up=0.00","None","None","None"
"f98c7e2b","2025-10-26T09:45:01.468808+00:00","SOLUSDT","Ranging V4.3 AVWAP WideSL","RSI Cross Down from Overbought (69.7)","short","None","None","35","65.0","REJECTED","Низкая уверенность AI: 35% < 65.0%","None","None","None"
"0165bd58","2025-10-26T09:45:02.541535+00:00","ETHUSDT","Impulse_AI_Filtered","BBW↑1.20, ADX=26.6, OFI=94.1, OBI=0.55","long","None","None","None","None","REJECTED","BTC state=DOWN, p_up=0.00","None","None","None"
"a75ffcdc","2025-10-26T09:45:09.229885+00:00","BNBUSDT","Ranging V4.3 AVWAP WideSL","RSI Cross Down from Overbought (59.2)","short","None","None","45","65.0","REJECTED","Низкая уверенность AI: 45% < 65.0%","None","None","None"
"3f4fc996","2025-10-26T09:45:10.458513+00:00","APTUSDT","Impulse_AI_Filtered","BBW↑0.81, ADX=37.8, OFI=-89.1, OBI=0.54","long","None","None","None","None","REJECTED","BTC state=DOWN, p_up=0.00","None","None","None"
"84a82e6f","2025-10-26T09:45:12.655610+00:00","TIAUSDT","Ranging V4.3 AVWAP WideSL","RSI Cross Down from Overbought (63.5)","short","None","None","45","65.0","REJECTED","Низкая уверенность AI: 45% < 65.0%","None","None","None"
"4b547fa8","2025-10-26T09:45:18.063437+00:00","SEIUSDT","Ranging V4.3 AVWAP WideSL","RSI Cross Down from Overbought (66.0)","short","None","None","45","65.0","REJECTED","Низкая уверенность AI: 45% < 65.0%","None","None","None"
"c95d3c57","2025-10-26T09:45:18.141362+00:00","TRXUSDT","Ranging V4.3 AVWAP WideSL","RSI Cross Down from Overbought (61.9)","short","None","None","55","65.0","REJECTED","Низкая уверенность AI: 55% < 65.0%","None","None","None"
"c114cea4","2025-10-26T09:45:23.553619+00:00","APEUSDT","Impulse_AI_Filtered","BBW↑0.82, ADX=25.1, OFI=-4.5, OBI=-0.32","short","None","None","None","None","REJECTED","Gemini отклонил сделку (уверенность 5% < порога 70.0%)","None","None","None"
"72861f91","2025-10-26T09:59:58.694522+00:00","DOTUSDT","Breakout_AI_Filtered","Donchian Breakout H1 (P40)","long","None","None","None","None","REJECTED","BTC state=DOWN, p_up=0.00","None","None","None"
"0fbdb70c","2025-10-26T09:59:59.822004+00:00","CRVUSDT","Breakout_AI_Filtered","Donchian Breakout H1 (P40)","long","None","None","None","None","REJECTED","BTC state=DOWN, p_up=0.00","None","None","None"
"91bff466","2025-10-26T10:00:01.003218+00:00","ETHUSDT","Breakout_AI_Filtered","Donchian Breakout H1 (P40)","long","None","None","None","None","REJECTED","BTC state=DOWN, p_up=0.60","None","None","None"
"b2c1a2aa","2025-10-26T10:00:03.057815+00:00","SOLUSDT","Ranging V4.3 AVWAP WideSL","RSI Cross Down from Overbought (70.3)","short","None","None","45","65.0","REJECTED","Низкая уверенность AI: 45% < 65.0%","None","None","None"
"4932c3f8","2025-10-26T10:00:03.467350+00:00","SOLUSDT","Breakout_AI_Filtered","Donchian Breakout H1 (P40)","long","None","None","None","None","REJECTED","Исполнение сделки не удалось","None","None","None"
"adf54996","2025-10-26T10:00:05.823580+00:00","BNBUSDT","Trending_AI_Filtered","Pullback to EMA20","long","None","None","85","65.0","REJECTED","Исполнение сделки не удалось","1124.77","1117.01","1136.4"
"abbd8de4","2025-10-26T10:56:52.364766+00:00","ONEUSDT","Trending_AI_Filtered","Pullback to EMA20","long","None","None","85","67.0","EXECUTED","None","0.00675","0.00666","0.00688"
"bfb2b98a","2025-10-26T10:56:52.633396+00:00","ANKRUSDT","Trending_AI_Filtered","Pullback to EMA20","long","None","None","90","67.0","EXECUTED","None","0.01024","0.01019","0.01034"
"3a406cb8","2025-10-26T10:56:53.416276+00:00","XRPUSDT","Trending_AI_Filtered","Pullback to EMA20","long","None","None","85","67.0","EXECUTED","None","2.6309","2.605","2.6698"
"5bd057cd","2025-10-26T10:56:56.854826+00:00","APEUSDT","Trending_AI_Filtered","Pullback to EMA20","short","None","None","None","None","REJECTED","BTC state=UP, p_up=1.00","None","None","None"
"9cf39fe2","2025-10-26T10:56:59.334188+00:00","ONEUSDT","Pullback Engine","EMA20 retest, RSI=52.5, OFI=-0.2, OBI=0.20","long","None","None","None","None","REJECTED","Позиция уже открыта","None","None","None"
"d7c8cac8","2025-10-26T10:56:59.407224+00:00","ANKRUSDT","Pullback Engine","EMA20 retest, RSI=52.7, OFI=-3.2, OBI=0.11","long","None","None","None","None","REJECTED","Позиция уже открыта","None","None","None"
"7526c6ca","2025-10-26T11:00:15.942824+00:00","APEUSDT","Trending_AI_Filtered","Pullback to EMA20","short","None","None","None","None","REJECTED","BTC state=UP, p_up=1.00","None","None","None"
"f9af5f62","2025-10-26T11:15:00.418984+00:00","SOLUSDT","Trending_AI_Filtered","Pullback to EMA20","long","None","None","85","65.0","EXECUTED","None","194.69","192.95","197.3"
"e44e3e63","2025-10-26T11:15:20.136152+00:00","BNBUSDT","Trending_AI_Filtered","Pullback to EMA20","long","None","None","None","None","REJECTED","Достигнут лимит позиций (4/4)","None","None","None"
"e29942a8","2025-10-26T11:15:21.354785+00:00","APEUSDT","Trending_AI_Filtered","Pullback to EMA20","short","None","None","None","None","REJECTED","BTC state=UP, p_up=1.00","None","None","None"
"f173c865","2025-10-26T11:15:36.016330+00:00","LTCUSDT","Trending_AI_Filtered","Pullback to EMA20","long","None","None","None","None","REJECTED","Достигнут лимит позиций (4/4)","None","None","None"
"61c461af","2025-10-26T11:16:23.593733+00:00","WIFUSDT","Trending_AI_Filtered","Pullback to EMA20","long","None","None","None","None","REJECTED","Достигнут лимит позиций (4/4)","None","None","None"
"3a64b3ae","2025-10-26T11:16:46.175743+00:00","SUSHIUSDT","Trending_AI_Filtered","Pullback to EMA20","long","None","None","None","None","REJECTED","Достигнут лимит позиций (4/4)","None","None","None"
"67b85079","2025-10-26T11:16:46.373853+00:00","CHZUSDT","Trending_AI_Filtered","Pullback to EMA20","long","None","None","None","None","REJECTED","Достигнут лимит позиций (4/4)","None","None","None"
"3ed4db28","2025-10-26T11:16:46.799742+00:00","ENJUSDT","Trending_AI_Filtered","Pullback to EMA20","long","None","None","None","None","REJECTED","Достигнут лимит позиций (4/4)","None","None","None"
"00df1e92","2025-10-26T11:17:28.534548+00:00","XLMUSDT","Pullback Engine","EMA20 retest, RSI=50.4, OFI=-5.7, OBI=0.31","long","None","None","None","None","REJECTED","Достигнут лимит позиций (4/4)","None","None","None"
"1a7ee598","2025-10-26T11:30:00.235914+00:00","DOTUSDT","Trending_AI_Filtered","Pullback to EMA20","long","None","None","None","None","REJECTED","Достигнут лимит позиций (4/4)","None","None","None"
"cc1cb457","2025-10-26T11:30:29.701802+00:00","XLMUSDT","Trending_AI_Filtered","Pullback to EMA20","long","None","None","None","None","REJECTED","Достигнут лимит позиций (4/4)","None","None","None"
"54c014f2","2025-10-26T11:45:53.291615+00:00","APEUSDT","Ranging V4.3 AVWAP WideSL","RSI Cross Down from Overbought (62.5)","short","None","None","None","None","REJECTED","Достигнут лимит позиций (4/4)","None","None","None"
"5160a74f","2025-10-26T12:00:05.642501+00:00","APEUSDT","Ranging V4.3 AVWAP WideSL","RSI Cross Down from Overbought (58.6)","short","None","None","None","None","REJECTED","Достигнут лимит позиций (4/4)","None","None","None"
"d1f29074","2025-10-26T12:30:28.482335+00:00","APEUSDT","Trending_AI_Filtered","Pullback to EMA20","short","None","None","None","None","REJECTED","BTC state=UP, p_up=1.00","None","None","None"
"44d7a123","2025-10-26T12:45:09.079562+00:00","APEUSDT","Trending_AI_Filtered","Pullback to EMA20","short","None","None","None","None","REJECTED","BTC state=UP, p_up=1.00","None","None","None"
"137019c5","2025-10-26T13:15:08.161295+00:00","APEUSDT","Trending_AI_Filtered","Pullback to EMA20","short","None","None","None","None","REJECTED","BTC state=UP, p_up=1.00","None","None","None"
"c87f1cc6","2025-10-26T14:15:03.326988+00:00","ENJUSDT","Trending_AI_Filtered","Pullback to EMA20","long","None","None","None","None","REJECTED","Достигнут лимит позиций (4/4)","None","None","None"
"8ff859fe","2025-10-26T14:29:59.245562+00:00","LTCUSDT","Trending_AI_Filtered","Pullback to EMA20","long","None","None","None","None","REJECTED","Достигнут лимит позиций (4/4)","None","None","None"
"771e92e1","2025-10-26T14:30:23.280911+00:00","BNBUSDT","Trending_AI_Filtered","Pullback to EMA20","long","None","None","None","None","REJECTED","Достигнут лимит позиций (4/4)","None","None","None"
"7edd516d","2025-10-26T14:30:50.463370+00:00","NEARUSDT","Pullback Engine","EMA20 retest, RSI=54.2, OFI=11.3, OBI=0.08","long","None","None","None","None","REJECTED","Достигнут лимит позиций (4/4)","None","None","None"
"3fef7d50","2025-10-26T14:31:11.341822+00:00","CHZUSDT","Trending_AI_Filtered","Pullback to EMA20","long","None","None","None","None","REJECTED","Достигнут лимит позиций (4/4)","None","None","None"
"0a5e1cea","2025-10-26T14:31:32.533626+00:00","NEARUSDT","Trending_AI_Filtered","Pullback to EMA20","long","None","None","None","None","REJECTED","Достигнут лимит позиций (4/4)","None","None","None"
"90efc5a7","2025-10-26T14:44:58.600584+00:00","BNBUSDT","Pullback Engine","EMA20 retest, RSI=54.7, OFI=60.2, OBI=0.16","long","None","None","None","None","REJECTED","Достигнут лимит позиций (4/4)","None","None","None"
"3b3eca09","2025-10-26T14:45:20.649844+00:00","BNBUSDT","Trending_AI_Filtered","Pullback to EMA20","long","None","None","None","None","REJECTED","Достигнут лимит позиций (4/4)","None","None","None"
"b134bc56","2025-10-26T14:45:44.860196+00:00","XLMUSDT","Trending_AI_Filtered","Pullback to EMA20","long","None","None","None","None","REJECTED","Достигнут лимит позиций (4/4)","None","None","None"
"99268f4c","2025-10-26T14:46:07.197771+00:00","APEUSDT","Ranging V4.3 AVWAP WideSL","RSI Cross Down from Overbought (60.3)","short","None","None","None","None","REJECTED","Достигнут лимит позиций (4/4)","None","None","None"
"ad3d17ba","2025-10-26T14:46:34.957786+00:00","LTCUSDT","Trending_AI_Filtered","Pullback to EMA20","long","None","None","None","None","REJECTED","Достигнут лимит позиций (4/4)","None","None","None"
"3dd1c48b","2025-10-26T15:07:42.110663+00:00","FETUSDT","Trending_AI_Filtered","Pullback to EMA20","long","None","None","None","None","REJECTED","Достигнут лимит позиций (4/4)","None","None","None"
"8765ffe4","2025-10-26T15:07:44.099352+00:00","TIAUSDT","Trending_AI_Filtered","Pullback to EMA20","long","None","None","None","None","REJECTED","Достигнут лимит позиций (4/4)","None","None","None"
"51ec813d","2025-10-26T15:07:44.480430+00:00","WIFUSDT","Trending_AI_Filtered","Pullback to EMA20","long","None","None","None","None","REJECTED","Достигнут лимит позиций (4/4)","None","None","None"
"d4311286","2025-10-26T15:08:06.550920+00:00","LTCUSDT","Pullback Engine","EMA20 retest, RSI=53.0, OFI=23.3, OBI=0.20","long","None","None","None","None","REJECTED","Достигнут лимит позиций (4/4)","None","None","None"
"856f598a","2025-10-26T15:08:06.606640+00:00","BCHUSDT","Pullback Engine","EMA20 retest, RSI=56.7, OFI=38.8, OBI=0.24","long","None","None","None","None","REJECTED","Достигнут лимит позиций (4/4)","None","None","None"
"86a89ec7","2025-10-26T15:08:06.610644+00:00","CHZUSDT","Pullback Engine","EMA20 retest, RSI=52.4, OFI=-1.0, OBI=0.11","long","None","None","None","None","REJECTED","Достигнут лимит позиций (4/4)","None","None","None"
"0cdaa8bd","2025-10-26T15:08:06.710843+00:00","XLMUSDT","Pullback Engine","EMA20 retest, RSI=53.0, OFI=58.4, OBI=-0.63","long","None","None","None","None","REJECTED","Достигнут лимит позиций (4/4)","None","None","None"
"b5c18971","2025-10-26T15:15:00.187687+00:00","AVAXUSDT","Pullback Engine","EMA20 retest, RSI=53.8, OFI=22.7, OBI=0.27","long","None","None","85","72.0","EXECUTED","None","20.313594431455872","20.072862970520713","20.67469162285861"
"0149f613","2025-10-26T15:15:03.138312+00:00","XLMUSDT","Trending_AI_Filtered","Pullback to EMA20","long","None","None","85","67.0","EXECUTED","None","0.33115","0.32807","0.33721"
"cf782493","2025-10-26T15:15:03.273983+00:00","ALGOUSDT","Trending_AI_Filtered","Pullback to EMA20","long","None","None","85","67.0","EXECUTED","None","0.1895","0.1874","0.1926"
"27dfcb2b","2025-10-26T15:15:08.818731+00:00","SEIUSDT","Pullback Engine","EMA20 retest, RSI=52.0, OFI=6.8, OBI=0.23","long","None","None","75","72.0","EXECUTED","None","0.2044714004197153","0.20233909705775602","0.2076698554626542"
"219b3ed0","2025-10-26T15:15:59.655427+00:00","FETUSDT","Pullback Engine","EMA20 retest, RSI=55.5, OFI=16.0, OBI=-0.05","long","None","None","None","None","REJECTED","Достигнут лимит позиций (4/4)","None","None","None"
"3d3d0e1f","2025-10-26T15:16:42.986350+00:00","LINKUSDT","Trending_AI_Filtered","Pullback to EMA20","long","None","None","None","None","REJECTED","Достигнут лимит позиций (4/4)","None","None","None"
"a4aa4d5d","2025-10-26T15:17:22.283779+00:00","NEARUSDT","Trending_AI_Filtered","Pullback to EMA20","long","None","None","None","None","REJECTED","Достигнут лимит позиций (4/4)","None","None","None"
"60883795","2025-10-26T15:19:10.014272+00:00","WIFUSDT","Trending_AI_Filtered","Pullback to EMA20","long","None","None","None","None","REJECTED","Достигнут лимит позиций (4/4)","None","None","None"
"ff768923","2025-10-26T15:19:10.609871+00:00","LTCUSDT","Pullback Engine","EMA20 retest, RSI=55.8, OFI=26.1, OBI=0.17","long","None","None","None","None","REJECTED","Достигнут лимит позиций (4/4)","None","None","None"
"9894fdc1","2025-10-26T15:19:52.362336+00:00","TIAUSDT","Trending_AI_Filtered","Pullback to EMA20","long","None","None","None","None","REJECTED","Достигнут лимит позиций (4/4)","None","None","None"
"3f5c3657","2025-10-26T15:19:52.881066+00:00","LTCUSDT","Trending_AI_Filtered","Pullback to EMA20","long","None","None","None","None","REJECTED","Достигнут лимит позиций (4/4)","None","None","None"
"dbf5aa23","2025-10-26T15:20:35.122304+00:00","CHZUSDT","Trending_AI_Filtered","Pullback to EMA20","long","None","None","None","None","REJECTED","Достигнут лимит позиций (4/4)","None","None","None"
"1f9bb9d4","2025-10-26T15:20:57.859699+00:00","ANKRUSDT","Trending_AI_Filtered","Pullback to EMA20","long","None","None","None","None","REJECTED","Достигнут лимит позиций (4/4)","None","None","None"
"cd9a13fa","2025-10-26T15:30:01.457668+00:00","APEUSDT","Ranging V4.3 AVWAP WideSL","RSI Cross Down from Overbought (66.1)","short","None","None","None","None","REJECTED","Достигнут лимит позиций (4/4)","None","None","None"
"ea6d7bac","2025-10-26T15:30:26.172105+00:00","BCHUSDT","Pullback Engine","EMA20 retest, RSI=56.6, OFI=-100.0, OBI=0.73","long","None","None","None","None","REJECTED","Достигнут лимит позиций (4/4)","None","None","None"
"172eca54","2025-10-26T15:30:47.397579+00:00","BNBUSDT","Trending_AI_Filtered","Pullback to EMA20","long","None","None","None","None","REJECTED","Достигнут лимит позиций (4/4)","None","None","None"
"23e2f337","2025-10-26T15:30:48.048680+00:00","BCHUSDT","Trending_AI_Filtered","Pullback to EMA20","long","None","None","None","None","REJECTED","Достигнут лимит позиций (4/4)","None","None","None"
"7b43ae90","2025-10-26T15:31:08.770887+00:00","LINKUSDT","Trending_AI_Filtered","Pullback to EMA20","long","None","None","None","None","REJECTED","Достигнут лимит позиций (4/4)","None","None","None"
"923c0645","2025-10-26T15:31:51.100278+00:00","FETUSDT","Pullback Engine","EMA20 retest, RSI=58.0, OFI=7.2, OBI=0.11","long","None","None","None","None","REJECTED","Достигнут лимит позиций (4/4)","None","None","None"
"005c41ba","2025-10-26T15:31:51.746067+00:00","LTCUSDT","Trending_AI_Filtered","Pullback to EMA20","long","None","None","None","None","REJECTED","Достигнут лимит позиций (4/4)","None","None","None"
"a5edeaae","2025-10-26T15:32:33.303473+00:00","FETUSDT","Trending_AI_Filtered","Pullback to EMA20","long","None","None","None","None","REJECTED","Достигнут лимит позиций (4/4)","None","None","None"
"52b51506","2025-10-26T15:32:33.498854+00:00","CHZUSDT","Trending_AI_Filtered","Pullback to EMA20","long","None","None","None","None","REJECTED","Достигнут лимит позиций (4/4)","None","None","None"
"0b11522a","2025-10-26T15:33:15.033201+00:00","NEARUSDT","Trending_AI_Filtered","Pullback to EMA20","long","None","None","None","None","REJECTED","Достигнут лимит позиций (4/4)","None","None","None"
"dff71205","2025-10-26T15:33:36.781955+00:00","ONEUSDT","Pullback Engine","EMA20 retest, RSI=49.8, OFI=9.6, OBI=0.31","long","None","None","None","None","REJECTED","Достигнут лимит позиций (4/4)","None","None","None"
"96adc093","2025-10-26T15:44:58.293821+00:00","LINKUSDT","Pullback Engine","EMA20 retest, RSI=55.7, OFI=41.3, OBI=0.22","long","None","None","None","None","REJECTED","Достигнут лимит позиций (4/4)","None","None","None"
"3ed7f494","2025-10-26T15:45:23.009740+00:00","BCHUSDT","Trending_AI_Filtered","Pullback to EMA20","long","None","None","None","None","REJECTED","Достигнут лимит позиций (4/4)","None","None","None"
"0261f54e","2025-10-26T15:45:45.251249+00:00","BNBUSDT","Pullback Engine","EMA20 retest, RSI=53.6, OFI=54.6, OBI=0.60","long","None","None","None","None","REJECTED","Достигнут лимит позиций (4/4)","None","None","None"
"4f8fde49","2025-10-26T15:46:07.243670+00:00","BNBUSDT","Trending_AI_Filtered","Pullback to EMA20","long","None","None","None","None","REJECTED","Достигнут лимит позиций (4/4)","None","None","None"
"ef0f3190","2025-10-26T15:46:33.944092+00:00","ONEUSDT","Pullback Engine","EMA20 retest, RSI=49.8, OFI=11.4, OBI=0.25","long","None","None","None","None","REJECTED","Достигнут лимит позиций (4/4)","None","None","None"
"ebab58d6","2025-10-26T16:00:12.547313+00:00","ENJUSDT","Trending_AI_Filtered","Pullback to EMA20","long","None","None","None","None","REJECTED","Достигнут лимит позиций (4/4)","None","None","None"
"24e4f025","2025-10-26T16:00:13.053570+00:00","ONEUSDT","Trending_AI_Filtered","Pullback to EMA20","long","None","None","None","None","REJECTED","Достигнут лимит позиций (4/4)","None","None","None"
"4629f465","2025-10-26T16:14:57.982311+00:00","BTCUSDT","Pullback Engine","EMA20 retest, RSI=56.0, OFI=41.5, OBI=0.38","long","None","None","None","None","REJECTED","Достигнут лимит позиций (4/4)","None","None","None"
"af518c59","2025-10-26T16:14:58.131560+00:00","ETHUSDT","Pullback Engine","EMA20 retest, RSI=57.8, OFI=60.9, OBI=0.69","long","None","None","None","None","REJECTED","Достигнут лимит позиций (4/4)","None","None","None"
"09d04abb","2025-10-26T16:15:40.834735+00:00","ONEUSDT","Trending_AI_Filtered","Pullback to EMA20","long","None","None","None","None","REJECTED","Достигнут лимит позиций (4/4)","None","None","None"
"f6a28216","2025-10-26T16:15:41.046731+00:00","SOLUSDT","Trending_AI_Filtered","Pullback to EMA20","long","None","None","None","None","REJECTED","Достигнут лимит позиций (4/4)","None","None","None"
"79fc2c52","2025-10-26T16:16:32.664781+00:00","ANKRUSDT","Pullback Engine","EMA20 retest, RSI=54.7, OFI=8.9, OBI=0.18","long","None","None","None","None","REJECTED","Достигнут лимит позиций (4/4)","None","None","None"
"67ec4e4f","2025-10-26T16:16:54.648234+00:00","ANKRUSDT","Trending_AI_Filtered","Pullback to EMA20","long","None","None","None","None","REJECTED","Достигнут лимит позиций (4/4)","None","None","None"
"4a22c473","2025-10-26T16:29:56.729232+00:00","BNBUSDT","Ranging V4.3 AVWAP WideSL","BB Low Touch or RSI Cross Up (45.2)","long","None","None","None","None","REJECTED","Достигнут лимит позиций (4/4)","None","None","None"
"fc2fa234","2025-10-26T16:30:18.824827+00:00","BTCUSDT","Trending_AI_Filtered","Pullback to EMA20","long","None","None","None","None","REJECTED","Достигнут лимит позиций (4/4)","None","None","None"
"8b70280a","2025-10-26T16:30:18.972537+00:00","SOLUSDT","Trending_AI_Filtered","Pullback to EMA20","long","None","None","None","None","REJECTED","Достигнут лимит позиций (4/4)","None","None","None"
"0accbbbd","2025-10-26T16:31:02.028802+00:00","DOTUSDT","Trending_AI_Filtered","Pullback to EMA20","long","None","None","None","None","REJECTED","Достигнут лимит позиций (4/4)","None","None","None"
"84c6c187","2025-10-26T16:31:22.831635+00:00","FILUSDT","Trending_AI_Filtered","Pullback to EMA20","long","None","None","None","None","REJECTED","Достигнут лимит позиций (4/4)","None","None","None"
"ed759a15","2025-10-26T16:31:44.256144+00:00","OPUSDT","Trending_AI_Filtered","Pullback to EMA20","long","None","None","None","None","REJECTED","Достигнут лимит позиций (4/4)","None","None","None"
"64b5cc2b","2025-10-26T16:32:05.458772+00:00","XRPUSDT","Ranging V4.3 AVWAP WideSL","BB Low Touch or RSI Cross Up (41.0)","long","None","None","None","None","REJECTED","Достигнут лимит позиций (4/4)","None","None","None"
"bb7e0a3a","2025-10-26T16:32:25.593097+00:00","ADAUSDT","Trending_AI_Filtered","Pullback to EMA20","long","None","None","None","None","REJECTED","Достигнут лимит позиций (4/4)","None","None","None"
"2bb7bafc","2025-10-26T16:32:26.088161+00:00","ONEUSDT","Pullback Engine","EMA20 retest, RSI=49.2, OFI=12.4, OBI=0.31","long","None","None","None","None","REJECTED","Достигнут лимит позиций (4/4)","None","None","None"
"d1f8dec6","2025-10-26T16:33:09.615612+00:00","DOGEUSDT","Trending_AI_Filtered","Pullback to EMA20","long","None","None","None","None","REJECTED","Достигнут лимит позиций (4/4)","None","None","None"
"7d706e5b","2025-10-26T16:33:09.766073+00:00","APEUSDT","Pullback Engine","EMA20 retest, RSI=54.1, OFI=-3.6, OBI=0.11","long","None","None","None","None","REJECTED","Достигнут лимит позиций (4/4)","None","None","None"
"d9653998","2025-10-26T16:33:30.605494+00:00","ANKRUSDT","Trending_AI_Filtered","Pullback to EMA20","long","None","None","None","None","REJECTED","Достигнут лимит позиций (4/4)","None","None","None"
"ebe58dd1","2025-10-26T16:33:52.144980+00:00","SUIUSDT","Trending_AI_Filtered","Pullback to EMA20","long","None","None","None","None","REJECTED","Достигнут лимит позиций (4/4)","None","None","None"
"70640bca","2025-10-26T16:34:12.429483+00:00","APEUSDT","Trending_AI_Filtered","Pullback to EMA20","long","None","None","None","None","REJECTED","Достигнут лимит позиций (4/4)","None","None","None"
"220f7932","2025-10-26T16:34:56.029109+00:00","TIAUSDT","Trending_AI_Filtered","Pullback to EMA20","long","None","None","None","None","REJECTED","Достигнут лимит позиций (4/4)","None","None","None"
"b6e295b8","2025-10-26T16:34:56.803294+00:00","FETUSDT","Pullback Engine","EMA20 retest, RSI=55.4, OFI=13.1, OBI=0.18","long","None","None","None","None","REJECTED","Достигнут лимит позиций (4/4)","None","None","None"
"2c5d5007","2025-10-26T16:35:37.850544+00:00","NEARUSDT","Pullback Engine","EMA20 retest, RSI=52.7, OFI=21.2, OBI=0.23","long","None","None","None","None","REJECTED","Достигнут лимит позиций (4/4)","None","None","None"
"e88bb745","2025-10-26T16:35:58.998860+00:00","INJUSDT","Trending_AI_Filtered","Pullback to EMA20","long","None","None","None","None","REJECTED","Достигнут лимит позиций (4/4)","None","None","None"
"169f15f0","2025-10-26T16:35:59.529855+00:00","FETUSDT","Trending_AI_Filtered","Pullback to EMA20","long","None","None","None","None","REJECTED","Достигнут лимит позиций (4/4)","None","None","None"
"7bc5877f","2025-10-26T16:35:59.694270+00:00","ENJUSDT","Trending_AI_Filtered","Pullback to EMA20","long","None","None","None","None","REJECTED","Достигнут лимит позиций (4/4)","None","None","None"
"2c3749b7","2025-10-26T16:37:02.187588+00:00","ARBUSDT","Trending_AI_Filtered","Pullback to EMA20","long","None","None","None","None","REJECTED","Достигнут лимит позиций (4/4)","None","None","None"
"10d0084e","2025-10-26T16:44:56.630783+00:00","XRPUSDT","Ranging V4.3 AVWAP WideSL","BB Low Touch or RSI Cross Up (44.7)","long","None","None","None","None","REJECTED","Достигнут лимит позиций (4/4)","None","None","None"
"921c1841","2025-10-26T16:45:18.793784+00:00","BTCUSDT","Trending_AI_Filtered","Pullback to EMA20","long","None","None","None","None","REJECTED","Достигнут лимит позиций (4/4)","None","None","None"
"f3dbe6d2","2025-10-26T16:45:40.671760+00:00","DOGEUSDT","Trending_AI_Filtered","Pullback to EMA20","long","None","None","None","None","REJECTED","Достигнут лимит позиций (4/4)","None","None","None"
"a5b4e746","2025-10-26T16:45:41.160218+00:00","ADAUSDT","Trending_AI_Filtered","Pullback to EMA20","long","None","None","None","None","REJECTED","Достигнут лимит позиций (4/4)","None","None","None"
"faacd757","2025-10-26T16:45:41.347737+00:00","BNBUSDT","Ranging V4.3 AVWAP WideSL","BB Low Touch or RSI Cross Up (46.4)","long","None","None","None","None","REJECTED","Достигнут лимит позиций (4/4)","None","None","None"
"66e39a45","2025-10-26T16:46:43.750158+00:00","ETHUSDT","Trending_AI_Filtered","Pullback to EMA20","long","None","None","None","None","REJECTED","Достигнут лимит позиций (4/4)","None","None","None"
"81617bb7","2025-10-26T16:47:04.692293+00:00","CHZUSDT","Trending_AI_Filtered","Pullback to EMA20","long","None","None","None","None","REJECTED","Достигнут лимит позиций (4/4)","None","None","None"
"501a8c8a","2025-10-26T16:47:29.706508+00:00","DOTUSDT","Trending_AI_Filtered","Pullback to EMA20","long","None","None","None","None","REJECTED","Достигнут лимит позиций (4/4)","None","None","None"
"a20d8850","2025-10-26T16:47:53.251927+00:00","ENJUSDT","Trending_AI_Filtered","Pullback to EMA20","long","None","None","None","None","REJECTED","Достигнут лимит позиций (4/4)","None","None","None"
"d52abc6a","2025-10-26T16:47:53.426920+00:00","FETUSDT","Trending_AI_Filtered","Pullback to EMA20","long","None","None","None","None","REJECTED","Достигнут лимит позиций (4/4)","None","None","None"
"3f486e6f","2025-10-26T16:48:14.752138+00:00","NEARUSDT","Trending_AI_Filtered","Pullback to EMA20","long","None","None","None","None","REJECTED","Достигнут лимит позиций (4/4)","None","None","None"
"cc4e449e","2025-10-26T16:48:35.871506+00:00","APEUSDT","Trending_AI_Filtered","Pullback to EMA20","long","None","None","None","None","REJECTED","Достигнут лимит позиций (4/4)","None","None","None"
"e1390ad5","2025-10-26T16:49:17.742192+00:00","ONEUSDT","Trending_AI_Filtered","Pullback to EMA20","long","None","None","None","None","REJECTED","Достигнут лимит позиций (4/4)","None","None","None"
"0464c923","2025-10-26T16:49:18.240247+00:00","ANKRUSDT","Trending_AI_Filtered","Pullback to EMA20","long","None","None","None","None","REJECTED","Достигнут лимит позиций (4/4)","None","None","None"
"1c65951d","2025-10-26T16:59:56.604739+00:00","XRPUSDT","Ranging V4.3 AVWAP WideSL","BB Low Touch or RSI Cross Up (42.8)","long","None","None","None","None","REJECTED","Достигнут лимит позиций (4/4)","None","None","None"
"953d79d0","2025-10-26T17:00:19.212459+00:00","SUSHIUSDT","Trending_AI_Filtered","Pullback to EMA20","long","None","None","None","None","REJECTED","Достигнут лимит позиций (4/4)","None","None","None"
"0803a44c","2025-10-26T17:00:39.991587+00:00","SUIUSDT","Pullback Engine","EMA20 retest, RSI=54.3, OFI=42.9, OBI=0.53","long","None","None","None","None","REJECTED","Достигнут лимит позиций (4/4)","None","None","None"
"b8fced6f","2025-10-26T17:01:01.862183+00:00","FETUSDT","Pullback Engine","EMA20 retest, RSI=54.4, OFI=16.5, OBI=0.09","long","None","None","None","None","REJECTED","Достигнут лимит позиций (4/4)","None","None","None"
"41bf3b05","2025-10-26T17:01:22.743334+00:00","SUIUSDT","Trending_AI_Filtered","Pullback to EMA20","long","None","None","None","None","REJECTED","Достигнут лимит позиций (4/4)","None","None","None"
"0b988043","2025-10-26T17:01:23.292296+00:00","DOGEUSDT","Trending_AI_Filtered","Pullback to EMA20","long","None","None","None","None","REJECTED","Достигнут лимит позиций (4/4)","None","None","None"
"a31abd4d","2025-10-26T17:01:43.735532+00:00","BNBUSDT","Ranging V4.3 AVWAP WideSL","BB Low Touch or RSI Cross Up (40.6)","long","None","None","None","None","REJECTED","Достигнут лимит позиций (4/4)","None","None","None"
"190199bb","2025-10-26T17:01:44.106455+00:00","FETUSDT","Trending_AI_Filtered","Pullback to EMA20","long","None","None","None","None","REJECTED","Достигнут лимит позиций (4/4)","None","None","None"
"2c6ca75c","2025-10-26T17:03:08.248186+00:00","ADAUSDT","Pullback Engine","EMA20 retest, RSI=53.9, OFI=5.1, OBI=0.10","long","None","None","None","None","REJECTED","Достигнут лимит позиций (4/4)","None","None","None"
"f0a918a9","2025-10-26T17:03:08.761549+00:00","ONEUSDT","Pullback Engine","EMA20 retest, RSI=49.0, OFI=0.1, OBI=0.20","long","None","None","None","None","REJECTED","Достигнут лимит позиций (4/4)","None","None","None"
"c941048c","2025-10-26T17:03:52.326792+00:00","HBARUSDT","Pullback Engine","EMA20 retest, RSI=55.9, OFI=42.1, OBI=-0.16","long","None","None","None","None","REJECTED","Достигнут лимит позиций (4/4)","None","None","None"
"631ed059","2025-10-26T17:04:13.370373+00:00","TIAUSDT","Pullback Engine","EMA20 retest, RSI=54.1, OFI=8.5, OBI=0.19","long","None","None","None","None","REJECTED","Достигнут лимит позиций (4/4)","None","None","None"
"0af24ea0","2025-10-26T17:04:36.423619+00:00","NEARUSDT","Pullback Engine","EMA20 retest, RSI=53.5, OFI=14.2, OBI=0.15","long","None","None","None","None","REJECTED","Достигнут лимит позиций (4/4)","None","None","None"
"45b2e0eb","2025-10-26T17:04:37.389894+00:00","TIAUSDT","Trending_AI_Filtered","Pullback to EMA20","long","None","None","None","None","REJECTED","Достигнут лимит позиций (4/4)","None","None","None"
"0b8335aa","2025-10-26T17:05:19.457754+00:00","NEARUSDT","Trending_AI_Filtered","Pullback to EMA20","long","None","None","None","None","REJECTED","Достигнут лимит позиций (4/4)","None","None","None"
"54925cef","2025-10-26T17:05:43.452346+00:00","OPUSDT","Pullback Engine","EMA20 retest, RSI=54.0, OFI=10.8, OBI=-0.07","long","None","None","None","None","REJECTED","Достигнут лимит позиций (4/4)","None","None","None"
"bb881b1e","2025-10-26T17:06:05.988961+00:00","OPUSDT","Trending_AI_Filtered","Pullback to EMA20","long","None","None","None","None","REJECTED","Достигнут лимит позиций (4/4)","None","None","None"
"05c67578","2025-10-26T17:14:58.586577+00:00","ETHUSDT","Trending_AI_Filtered","Pullback to EMA20","long","None","None","None","None","REJECTED","Достигнут лимит позиций (4/4)","None","None","None"
"01a45356","2025-10-26T17:14:58.840450+00:00","SOLUSDT","Trending_AI_Filtered","Pullback to EMA20","long","None","None","None","None","REJECTED","Достигнут лимит позиций (4/4)","None","None","None"
"3a612a69","2025-10-26T17:15:40.914472+00:00","ADAUSDT","Trending_AI_Filtered","Pullback to EMA20","long","None","None","None","None","REJECTED","Достигнут лимит позиций (4/4)","None","None","None"
"cf79cfa9","2025-10-26T17:15:41.102880+00:00","DOGEUSDT","Trending_AI_Filtered","Pullback to EMA20","long","None","None","None","None","REJECTED","Достигнут лимит позиций (4/4)","None","None","None"
"5d3011b7","2025-10-26T17:16:22.971197+00:00","BNBUSDT","Ranging V4.3 AVWAP WideSL","BB Low Touch or RSI Cross Up (45.8)","long","None","None","None","None","REJECTED","Достигнут лимит позиций (4/4)","None","None","None"
"47f4ea1c","2025-10-26T17:16:44.092702+00:00","FILUSDT","Trending_AI_Filtered","Pullback to EMA20","long","None","None","None","None","REJECTED","Достигнут лимит позиций (4/4)","None","None","None"
"90c53cff","2025-10-26T17:17:05.360857+00:00","INJUSDT","Trending_AI_Filtered","Pullback to EMA20","long","None","None","None","None","REJECTED","Достигнут лимит позиций (4/4)","None","None","None"
"99738201","2025-10-26T17:17:05.592591+00:00","SUIUSDT","Pullback Engine","EMA20 retest, RSI=55.7, OFI=-25.7, OBI=0.36","long","None","None","None","None","REJECTED","Достигнут лимит позиций (4/4)","None","None","None"
"6f9d85ce","2025-10-26T17:17:26.753093+00:00","FETUSDT","Trending_AI_Filtered","Pullback to EMA20","long","None","None","None","None","REJECTED","Достигнут лимит позиций (4/4)","None","None","None"
"9ccdc3e8","2025-10-26T17:18:08.324629+00:00","SUIUSDT","Trending_AI_Filtered","Pullback to EMA20","long","None","None","None","None","REJECTED","Достигнут лимит позиций (4/4)","None","None","None"
"d2b0a4ce","2025-10-26T17:18:29.910969+00:00","HBARUSDT","Pullback Engine","EMA20 retest, RSI=54.2, OFI=30.2, OBI=0.05","long","None","None","None","None","REJECTED","Достигнут лимит позиций (4/4)","None","None","None"
"aa7c26a1","2025-10-26T17:18:51.218172+00:00","LTCUSDT","Trending_AI_Filtered","Pullback to EMA20","long","None","None","None","None","REJECTED","Достигнут лимит позиций (4/4)","None","None","None"
"5948e4f6","2025-10-26T17:19:12.151352+00:00","ENJUSDT","Ranging V4.3 AVWAP WideSL","BB Low Touch or RSI Cross Up (48.5)","long","None","None","None","None","REJECTED","Достигнут лимит позиций (4/4)","None","None","None"
"d0a49d91","2025-10-26T17:19:33.304478+00:00","NEARUSDT","Pullback Engine","EMA20 retest, RSI=54.7, OFI=20.4, OBI=0.25","long","None","None","None","None","REJECTED","Достигнут лимит позиций (4/4)","None","None","None"
"892ff851","2025-10-26T17:19:33.557299+00:00","OPUSDT","Trending_AI_Filtered","Pullback to EMA20","long","None","None","None","None","REJECTED","Достигнут лимит позиций (4/4)","None","None","None"
"899e657f","2025-10-26T17:19:54.227445+00:00","ICPUSDT","Trending_AI_Filtered","Pullback to EMA20","long","None","None","None","None","REJECTED","Достигнут лимит позиций (4/4)","None","None","None"
"6e1aea17","2025-10-26T17:20:15.671482+00:00","NEARUSDT","Trending_AI_Filtered","Pullback to EMA20","long","None","None","None","None","REJECTED","Достигнут лимит позиций (4/4)","None","None","None"
"227594c7","2025-10-26T17:20:57.075809+00:00","ONEUSDT","Ranging V4.3 AVWAP WideSL","BB Low Touch or RSI Cross Up (45.1)","long","None","None","None","None","REJECTED","Достигнут лимит позиций (4/4)","None","None","None"
"bd130d2a","2025-10-26T17:21:17.158988+00:00","ARBUSDT","Pullback Engine","EMA20 retest, RSI=53.2, OFI=-1.4, OBI=0.12","long","None","None","None","None","REJECTED","Достигнут лимит позиций (4/4)","None","None","None"
"b1fefc17","2025-10-26T17:21:17.717789+00:00","DOTUSDT","Trending_AI_Filtered","Pullback to EMA20","long","None","None","None","None","REJECTED","Достигнут лимит позиций (4/4)","None","None","None"
"53af9ab3","2025-10-26T17:21:38.241326+00:00","CHZUSDT","Trending_AI_Filtered","Pullback to EMA20","long","None","None","None","None","REJECTED","Достигнут лимит позиций (4/4)","None","None","None"
"12acb106","2025-10-26T17:21:59.384204+00:00","ARBUSDT","Trending_AI_Filtered","Pullback to EMA20","long","None","None","None","None","REJECTED","Достигнут лимит позиций (4/4)","None","None","None"
"c7687495","2025-10-26T17:30:03.549756+00:00","TRXUSDT","Pullback Engine","EMA20 retest, RSI=53.0, OFI=19.2, OBI=-0.03","long","None","None","None","None","REJECTED","Достигнут лимит позиций (4/4)","None","None","None"
"7c5f6172","2025-10-26T17:30:25.495861+00:00","TRXUSDT","Trending_AI_Filtered","Pullback to EMA20","long","None","None","None","None","REJECTED","Достигнут лимит позиций (4/4)","None","None","None"
"c15e8cd8","2025-10-26T17:30:51.299534+00:00","NEARUSDT","Pullback Engine","EMA20 retest, RSI=52.4, OFI=16.9, OBI=0.20","long","None","None","None","None","REJECTED","Достигнут лимит позиций (4/4)","None","None","None"
"e05483b7","2025-10-26T17:30:52.003967+00:00","OPUSDT","Trending_AI_Filtered","Pullback to EMA20","long","None","None","None","None","REJECTED","Достигнут лимит позиций (4/4)","None","None","None"
"0ea1e1da","2025-10-26T17:31:12.918875+00:00","CHZUSDT","Pullback Engine","EMA20 retest, RSI=53.0, OFI=9.3, OBI=0.16","long","None","None","None","None","REJECTED","Достигнут лимит позиций (4/4)","None","None","None"
"d85bf38b","2025-10-26T17:31:12.955547+00:00","FILUSDT","Pullback Engine","EMA20 retest, RSI=57.2, OFI=3.3, OBI=0.22","long","None","None","None","None","REJECTED","Достигнут лимит позиций (4/4)","None","None","None"
"27019111","2025-10-26T17:32:15.723783+00:00","CHZUSDT","Trending_AI_Filtered","Pullback to EMA20","long","None","None","None","None","REJECTED","Достигнут лимит позиций (4/4)","None","None","None"
"8ee6523d","2025-10-26T17:45:02.135735+00:00","APTUSDT","Trending_AI_Filtered","Pullback to EMA20","long","None","None","None","None","REJECTED","Достигнут лимит позиций (4/4)","None","None","None"
"263b33cc","2025-10-26T17:45:33.347303+00:00","ARBUSDT","Trending_AI_Filtered","Pullback to EMA20","long","None","None","None","None","REJECTED","Достигнут лимит позиций (4/4)","None","None","None"
"d1e3c195","2025-10-26T17:45:56.867773+00:00","WIFUSDT","Pullback Engine","EMA20 retest, RSI=49.5, OFI=16.6, OBI=-0.05","long","None","None","None","None","REJECTED","Достигнут лимит позиций (4/4)","None","None","None"
"8c7ffc14","2025-10-26T17:46:18.521413+00:00","TIAUSDT","Pullback Engine","EMA20 retest, RSI=51.1, OFI=22.9, OBI=0.16","long","None","None","None","None","REJECTED","Достигнут лимит позиций (4/4)","None","None","None"
"592351f6","2025-10-26T17:46:18.642677+00:00","OPUSDT","Pullback Engine","EMA20 retest, RSI=54.6, OFI=22.3, OBI=0.10","long","None","None","None","None","REJECTED","Достигнут лимит позиций (4/4)","None","None","None"
"9e93e8c8","2025-10-26T17:47:04.141267+00:00","ICPUSDT","Trending_AI_Filtered","Pullback to EMA20","long","None","None","None","None","REJECTED","Достигнут лимит позиций (4/4)","None","None","None"
"0d58f74d","2025-10-26T17:47:04.750245+00:00","OPUSDT","Trending_AI_Filtered","Pullback to EMA20","long","None","None","None","None","REJECTED","Достигнут лимит позиций (4/4)","None","None","None"
"5b58a4ab","2025-10-26T17:47:25.922762+00:00","NEARUSDT","Pullback Engine","EMA20 retest, RSI=53.1, OFI=10.7, OBI=0.16","long","None","None","None","None","REJECTED","Достигнут лимит позиций (4/4)","None","None","None"
"838522d3","2025-10-26T17:48:07.811297+00:00","ONEUSDT","Ranging V4.3 AVWAP WideSL","BB Low Touch or RSI Cross Up (41.3)","long","None","None","None","None","REJECTED","Достигнут лимит позиций (4/4)","None","None","None"
"aa768eda","2025-10-26T17:48:28.368093+00:00","CHZUSDT","Pullback Engine","EMA20 retest, RSI=50.2, OFI=13.7, OBI=0.07","long","None","None","None","None","REJECTED","Достигнут лимит позиций (4/4)","None","None","None"
"3d07cb49","2025-10-26T17:48:29.193161+00:00","NEARUSDT","Trending_AI_Filtered","Pullback to EMA20","long","None","None","None","None","REJECTED","Достигнут лимит позиций (4/4)","None","None","None"
"3e2e53fc","2025-10-26T17:48:49.423491+00:00","ANKRUSDT","Pullback Engine","EMA20 retest, RSI=55.8, OFI=17.3, OBI=0.36","long","None","None","None","None","REJECTED","Достигнут лимит позиций (4/4)","None","None","None"
"31428021","2025-10-26T18:00:06.136548+00:00","DOGEUSDT","Pullback Engine","EMA20 retest, RSI=54.8, OFI=12.1, OBI=-0.04","long","None","None","None","None","REJECTED","Достигнут лимит позиций (4/4)","None","None","None"
"fdcc703b","2025-10-26T18:00:27.224180+00:00","SUIUSDT","Pullback Engine","EMA20 retest, RSI=56.0, OFI=55.1, OBI=0.36","long","None","None","None","None","REJECTED","Достигнут лимит позиций (4/4)","None","None","None"
"8a7519ab","2025-10-26T18:00:50.437640+00:00","ARBUSDT","Pullback Engine","EMA20 retest, RSI=53.6, OFI=29.2, OBI=0.34","long","None","None","None","None","REJECTED","Достигнут лимит позиций (4/4)","None","None","None"
"2defc215","2025-10-26T18:00:50.942907+00:00","NEARUSDT","Pullback Engine","EMA20 retest, RSI=52.3, OFI=14.2, OBI=0.10","long","None","None","None","None","REJECTED","Достигнут лимит позиций (4/4)","None","None","None"
"c71b1d4a","2025-10-26T18:01:11.473356+00:00","ADAUSDT","Pullback Engine","EMA20 retest, RSI=54.1, OFI=23.3, OBI=0.12","long","None","None","None","None","REJECTED","Достигнут лимит позиций (4/4)","None","None","None"
"805852fa","2025-10-26T18:01:32.513915+00:00","ARBUSDT","Trending_AI_Filtered","Pullback to EMA20","long","None","None","None","None","REJECTED","Достигнут лимит позиций (4/4)","None","None","None"
"ba2d27ef","2025-10-26T18:02:14.286415+00:00","ADAUSDT","Trending_AI_Filtered","Pullback to EMA20","long","None","None","None","None","REJECTED","Достигнут лимит позиций (4/4)","None","None","None"
"edd68469","2025-10-26T18:02:38.184322+00:00","ICPUSDT","Pullback Engine","EMA20 retest, RSI=53.3, OFI=-11.2, OBI=0.10","long","None","None","None","None","REJECTED","Достигнут лимит позиций (4/4)","None","None","None"
"41008f42","2025-10-26T18:02:59.684671+00:00","ANKRUSDT","Pullback Engine","EMA20 retest, RSI=53.6, OFI=6.5, OBI=0.26","long","None","None","None","None","REJECTED","Достигнут лимит позиций (4/4)","None","None","None"
"b4898d78","2025-10-26T18:03:00.384445+00:00","ICPUSDT","Trending_AI_Filtered","Pullback to EMA20","long","None","None","None","None","REJECTED","Достигнут лимит позиций (4/4)","None","None","None"
"8454c3f4","2025-10-26T18:14:58.049844+00:00","BTCUSDT","Trending_AI_Filtered","Pullback to EMA20","long","None","None","None","None","REJECTED","Достигнут лимит позиций (4/4)","None","None","None"
"b0c4fa26","2025-10-26T18:14:58.217022+00:00","ICPUSDT","Trending_AI_Filtered","Pullback to EMA20","long","None","None","None","None","REJECTED","Достигнут лимит позиций (4/4)","None","None","None"
"1aef5233","2025-10-26T18:15:40.307048+00:00","ETHUSDT","Trending_AI_Filtered","Pullback to EMA20","long","None","None","None","None","REJECTED","Достигнут лимит позиций (4/4)","None","None","None"
"1c608b13","2025-10-26T18:15:41.000535+00:00","APTUSDT","Pullback Engine","EMA20 retest, RSI=54.7, OFI=65.4, OBI=0.38","long","None","None","None","None","REJECTED","Достигнут лимит позиций (4/4)","None","None","None"
"b5982285","2025-10-26T18:16:22.593913+00:00","TRXUSDT","Pullback Engine","EMA20 retest, RSI=51.5, OFI=-42.2, OBI=0.70","long","None","None","None","None","REJECTED","Достигнут лимит позиций (4/4)","None","None","None"
"c682fb9f","2025-10-26T18:16:22.821969+00:00","OPUSDT","Trending_AI_Filtered","Pullback to EMA20","long","None","None","None","None","REJECTED","Достигнут лимит позиций (4/4)","None","None","None"
"114b82b8","2025-10-26T18:16:43.540971+00:00","APTUSDT","Trending_AI_Filtered","Pullback to EMA20","long","None","None","None","None","REJECTED","Достигнут лимит позиций (4/4)","None","None","None"
"4474a7f3","2025-10-26T18:17:28.491288+00:00","ADAUSDT","Trending_AI_Filtered","Pullback to EMA20","long","None","None","None","None","REJECTED","Достигнут лимит позиций (4/4)","None","None","None"
"605c9cbb","2025-10-26T18:17:50.064402+00:00","TIAUSDT","Pullback Engine","EMA20 retest, RSI=50.7, OFI=13.7, OBI=-0.03","long","None","None","None","None","REJECTED","Достигнут лимит позиций (4/4)","None","None","None"
"21ee53b4","2025-10-26T18:17:50.209694+00:00","ENJUSDT","Pullback Engine","EMA20 retest, RSI=48.2, OFI=17.1, OBI=0.15","long","None","None","None","None","REJECTED","Достигнут лимит позиций (4/4)","None","None","None"
"bee0446b","2025-10-26T18:18:13.205017+00:00","NEARUSDT","Pullback Engine","EMA20 retest, RSI=54.6, OFI=31.8, OBI=0.28","long","None","None","None","None","REJECTED","Достигнут лимит позиций (4/4)","None","None","None"
"4b89b63a","2025-10-26T18:18:55.973254+00:00","NEARUSDT","Trending_AI_Filtered","Pullback to EMA20","long","None","None","None","None","REJECTED","Достигнут лимит позиций (4/4)","None","None","None"
"3b3077bb","2025-10-26T18:18:56.562423+00:00","ARBUSDT","Trending_AI_Filtered","Pullback to EMA20","long","None","None","None","None","REJECTED","Достигнут лимит позиций (4/4)","None","None","None"
"6b18e817","2025-10-26T18:19:37.815817+00:00","HBARUSDT","Pullback Engine","EMA20 retest, RSI=53.2, OFI=10.1, OBI=-0.09","long","None","None","None","None","REJECTED","Достигнут лимит позиций (4/4)","None","None","None"
"7623f489","2025-10-26T18:29:59.839617+00:00","BTCUSDT","Pullback Engine","EMA20 retest, RSI=53.6, OFI=90.2, OBI=0.93","long","None","None","None","None","REJECTED","Достигнут лимит позиций (4/4)","None","None","None"
"44655696","2025-10-26T18:30:21.694948+00:00","BTCUSDT","Trending_AI_Filtered","Pullback to EMA20","long","None","None","None","None","REJECTED","Достигнут лимит позиций (4/4)","None","None","None"
"33b67662","2025-10-26T18:30:22.263972+00:00","ADAUSDT","Trending_AI_Filtered","Pullback to EMA20","long","None","None","None","None","REJECTED","Достигнут лимит позиций (4/4)","None","None","None"
"7cec46a4","2025-10-26T18:30:42.471243+00:00","ANKRUSDT","Pullback Engine","EMA20 retest, RSI=52.7, OFI=-1.5, OBI=0.20","long","None","None","None","None","REJECTED","Достигнут лимит позиций (4/4)","None","None","None"
"214126af","2025-10-26T18:31:31.011970+00:00","LTCUSDT","Trending_AI_Filtered","Pullback to EMA20","long","None","None","None","None","REJECTED","Достигнут лимит позиций (4/4)","None","None","None"
"e82bf81c","2025-10-26T18:31:53.516323+00:00","OPUSDT","Trending_AI_Filtered","Pullback to EMA20","long","None","None","None","None","REJECTED","Достигнут лимит позиций (4/4)","None","None","None"
"e92de32a","2025-10-26T18:44:58.457354+00:00","DOGEUSDT","Trending_AI_Filtered","Pullback to EMA20","long","None","None","None","None","REJECTED","Достигнут лимит позиций (4/4)","None","None","None"
"463e7ed3","2025-10-26T18:44:59.114023+00:00","BNBUSDT","Trending_AI_Filtered","Pullback to EMA20","long","None","None","None","None","REJECTED","Достигнут лимит позиций (4/4)","None","None","None"
"9bde9dea","2025-10-26T18:45:19.981495+00:00","WIFUSDT","Pullback Engine","EMA20 retest, RSI=49.5, OFI=16.3, OBI=-0.05","long","None","None","None","None","REJECTED","Достигнут лимит позиций (4/4)","None","None","None"
"523dd708","2025-10-26T18:46:03.443518+00:00","APTUSDT","Trending_AI_Filtered","Pullback to EMA20","long","None","None","None","None","REJECTED","Достигнут лимит позиций (4/4)","None","None","None"
"9eeaac8b","2025-10-26T18:46:25.953967+00:00","LTCUSDT","Trending_AI_Filtered","Pullback to EMA20","long","None","None","None","None","REJECTED","Достигнут лимит позиций (4/4)","None","None","None"
"477b177e","2025-10-26T18:46:48.768885+00:00","TIAUSDT","Ranging V4.3 AVWAP WideSL","BB Low Touch or RSI Cross Up (48.4)","long","None","None","None","None","REJECTED","Достигнут лимит позиций (4/4)","None","None","None"
"04b42a4c","2025-10-26T18:47:08.866696+00:00","ATOMUSDT","Trending_AI_Filtered","Pullback to EMA20","long","None","None","None","None","REJECTED","Достигнут лимит позиций (4/4)","None","None","None"
"2c834506","2025-10-26T18:47:30.862283+00:00","ADAUSDT","Trending_AI_Filtered","Pullback to EMA20","long","None","None","None","None","REJECTED","Достигнут лимит позиций (4/4)","None","None","None"
"debb4650","2025-10-26T18:47:53.473684+00:00","OPUSDT","Trending_AI_Filtered","Pullback to EMA20","long","None","None","None","None","REJECTED","Достигнут лимит позиций (4/4)","None","None","None"
"e917a08a","2025-10-26T18:48:14.972638+00:00","CHZUSDT","Pullback Engine","EMA20 retest, RSI=52.1, OFI=0.8, OBI=0.11","long","None","None","None","None","REJECTED","Достигнут лимит позиций (4/4)","None","None","None"
"0a785d08","2025-10-26T18:48:15.645972+00:00","ARBUSDT","Trending_AI_Filtered","Pullback to EMA20","long","None","None","None","None","REJECTED","Достигнут лимит позиций (4/4)","None","None","None"
"5b545d28","2025-10-26T18:59:57.076107+00:00","HBARUSDT","Pullback Engine","EMA20 retest, RSI=53.9, OFI=14.9, OBI=0.04","long","None","None","None","None","REJECTED","Достигнут лимит позиций (4/4)","None","None","None"
"3d58204f","2025-10-26T19:00:19.392892+00:00","HBARUSDT","Trending_AI_Filtered","Pullback to EMA20","long","None","None","None","None","REJECTED","Достигнут лимит позиций (4/4)","None","None","None"
"f5807380","2025-10-26T19:00:44.282265+00:00","APTUSDT","Trending_AI_Filtered","Pullback to EMA20","long","None","None","None","None","REJECTED","Достигнут лимит позиций (4/4)","None","None","None"
"5d61235d","2025-10-26T19:01:05.706980+00:00","LTCUSDT","Trending_AI_Filtered","Pullback to EMA20","long","None","None","None","None","REJECTED","Достигнут лимит позиций (4/4)","None","None","None"
"29ddd992","2025-10-26T19:01:26.619703+00:00","BNBUSDT","Pullback Engine","EMA20 retest, RSI=51.8, OFI=55.5, OBI=0.52","long","None","None","None","None","REJECTED","Достигнут лимит позиций (4/4)","None","None","None"
"9b858bea","2025-10-26T19:01:49.030463+00:00","BNBUSDT","Trending_AI_Filtered","Pullback to EMA20","long","None","None","None","None","REJECTED","Достигнут лимит позиций (4/4)","None","None","None"
"c22fead4","2025-10-26T19:02:11.483301+00:00","CRVUSDT","Trending_AI_Filtered","Pullback to EMA20","long","None","None","None","None","REJECTED","Достигнут лимит позиций (4/4)","None","None","None"
"e0545501","2025-10-26T19:02:32.443254+00:00","ENJUSDT","Ranging V4.3 AVWAP WideSL","BB Low Touch or RSI Cross Up (43.9)","long","None","None","None","None","REJECTED","Достигнут лимит позиций (4/4)","None","None","None"
"8e39eb82","2025-10-26T19:02:53.970993+00:00","ATOMUSDT","Trending_AI_Filtered","Pullback to EMA20","long","None","None","None","None","REJECTED","Достигнут лимит позиций (4/4)","None","None","None"
"a7efd6f0","2025-10-26T19:03:15.042192+00:00","ANKRUSDT","Pullback Engine","EMA20 retest, RSI=54.2, OFI=4.7, OBI=0.25","long","None","None","None","None","REJECTED","Достигнут лимит позиций (4/4)","None","None","None"
"831d92c5","2025-10-26T19:14:55.761455+00:00","XRPUSDT","Ranging V4.3 AVWAP WideSL","BB Low Touch or RSI Cross Up (36.6)","long","None","None","None","None","REJECTED","Достигнут лимит позиций (4/4)","None","None","None"
"66e8964d","2025-10-26T19:15:19.482579+00:00","ADAUSDT","Ranging V4.3 AVWAP WideSL","BB Low Touch or RSI Cross Up (50.5)","long","None","None","None","None","REJECTED","Достигнут лимит позиций (4/4)","None","None","None"
"0b93e25f","2025-10-26T19:15:39.665458+00:00","LTCUSDT","Trending_AI_Filtered","Pullback to EMA20","long","None","None","None","None","REJECTED","Достигнут лимит позиций (4/4)","None","None","None"
"dbb3ecc7","2025-10-26T19:16:00.841607+00:00","ONEUSDT","Ranging V4.3 AVWAP WideSL","BB Low Touch or RSI Cross Up (42.3)","long","None","None","None","None","REJECTED","Достигнут лимит позиций (4/4)","None","None","None"
"f9ae2057","2025-10-26T19:16:22.977982+00:00","ANKRUSDT","Pullback Engine","EMA20 retest, RSI=51.9, OFI=5.0, OBI=0.25","long","None","None","None","None","REJECTED","Достигнут лимит позиций (4/4)","None","None","None"
"8efea0bc","2025-10-26T19:16:43.548920+00:00","BTCUSDT","Pullback Engine","EMA20 retest, RSI=53.9, OFI=43.9, OBI=0.42","long","None","None","None","None","REJECTED","Достигнут лимит позиций (4/4)","None","None","None"
"d20f68bc","2025-10-26T19:16:44.153795+00:00","ENJUSDT","Ranging V4.3 AVWAP WideSL","BB Low Touch or RSI Cross Up (39.8)","long","None","None","None","None","REJECTED","Достигнут лимит позиций (4/4)","None","None","None"
"8f6cf285","2025-10-26T19:17:04.958563+00:00","TIAUSDT","Ranging V4.3 AVWAP WideSL","BB Low Touch or RSI Cross Up (44.4)","long","None","None","None","None","REJECTED","Достигнут лимит позиций (4/4)","None","None","None"
"fb4b36ac","2025-10-26T19:18:05.635188+00:00","BTCUSDT","Trending_AI_Filtered","Pullback to EMA20","long","None","None","None","None","REJECTED","Достигнут лимит позиций (4/4)","None","None","None"
"5a7219cf","2025-10-26T19:18:28.424060+00:00","NEARUSDT","Ranging V4.3 AVWAP WideSL","BB Low Touch or RSI Cross Up (47.6)","long","None","None","None","None","REJECTED","Достигнут лимит позиций (4/4)","None","None","None"
"3bd06e30","2025-10-26T19:18:50.083658+00:00","DOTUSDT","Trending_AI_Filtered","Pullback to EMA20","long","None","None","None","None","REJECTED","Достигнут лимит позиций (4/4)","None","None","None"
"0ac0eca5","2025-10-26T19:19:11.447295+00:00","HBARUSDT","Pullback Engine","EMA20 retest, RSI=52.0, OFI=27.5, OBI=-0.09","long","None","None","None","None","REJECTED","Достигнут лимит позиций (4/4)","None","None","None"
"997426c8","2025-10-26T19:19:11.679879+00:00","WIFUSDT","Pullback Engine","EMA20 retest, RSI=48.4, OFI=30.4, OBI=-0.06","long","None","None","None","None","REJECTED","Достигнут лимит позиций (4/4)","None","None","None"
"cbc0337a","2025-10-26T19:19:12.030420+00:00","OPUSDT","Pullback Engine","EMA20 retest, RSI=53.1, OFI=18.1, OBI=0.14","long","None","None","None","None","REJECTED","Достигнут лимит позиций (4/4)","None","None","None"
"f5a8ccd4","2025-10-26T19:20:15.251183+00:00","OPUSDT","Trending_AI_Filtered","Pullback to EMA20","long","None","None","None","None","REJECTED","Достигнут лимит позиций (4/4)","None","None","None"
"b6ca00f5","2025-10-26T19:20:15.710508+00:00","BNBUSDT","Pullback Engine","EMA20 retest, RSI=47.8, OFI=72.8, OBI=0.59","long","None","None","None","None","REJECTED","Достигнут лимит позиций (4/4)","None","None","None"
"46646dd7","2025-10-26T19:29:55.649833+00:00","XRPUSDT","Ranging V4.3 AVWAP WideSL","BB Low Touch or RSI Cross Up (34.1)","long","None","None","None","None","REJECTED","Достигнут лимит позиций (4/4)","None","None","None"
"8a69515c","2025-10-26T19:30:16.794553+00:00","SUIUSDT","Pullback Engine","EMA20 retest, RSI=55.6, OFI=-73.0, OBI=0.14","long","None","None","None","None","REJECTED","Достигнут лимит позиций (4/4)","None","None","None"
"ad21bf59","2025-10-26T19:30:16.935837+00:00","APTUSDT","Pullback Engine","EMA20 retest, RSI=52.6, OFI=-40.9, OBI=0.13","long","None","None","None","None","REJECTED","Достигнут лимит позиций (4/4)","None","None","None"
"6cd59a73","2025-10-26T19:30:58.976158+00:00","SUIUSDT","Trending_AI_Filtered","Pullback to EMA20","long","None","None","None","None","REJECTED","Достигнут лимит позиций (4/4)","None","None","None"
"0ddeecf9","2025-10-26T19:31:19.924032+00:00","ADAUSDT","Ranging V4.3 AVWAP WideSL","BB Low Touch or RSI Cross Up (49.2)","long","None","None","None","None","REJECTED","Достигнут лимит позиций (4/4)","None","None","None"
"2817292b","2025-10-26T19:31:20.317171+00:00","TIAUSDT","Ranging V4.3 AVWAP WideSL","BB Low Touch or RSI Cross Up (49.6)","long","None","None","None","None","REJECTED","Достигнут лимит позиций (4/4)","None","None","None"
"94e376f5","2025-10-26T19:32:22.653678+00:00","SOLUSDT","Trending_AI_Filtered","Pullback to EMA20","long","None","None","None","None","REJECTED","Достигнут лимит позиций (4/4)","None","None","None"
"1e8f4308","2025-10-26T19:32:43.508099+00:00","ONEUSDT","Ranging V4.3 AVWAP WideSL","BB Low Touch or RSI Cross Up (42.3)","long","None","None","None","None","REJECTED","Достигнут лимит позиций (4/4)","None","None","None"
"a97eb83f","2025-10-26T19:33:03.574337+00:00","ANKRUSDT","Pullback Engine","EMA20 retest, RSI=54.0, OFI=7.3, OBI=0.21","long","None","None","None","None","REJECTED","Достигнут лимит позиций (4/4)","None","None","None"
"8ef2e034","2025-10-26T19:33:25.027607+00:00","LTCUSDT","Trending_AI_Filtered","Pullback to EMA20","long","None","None","None","None","REJECTED","Достигнут лимит позиций (4/4)","None","None","None"
"5cbf3704","2025-10-26T19:33:46.378803+00:00","NEARUSDT","Ranging V4.3 AVWAP WideSL","BB Low Touch or RSI Cross Up (49.4)","long","None","None","None","None","REJECTED","Достигнут лимит позиций (4/4)","None","None","None"
"dd3e815b","2025-10-26T19:34:08.120457+00:00","ENJUSDT","Ranging V4.3 AVWAP WideSL","BB Low Touch or RSI Cross Up (42.7)","long","None","None","None","None","REJECTED","Достигнут лимит позиций (4/4)","None","None","None"
"70026124","2025-10-26T19:34:50.084488+00:00","DOTUSDT","Trending_AI_Filtered","Pullback to EMA20","long","None","None","None","None","REJECTED","Достигнут лимит позиций (4/4)","None","None","None"
"72e44de6","2025-10-26T19:34:50.710736+00:00","ICPUSDT","Pullback Engine","EMA20 retest, RSI=52.9, OFI=18.9, OBI=0.29","long","None","None","None","None","REJECTED","Достигнут лимит позиций (4/4)","None","None","None"
"0ef071d3","2025-10-26T19:35:32.961894+00:00","ATOMUSDT","Trending_AI_Filtered","Pullback to EMA20","long","None","None","None","None","REJECTED","Достигнут лимит позиций (4/4)","None","None","None"
"64f1d691","2025-10-26T19:35:33.134903+00:00","ICPUSDT","Trending_AI_Filtered","Pullback to EMA20","long","None","None","None","None","REJECTED","Достигнут лимит позиций (4/4)","None","None","None"
"f9a3d273","2025-10-26T19:36:15.915873+00:00","CHZUSDT","Ranging V4.3 AVWAP WideSL","BB Low Touch or RSI Cross Up (46.6)","long","None","None","None","None","REJECTED","Достигнут лимит позиций (4/4)","None","None","None"
"8aab295f","2025-10-26T19:36:57.272111+00:00","ARBUSDT","Trending_AI_Filtered","Pullback to EMA20","long","None","None","None","None","REJECTED","Достигнут лимит позиций (4/4)","None","None","None"
"4ad5e2c1","2025-10-26T19:44:55.463244+00:00","ADAUSDT","Ranging V4.3 AVWAP WideSL","BB Low Touch or RSI Cross Up (48.6)","long","None","None","None","None","REJECTED","Достигнут лимит позиций (4/4)","None","None","None"
"e1c67c56","2025-10-26T19:45:15.702587+00:00","DOGEUSDT","Ranging V4.3 AVWAP WideSL","BB Low Touch or RSI Cross Up (47.7)","long","None","None","None","None","REJECTED","Достигнут лимит позиций (4/4)","None","None","None"
"04324c40","2025-10-26T19:45:39.362454+00:00","SUIUSDT","Trending_AI_Filtered","Pullback to EMA20","long","None","None","None","None","REJECTED","Достигнут лимит позиций (4/4)","None","None","None"
"f0c87a89","2025-10-26T19:46:00.061917+00:00","APTUSDT","Trending_AI_Filtered","Pullback to EMA20","long","None","None","None","None","REJECTED","Достигнут лимит позиций (4/4)","None","None","None"
"218a3099","2025-10-26T19:46:21.192231+00:00","XRPUSDT","Ranging V4.3 AVWAP WideSL","BB Low Touch or RSI Cross Up (37.3)","long","None","None","None","None","REJECTED","Достигнут лимит позиций (4/4)","None","None","None"
"88aa126f","2025-10-26T19:46:42.914578+00:00","HBARUSDT","Pullback Engine","EMA20 retest, RSI=50.0, OFI=54.8, OBI=0.11","long","None","None","None","None","REJECTED","Достигнут лимит позиций (4/4)","None","None","None"
"b1153bcd","2025-10-26T19:47:04.303789+00:00","NEARUSDT","Pullback Engine","EMA20 retest, RSI=50.3, OFI=16.1, OBI=0.17","long","None","None","None","None","REJECTED","Достигнут лимит позиций (4/4)","None","None","None"
"129acde4","2025-10-26T19:47:05.187858+00:00","ARBUSDT","Pullback Engine","EMA20 retest, RSI=54.9, OFI=9.8, OBI=0.15","long","None","None","None","None","REJECTED","Достигнут лимит позиций (4/4)","None","None","None"
"8ff96cbc","2025-10-26T19:47:47.549856+00:00","ARBUSDT","Trending_AI_Filtered","Pullback to EMA20","long","None","None","None","None","REJECTED","Достигнут лимит позиций (4/4)","None","None","None"
"742773bb","2025-10-26T19:48:08.562508+00:00","ENJUSDT","Ranging V4.3 AVWAP WideSL","BB Low Touch or RSI Cross Up (43.6)","long","None","None","None","None","REJECTED","Достигнут лимит позиций (4/4)","None","None","None"
"5ce33c58","2025-10-26T19:48:50.567402+00:00","ATOMUSDT","Trending_AI_Filtered","Pullback to EMA20","long","None","None","None","None","REJECTED","Достигнут лимит позиций (4/4)","None","None","None"
"740c8a42","2025-10-26T19:48:51.170388+00:00","ICPUSDT","Trending_AI_Filtered","Pullback to EMA20","long","None","None","None","None","REJECTED","Достигнут лимит позиций (4/4)","None","None","None"
"158bba00","2025-10-26T19:49:11.493571+00:00","OPUSDT","Trending_AI_Filtered","Pullback to EMA20","long","None","None","None","None","REJECTED","Достигнут лимит позиций (4/4)","None","None","None"
"28b3195a","2025-10-26T19:49:53.425421+00:00","CHZUSDT","Ranging V4.3 AVWAP WideSL","BB Low Touch or RSI Cross Up (44.3)","long","None","None","None","None","REJECTED","Достигнут лимит позиций (4/4)","None","None","None"
"a8254085","2025-10-26T19:50:13.498352+00:00","SUSHIUSDT","Trending_AI_Filtered","Pullback to EMA20","long","None","None","None","None","REJECTED","Достигнут лимит позиций (4/4)","None","None","None"
"cbb501ea","2025-10-26T19:50:34.613705+00:00","ONEUSDT","Ranging V4.3 AVWAP WideSL","BB Low Touch or RSI Cross Up (35.5)","long","None","None","None","None","REJECTED","Достигнут лимит позиций (4/4)","None","None","None"
"86ceb593","2025-10-26T19:50:55.929820+00:00","ANKRUSDT","Pullback Engine","EMA20 retest, RSI=51.6, OFI=11.8, OBI=0.29","long","None","None","None","None","REJECTED","Достигнут лимит позиций (4/4)","None","None","None"
"15d6d231","2025-10-26T19:51:18.391252+00:00","LTCUSDT","Trending_AI_Filtered","Pullback to EMA20","long","None","None","None","None","REJECTED","Достигнут лимит позиций (4/4)","None","None","None"
"71a9cde3","2025-10-26T19:59:57.400202+00:00","SOLUSDT","Trending_AI_Filtered","Pullback to EMA20","long","None","None","None","None","REJECTED","Достигнут лимит позиций (4/4)","None","None","None"
"1fad8c4f","2025-10-26T19:59:58.036499+00:00","CRVUSDT","Pullback Engine","EMA20 retest, RSI=53.7, OFI=9.1, OBI=0.11","long","None","None","None","None","REJECTED","Достигнут лимит позиций (4/4)","None","None","None"
"a7c12b98","2025-10-26T20:00:18.959814+00:00","OPUSDT","Trending_AI_Filtered","Pullback to EMA20","long","None","None","None","None","REJECTED","Достигнут лимит позиций (4/4)","None","None","None"
"dd77780d","2025-10-26T20:01:02.368036+00:00","ADAUSDT","Ranging V4.3 AVWAP WideSL","BB Low Touch or RSI Cross Up (48.3)","long","None","None","None","None","REJECTED","Достигнут лимит позиций (4/4)","None","None","None"
"56b98fd6","2025-10-26T20:01:02.736020+00:00","SUIUSDT","Trending_AI_Filtered","Pullback to EMA20","long","None","None","None","None","REJECTED","Достигнут лимит позиций (4/4)","None","None","None"
"7cb800d8","2025-10-26T20:02:07.805368+00:00","CHZUSDT","Ranging V4.3 AVWAP WideSL","BB Low Touch or RSI Cross Up (42.8)","long","None","None","None","None","REJECTED","Достигнут лимит позиций (4/4)","None","None","None"
"0375c989","2025-10-26T20:02:31.879046+00:00","TIAUSDT","Pullback Engine","EMA20 retest, RSI=52.8, OFI=48.7, OBI=0.09","long","None","None","None","None","REJECTED","Достигнут лимит позиций (4/4)","None","None","None"
"cf7da69b","2025-10-26T20:02:53.093020+00:00","ATOMUSDT","Trending_AI_Filtered","Pullback to EMA20","long","None","None","None","None","REJECTED","Достигнут лимит позиций (4/4)","None","None","None"
"d9436dfa","2025-10-26T20:03:14.454359+00:00","ONEUSDT","Ranging V4.3 AVWAP WideSL","BB Low Touch or RSI Cross Up (39.0)","long","None","None","None","None","REJECTED","Достигнут лимит позиций (4/4)","None","None","None"
"b1649536","2025-10-26T20:03:34.944678+00:00","NEARUSDT","Pullback Engine","EMA20 retest, RSI=52.1, OFI=30.9, OBI=0.17","long","None","None","None","None","REJECTED","Достигнут лимит позиций (4/4)","None","None","None"
"1cd009fe","2025-10-26T20:14:55.392249+00:00","SOLUSDT","Ranging V4.3 AVWAP WideSL","BB Low Touch or RSI Cross Up (49.2)","long","None","None","None","None","REJECTED","Достигнут лимит позиций (4/4)","None","None","None"
"4bbb6020","2025-10-26T20:15:17.549713+00:00","NEARUSDT","Ranging V4.3 AVWAP WideSL","BB Low Touch or RSI Cross Up (45.0)","long","None","None","None","None","REJECTED","Достигнут лимит позиций (4/4)","None","None","None"
"536c9267","2025-10-26T20:15:38.221271+00:00","WIFUSDT","Pullback Engine","EMA20 retest, RSI=47.8, OFI=31.5, OBI=-0.01","long","None","None","None","None","REJECTED","Достигнут лимит позиций (4/4)","None","None","None"
"f6a40273","2025-10-26T20:15:38.391799+00:00","ETHUSDT","Pullback Engine","EMA20 retest, RSI=52.7, OFI=-77.6, OBI=0.98","long","None","None","None","None","REJECTED","Достигнут лимит позиций (4/4)","None","None","None"
"250ded92","2025-10-26T20:15:59.653290+00:00","CRVUSDT","Trending_AI_Filtered","Pullback to EMA20","long","None","None","None","None","REJECTED","Достигнут лимит позиций (4/4)","None","None","None"
"1be91083","2025-10-26T20:16:41.431496+00:00","SUSHIUSDT","Trending_AI_Filtered","Pullback to EMA20","long","None","None","None","None","REJECTED","Достигнут лимит позиций (4/4)","None","None","None"
"f89b98b9","2025-10-26T20:16:41.923640+00:00","TIAUSDT","Pullback Engine","EMA20 retest, RSI=50.2, OFI=34.4, OBI=0.21","long","None","None","None","None","REJECTED","Достигнут лимит позиций (4/4)","None","None","None"
"8e2cdad6","2025-10-26T20:16:42.211388+00:00","FILUSDT","Pullback Engine","EMA20 retest, RSI=53.6, OFI=-1.3, OBI=0.13","long","None","None","None","None","REJECTED","Достигнут лимит позиций (4/4)","None","None","None"
e"
"79cd30cf","2025-10-26T20:17:24.033080+00:00","DOTUSDT","Trending_AI_Filtered","Pullback to EMA20","long","None","None","None","None","REJECTED","Достигнут лимит позиций (4/4)","None","None","None"
"088dc675","2025-10-26T20:18:24.933586+00:00","ADAUSDT","Ranging V4.3 AVWAP WideSL","BB Low Touch or RSI Cross Up (43.1)","long","None","None","None","None","REJECTED","Достигнут лимит позиций (4/4)","None","None","None"
"0a2d3005","2025-10-26T20:18:46.452709+00:00","INJUSDT","Pullback Engine","EMA20 retest, RSI=55.1, OFI=21.3, OBI=0.17","long","None","None","None","None","REJECTED","Достигнут лимит позиций (4/4)","None","None","None"
"86d707d9","2025-10-26T20:19:08.415212+00:00","DOGEUSDT","Ranging V4.3 AVWAP WideSL","BB Low Touch or RSI Cross Up (44.9)","long","None","None","None","None","REJECTED","Достигнут лимит позиций (4/4)","None","None","None"
"765f6b32","2025-10-26T20:19:49.231277+00:00","APEUSDT","Pullback Engine","EMA20 retest, RSI=48.3, OFI=-13.4, OBI=-0.03","short","None","None","None","None","REJECTED","Глобальный фильтр: BTC state=UP, p_up=1.00","None","None","None"
"edfcc700","2025-10-26T20:19:50.435523+00:00","HBARUSDT","Ranging V4.3 AVWAP WideSL","BB Low Touch or RSI Cross Up (43.7)","long","None","None","None","None","REJECTED","Достигнут лимит позиций (4/4)","None","None","None"
"7e433fbd","2025-10-26T20:20:11.895664+00:00","ATOMUSDT","Pullback Engine","EMA20 retest, RSI=53.2, OFI=10.9, OBI=0.08","long","None","None","None","None","REJECTED","Достигнут лимит позиций (4/4)","None","None","None"
"1ddcab00","2025-10-26T20:20:33.810565+00:00","ATOMUSDT","Trending_AI_Filtered","Pullback to EMA20","long","None","None","None","None","REJECTED","Достигнут лимит позиций (4/4)","None","None","None"
"1b908364","2025-10-26T20:20:34.343801+00:00","ICPUSDT","Trending_AI_Filtered","Pullback to EMA20","long","None","None","None","None","REJECTED","Достигнут лимит позиций (4/4)","None","None","None"
"448c4c3a","2025-10-26T20:20:34.511772+00:00","CHZUSDT","Ranging V4.3 AVWAP WideSL","BB Low Touch or RSI Cross Up (39.9)","long","None","None","None","None","REJECTED","Достигнут лимит позиций (4/4)","None","None","None"
"5628d185","2025-10-26T20:21:35.671580+00:00","ANKRUSDT","Pullback Engine","EMA20 retest, RSI=52.9, OFI=-0.5, OBI=0.19","long","None","None","None","None","REJECTED","Достигнут лимит позиций (4/4)","None","None","None"
"7f0f0d1b","2025-10-26T20:29:55.381700+00:00","DOGEUSDT","Ranging V4.3 AVWAP WideSL","BB Low Touch or RSI Cross Up (38.4)","long","None","None","None","None","REJECTED","Достигнут лимит позиций (4/4)","None","None","None"
"19824c2d","2025-10-26T20:30:15.498908+00:00","SOLUSDT","Ranging V4.3 AVWAP WideSL","BB Low Touch or RSI Cross Up (41.4)","long","None","None","None","None","REJECTED","Достигнут лимит позиций (4/4)","None","None","None"
"3fee2a16","2025-10-26T20:30:37.479017+00:00","SUIUSDT","Ranging V4.3 AVWAP WideSL","BB Low Touch or RSI Cross Up (41.9)","long","None","None","None","None","REJECTED","Достигнут лимит позиций (4/4)","None","None","None"
"b7ddeb03","2025-10-26T20:30:58.836884+00:00","APTUSDT","Pullback Engine","EMA20 retest, RSI=52.7, OFI=11.1, OBI=0.54","long","None","None","None","None","REJECTED","Достигнут лимит позиций (4/4)","None","None","None"
"cb66bbc0","2025-10-26T20:30:59.175864+00:00","NEARUSDT","Ranging V4.3 AVWAP WideSL","BB Low Touch or RSI Cross Up (36.9)","long","None","None","None","None","REJECTED","Достигнут лимит позиций (4/4)","None","None","None"
"b7c26553","2025-10-26T20:31:19.799297+00:00","BNBUSDT","Ranging V4.3 AVWAP WideSL","BB Low Touch or RSI Cross Up (38.0)","long","None","None","None","None","REJECTED","Достигнут лимит позиций (4/4)","None","None","None"
"bb3dc0e8","2025-10-26T20:32:20.613213+00:00","APTUSDT","Trending_AI_Filtered","Pullback to EMA20","long","None","None","None","None","REJECTED","Достигнут лимит позиций (4/4)","None","None","None"
"2e434bc6","2025-10-26T20:32:41.621434+00:00","BCHUSDT","Trending_AI_Filtered","Pullback to EMA20","long","None","None","None","None","REJECTED","Достигнут лимит позиций (4/4)","None","None","None"
"88515433","2025-10-26T20:33:02.856355+00:00","TRXUSDT","Ranging V4.3 AVWAP WideSL","BB Low Touch or RSI Cross Up (41.0)","long","None","None","None","None","REJECTED","Достигнут лимит позиций (4/4)","None","None","None"
"d2a5f784","2025-10-26T20:33:23.008390+00:00","DOTUSDT","Ranging V4.3 AVWAP WideSL","BB Low Touch or RSI Cross Up (45.3)","long","None","None","None","None","REJECTED","Достигнут лимит позиций (4/4)","None","None","None"
"df4158c1","2025-10-26T20:33:44.120688+00:00","ADAUSDT","Ranging V4.3 AVWAP WideSL","BB Low Touch or RSI Cross Up (36.9)","long","None","None","None","None","REJECTED","Достигнут лимит позиций (4/4)","None","None","None"
"284f37ce","2025-10-26T20:34:04.774324+00:00","ENJUSDT","Impulse_AI_Filtered","BBW↑0.45, ADX=27.7, OFI=-12.4, OBI=-0.03","short","None","None","None","None","REJECTED","BTC state=UP, p_up=1.00","None","None","None"
"83b1be9b","2025-10-26T20:34:05.495107+00:00","ONEUSDT","Ranging V4.3 AVWAP WideSL","BB Low Touch or RSI Cross Up (31.2)","long","None","None","None","None","REJECTED","Достигнут лимит позиций (4/4)","None","None","None"
"c62e65a4","2025-10-26T20:34:27.361746+00:00","OPUSDT","Ranging V4.3 AVWAP WideSL","BB Low Touch or RSI Cross Up (40.5)","long","None","None","None","None","REJECTED","Достигнут лимит позиций (4/4)","None","None","None"
"2c63b18f","2025-10-26T20:34:27.719103+00:00","TIAUSDT","Ranging V4.3 AVWAP WideSL","BB Low Touch or RSI Cross Up (40.3)","long","None","None","None","None","REJECTED","Достигнут лимит позиций (4/4)","None","None","None"
"a48d6160","2025-10-26T20:35:29.906490+00:00","HBARUSDT","Ranging V4.3 AVWAP WideSL","BB Low Touch or RSI Cross Up (36.5)","long","None","None","None","None","REJECTED","Достигнут лимит позиций (4/4)","None","None","None"
"53e8828a","2025-10-26T20:35:52.011233+00:00","WIFUSDT","Ranging V4.3 AVWAP WideSL","BB Low Touch or RSI Cross Up (37.3)","long","None","None","None","None","REJECTED","Достигнут лимит позиций (4/4)","None","None","None"
"6208be9d","2025-10-26T20:36:13.141652+00:00","ARBUSDT","Ranging V4.3 AVWAP WideSL","BB Low Touch or RSI Cross Up (43.3)","long","None","None","None","None","REJECTED","Достигнут лимит позиций (4/4)","None","None","None"
"2eb3f72b","2025-10-26T20:36:33.709722+00:00","CHZUSDT","Ranging V4.3 AVWAP WideSL","BB Low Touch or RSI Cross Up (34.8)","long","None","None","None","None","REJECTED","Достигнут лимит позиций (4/4)","None","None","None"
"5e5910a9","2025-10-26T20:36:53.871968+00:00","ANKRUSDT","Ranging V4.3 AVWAP WideSL","BB Low Touch or RSI Cross Up (41.8)","long","None","None","None","None","REJECTED","Достигнут лимит позиций (4/4)","None","None","None"
"c23b87f4","2025-10-26T20:44:55.231596+00:00","SOLUSDT","Ranging V4.3 AVWAP WideSL","BB Low Touch or RSI Cross Up (43.5)","long","None","None","None","None","REJECTED","Достигнут лимит позиций (4/4)","None","None","None"
"b5fd4e78","2025-10-26T20:45:15.537671+00:00","SUIUSDT","Ranging V4.3 AVWAP WideSL","BB Low Touch or RSI Cross Up (48.7)","long","None","None","None","None","REJECTED","Достигнут лимит позиций (4/4)","None","None","None"
"07bc82e2","2025-10-26T20:45:37.545372+00:00","ENAUSDT","Trending_AI_Filtered","Pullback to EMA20","long","None","None","None","None","REJECTED","Достигнут лимит позиций (4/4)","None","None","None"
"d7ff4e41","2025-10-26T20:45:37.710023+00:00","ETHUSDT","Trending_AI_Filtered","Pullback to EMA20","long","None","None","None","None","REJECTED","Достигнут лимит позиций (4/4)","None","None","None"
"05f05605","2025-10-26T20:45:58.336710+00:00","OPUSDT","Ranging V4.3 AVWAP WideSL","BB Low Touch or RSI Cross Up (46.5)","long","None","None","None","None","REJECTED","Достигнут лимит позиций (4/4)","None","None","None"
"e886a6d0","2025-10-26T20:46:19.852379+00:00","DOGEUSDT","Ranging V4.3 AVWAP WideSL","BB Low Touch or RSI Cross Up (44.2)","long","None","None","None","None","REJECTED","Достигнут лимит позиций (4/4)","None","None","None"
"d5c414b9","2025-10-26T20:47:22.022372+00:00","FILUSDT","Pullback Engine","EMA20 retest, RSI=54.1, OFI=15.1, OBI=0.19","long","None","None","None","None","REJECTED","Достигнут лимит позиций (4/4)","None","None","None"
"84a815d3","2025-10-26T20:47:43.023012+00:00","TRXUSDT","Pullback Engine","EMA20 retest, RSI=47.8, OFI=17.7, OBI=-0.06","long","None","None","None","None","REJECTED","Достигнут лимит позиций (4/4)","None","None","None"
"c8b12f38","2025-10-26T20:48:03.853401+00:00","FILUSDT","Trending_AI_Filtered","Pullback to EMA20","long","None","None","None","None","REJECTED","Достигнут лимит позиций (4/4)","None","None","None"
"b69fc0da","2025-10-26T20:48:24.970627+00:00","NEARUSDT","Ranging V4.3 AVWAP WideSL","BB Low Touch or RSI Cross Up (44.9)","long","None","None","None","None","REJECTED","Достигнут лимит позиций (4/4)","None","None","None"
"377efc67","2025-10-26T20:49:07.232243+00:00","ICPUSDT","Trending_AI_Filtered","Pullback to EMA20","long","None","None","None","None","REJECTED","Достигнут лимит позиций (4/4)","None","None","None"
"5ee7ab6f","2025-10-26T20:49:07.402568+00:00","APTUSDT","Trending_AI_Filtered","Pullback to EMA20","long","None","None","None","None","REJECTED","Достигнут лимит позиций (4/4)","None","None","None"
"1594350c","2025-10-26T20:49:07.751448+00:00","WIFUSDT","Ranging V4.3 AVWAP WideSL","BB Low Touch or RSI Cross Up (46.1)","long","None","None","None","None","REJECTED","Достигнут лимит позиций (4/4)","None","None","None"
"02b84bd9","2025-10-26T20:50:10.834296+00:00","TIAUSDT","Ranging V4.3 AVWAP WideSL","BB Low Touch or RSI Cross Up (47.3)","long","None","None","None","None","REJECTED","Достигнут лимит позиций (4/4)","None","None","None"
"285f75c1","2025-10-26T20:50:51.383936+00:00","CRVUSDT","Trending_AI_Filtered","Pullback to EMA20","long","None","None","None","None","REJECTED","Достигнут лимит позиций (4/4)","None","None","None"
"719688e1","2025-10-26T20:51:12.700562+00:00","SUSHIUSDT","Ranging V4.3 AVWAP WideSL","BB Low Touch or RSI Cross Up (52.6)","long","None","None","None","None","REJECTED","Достигнут лимит позиций (4/4)","None","None","None"
"4d7bfdf2","2025-10-26T20:51:32.857404+00:00","ARBUSDT","Ranging V4.3 AVWAP WideSL","BB Low Touch or RSI Cross Up (50.3)","long","None","None","None","None","REJECTED","Достигнут лимит позиций (4/4)","None","None","None"
"0d572716","2025-10-26T20:51:53.022875+00:00","CHZUSDT","Ranging V4.3 AVWAP WideSL","BB Low Touch or RSI Cross Up (39.9)","long","None","None","None","None","REJECTED","Достигнут лимит позиций (4/4)","None","None","None"
"f8fef6ec","2025-10-26T20:52:13.059017+00:00","FETUSDT","Pullback Engine","EMA20 retest, RSI=53.0, OFI=13.0, OBI=0.07","long","None","None","None","None","REJECTED","Достигнут лимит позиций (4/4)","None","None","None"
"8a1d8ce0","2025-10-26T20:52:34.970337+00:00","FETUSDT","Trending_AI_Filtered","Pullback to EMA20","long","None","None","None","None","REJECTED","Достигнут лимит позиций (4/4)","None","None","None"
"bdfc080c","2025-10-26T20:52:35.538592+00:00","ONEUSDT","Ranging V4.3 AVWAP WideSL","BB Low Touch or RSI Cross Up (37.9)","long","None","None","None","None","REJECTED","Достигнут лимит позиций (4/4)","None","None","None"
"10efd5e0","2025-10-26T20:52:35.615830+00:00","ANKRUSDT","Ranging V4.3 AVWAP WideSL","BB Low Touch or RSI Cross Up (45.9)","long","None","None","None","None","REJECTED","Достигнут лимит позиций (4/4)","None","None","None"
"bd253428","2025-10-26T20:52:35.694156+00:00","HBARUSDT","Ranging V4.3 AVWAP WideSL","BB Low Touch or RSI Cross Up (42.2)","long","None","None","None","None","REJECTED","Достигнут лимит позиций (4/4)","None","None","None"
"91f3b6d4","2025-10-26T20:59:55.172404+00:00","HBARUSDT","Ranging V4.3 AVWAP WideSL","BB Low Touch or RSI Cross Up (37.2)","long","None","None","None","None","REJECTED","Достигнут лимит позиций (4/4)","None","None","None"
"6d5314aa","2025-10-26T21:00:16.459317+00:00","ETHUSDT","Pullback Engine","EMA20 retest, RSI=50.5, OFI=58.1, OBI=0.69","long","None","None","None","None","REJECTED","Достигнут лимит позиций (4/4)","None","None","None"
"49ce06ad","2025-10-26T21:00:37.422415+00:00","CRVUSDT","Trending_AI_Filtered","Pullback to EMA20","long","None","None","None","None","REJECTED","Достигнут лимит позиций (4/4)","None","None","None"
"d2d46071","2025-10-26T21:01:00.686025+00:00","SUIUSDT","Ranging V4.3 AVWAP WideSL","BB Low Touch or RSI Cross Up (45.3)","long","None","None","None","None","REJECTED","Достигнут лимит позиций (4/4)","None","None","None"
"85e9ee2a","2025-10-26T21:01:22.969934+00:00","TRXUSDT","Pullback Engine","EMA20 retest, RSI=48.5, OFI=13.2, OBI=0.29","long","None","None","None","None","REJECTED","Достигнут лимит позиций (4/4)","None","None","None"
"fc635e20","2025-10-26T21:01:46.733837+00:00","WIFUSDT","Ranging V4.3 AVWAP WideSL","BB Low Touch or RSI Cross Up (42.3)","long","None","None","None","None","REJECTED","Достигнут лимит позиций (4/4)","None","None","None"
"dfdcac46","2025-10-26T21:02:08.259580+00:00","ANKRUSDT","Ranging V4.3 AVWAP WideSL","BB Low Touch or RSI Cross Up (39.9)","long","None","None","None","None","REJECTED","Достигнут лимит позиций (4/4)","None","None","None"
"23333083","2025-10-26T21:02:29.838928+00:00","OPUSDT","Ranging V4.3 AVWAP WideSL","BB Low Touch or RSI Cross Up (42.5)","long","None","None","None","None","REJECTED","Достигнут лимит позиций (4/4)","None","None","None"
"385c959f","2025-10-26T21:02:50.614068+00:00","SUSHIUSDT","Ranging V4.3 AVWAP WideSL","BB Low Touch or RSI Cross Up (45.6)","long","None","None","None","None","REJECTED","Достигнут лимит позиций (4/4)","None","None","None"
"9e758380","2025-10-26T21:15:02.487020+00:00","ETHUSDT","Trending_AI_Filtered","Pullback to EMA20","long","None","None","None","None","REJECTED","Достигнут лимит позиций (4/4)","None","None","None"
"6cb61133","2025-10-26T21:15:02.649304+00:00","APTUSDT","Trending_AI_Filtered","Pullback to EMA20","long","None","None","None","None","REJECTED","Достигнут лимит позиций (4/4)","None","None","None"
"c409e524","2025-10-26T21:15:23.365078+00:00","HBARUSDT","Ranging V4.3 AVWAP WideSL","BB Low Touch or RSI Cross Up (44.6)","long","None","None","None","None","REJECTED","Достигнут лимит позиций (4/4)","None","None","None"
"2506be63","2025-10-26T21:16:04.353205+00:00","SUIUSDT","Ranging V4.3 AVWAP WideSL","BB Low Touch or RSI Cross Up (47.2)","long","None","None","None","None","REJECTED","Достигнут лимит позиций (4/4)","None","None","None"
"3411afee","2025-10-26T21:16:25.458660+00:00","APEUSDT","Pullback Engine","EMA20 retest, RSI=51.2, OFI=-9.9, OBI=-0.10","short","None","None","None","None","REJECTED","Глобальный фильтр: BTC state=UP, p_up=1.00","None","None","None"
"091b5e99","2025-10-26T21:16:27.969876+00:00","BNBUSDT","Trending_AI_Filtered","Pullback to EMA20","long","None","None","None","None","REJECTED","Достигнут лимит позиций (4/4)","None","None","None"
"033f51ae","2025-10-26T21:16:28.201571+00:00","LINKUSDT","Trending_AI_Filtered","Pullback to EMA20","long","None","None","None","None","REJECTED","Достигнут лимит позиций (4/4)","None","None","None"
"287e2929","2025-10-26T21:17:10.371142+00:00","OPUSDT","Ranging V4.3 AVWAP WideSL","BB Low Touch or RSI Cross Up (49.8)","long","None","None","None","None","REJECTED","Достигнут лимит позиций (4/4)","None","None","None"
"e6470f44","2025-10-26T21:17:30.894791+00:00","IMXUSDT","Pullback Engine","EMA20 retest, RSI=50.3, OFI=23.7, OBI=-0.04","long","None","None","None","None","REJECTED","Достигнут лимит позиций (4/4)","None","None","None"
"d522b708","2025-10-26T21:17:31.087759+00:00","ADAUSDT","Trending_AI_Filtered","Pullback to EMA20","long","None","None","None","None","REJECTED","Достигнут лимит позиций (4/4)","None","None","None"
"9c510232","2025-10-26T21:17:31.419355+00:00","OPUSDT","Pullback Engine","EMA20 retest, RSI=49.8, OFI=18.1, OBI=0.06","long","None","None","None","None","REJECTED","Достигнут лимит позиций (4/4)","None","None","None"
"ce623f51","2025-10-26T21:17:51.754648+00:00","FILUSDT","Pullback Engine","EMA20 retest, RSI=53.5, OFI=-6.4, OBI=0.14","long","None","None","None","None","REJECTED","Достигнут лимит позиций (4/4)","None","None","None"
"c3f800ae","2025-10-26T21:18:54.382776+00:00","ANKRUSDT","Ranging V4.3 AVWAP WideSL","BB Low Touch or RSI Cross Up (43.8)","long","None","None","None","None","REJECTED","Достигнут лимит позиций (4/4)","None","None","None"
"df4662ce","2025-10-26T21:19:14.992898+00:00","CRVUSDT","Trending_AI_Filtered","Pullback to EMA20","long","None","None","None","None","REJECTED","Достигнут лимит позиций (4/4)","None","None","None"
"e14adbdc","2025-10-26T21:19:15.506631+00:00","FILUSDT","Trending_AI_Filtered","Pullback to EMA20","long","None","None","None","None","REJECTED","Достигнут лимит позиций (4/4)","None","None","None"
"5cac0586","2025-10-26T21:19:57.320834+00:00","BCHUSDT","Pullback Engine","EMA20 retest, RSI=55.2, OFI=26.4, OBI=0.07","long","None","None","None","None","REJECTED","Достигнут лимит позиций (4/4)","None","None","None"
"3af58a04","2025-10-26T21:20:19.394202+00:00","LTCUSDT","Trending_AI_Filtered","Pullback to EMA20","long","None","None","None","None","REJECTED","Достигнут лимит позиций (4/4)","None","None","None"
"7cd0c2c6","2025-10-26T21:20:40.266930+00:00","BCHUSDT","Trending_AI_Filtered","Pullback to EMA20","long","None","None","None","None","REJECTED","Достигнут лимит позиций (4/4)","None","None","None"
"df36fb11","2025-10-26T21:20:40.458665+00:00","ARBUSDT","Ranging V4.3 AVWAP WideSL","BB Low Touch or RSI Cross Up (51.6)","long","None","None","None","None","REJECTED","Достигнут лимит позиций (4/4)","None","None","None"
"0cc4386e","2025-10-26T21:21:21.851966+00:00","SUSHIUSDT","Trending_AI_Filtered","Pullback to EMA20","long","None","None","None","None","REJECTED","Достигнут лимит позиций (4/4)","None","None","None"
"d66ac6a2","2025-10-26T21:21:22.392680+00:00","ICPUSDT","Trending_AI_Filtered","Pullback to EMA20","long","None","None","None","None","REJECTED","Достигнут лимит позиций (4/4)","None","None","None"
"a82ef4b1","2025-10-26T21:21:43.296790+00:00","ONEUSDT","Ranging V4.3 AVWAP WideSL","BB Low Touch or RSI Cross Up (42.2)","long","None","None","None","None","REJECTED","Достигнут лимит позиций (4/4)","None","None","None"
"8b18839e","2025-10-26T21:22:23.517818+00:00","DOTUSDT","Pullback Engine","EMA20 retest, RSI=52.2, OFI=14.0, OBI=0.07","long","None","None","None","None","REJECTED","Достигнут лимит позиций (4/4)","None","None","None"
"4ce485e6","2025-10-26T21:22:46.142679+00:00","DOTUSDT","Trending_AI_Filtered","Pullback to EMA20","long","None","None","None","None","REJECTED","Достигнут лимит позиций (4/4)","None","None","None"
"c72a7481","2025-10-26T21:30:03.768422+00:00","ETHUSDT","Pullback Engine","EMA20 retest, RSI=50.0, OFI=100.0, OBI=-0.80","long","None","None","None","None","REJECTED","Достигнут лимит позиций (4/4)","None","None","None"
"a2ca3299","2025-10-26T21:30:03.941926+00:00","XRPUSDT","Trending_AI_Filtered","Pullback to EMA20","short","None","None","None","None","REJECTED","BTC state=UP, p_up=1.00","None","None","None"
"c47f122c","2025-10-26T21:30:04.032149+00:00","ANKRUSDT","Ranging V4.3 AVWAP WideSL","BB Low Touch or RSI Cross Up (38.4)","long","None","None","None","None","REJECTED","Достигнут лимит позиций (4/4)","None","None","None"
"8a8834c2","2025-10-26T21:30:04.066931+00:00","APTUSDT","Trending_AI_Filtered","Pullback to EMA20","long","None","None","None","None","REJECTED","Достигнут лимит позиций (4/4)","None","None","None"
"08fd862b","2025-10-26T21:30:46.006504+00:00","HBARUSDT","Ranging V4.3 AVWAP WideSL","BB Low Touch or RSI Cross Up (39.1)","long","None","None","None","None","REJECTED","Достигнут лимит позиций (4/4)","None","None","None"
"7f6e7345","2025-10-26T21:31:26.320582+00:00","BCHUSDT","Pullback Engine","EMA20 retest, RSI=52.5, OFI=99.5, OBI=0.46","long","None","None","None","None","REJECTED","Достигнут лимит позиций (4/4)","None","None","None"
"11e6c1c9","2025-10-26T21:31:49.541419+00:00","ARBUSDT","Ranging V4.3 AVWAP WideSL","BB Low Touch or RSI Cross Up (46.3)","long","None","None","None","None","REJECTED","Достигнут лимит позиций (4/4)","None","None","None"
"8da0ca1a","2025-10-26T21:32:09.610370+00:00","ENAUSDT","Pullback Engine","EMA20 retest, RSI=52.2, OFI=0.3, OBI=0.17","long","None","None","None","None","REJECTED","Достигнут лимит позиций (4/4)","None","None","None"
"c688e481","2025-10-26T21:32:32.186798+00:00","TIAUSDT","Ranging V4.3 AVWAP WideSL","BB Low Touch or RSI Cross Up (43.2)","long","None","None","None","None","REJECTED","Достигнут лимит позиций (4/4)","None","None","None"
"53b8dbd8","2025-10-26T21:32:52.702465+00:00","SUIUSDT","Ranging V4.3 AVWAP WideSL","BB Low Touch or RSI Cross Up (42.4)","long","None","None","None","None","REJECTED","Достигнут лимит позиций (4/4)","None","None","None"
"beb425d3","2025-10-26T21:33:14.824207+00:00","OPUSDT","Ranging V4.3 AVWAP WideSL","BB Low Touch or RSI Cross Up (43.6)","long","None","None","None","None","REJECTED","Достигнут лимит позиций (4/4)","None","None","None"
"db1afe17","2025-10-26T21:33:37.624313+00:00","SUSHIUSDT","Ranging V4.3 AVWAP WideSL","BB Low Touch or RSI Cross Up (44.3)","long","None","None","None","None","REJECTED","Достигнут лимит позиций (4/4)","None","None","None"
"d1e31b9e","2025-10-26T21:45:01.275502+00:00","BNBUSDT","Pullback Engine","EMA20 retest, RSI=51.6, OFI=79.6, OBI=0.75","long","None","None","None","None","REJECTED","Достигнут лимит позиций (4/4)","None","None","None"
"95b574b6","2025-10-26T21:45:22.039358+00:00","ENAUSDT","Trending_AI_Filtered","Pullback to EMA20","long","None","None","None","None","REJECTED","Достигнут лимит позиций (4/4)","None","None","None"
"ece0a80c","2025-10-26T21:45:22.185890+00:00","ETHUSDT","Trending_AI_Filtered","Pullback to EMA20","long","None","None","None","None","REJECTED","Достигнут лимит позиций (4/4)","None","None","None"
"528e15c7","2025-10-26T21:46:04.225385+00:00","LTCUSDT","Ranging V4.3 AVWAP WideSL","RSI Cross Down from Overbought (59.0)","short","None","None","None","None","REJECTED","Достигнут лимит позиций (4/4)","None","None","None"
"747aa27c","2025-10-26T21:46:04.736701+00:00","BTCUSDT","Trending_AI_Filtered","Pullback to EMA20","long","None","None","None","None","REJECTED","Достигнут лимит позиций (4/4)","None","None","None"
"c2da7894","2025-10-26T21:46:45.086510+00:00","ADAUSDT","Trending_AI_Filtered","Pullback to EMA20","long","None","None","None","None","REJECTED","Достигнут лимит позиций (4/4)","None","None","None"
"5ac5e948","2025-10-26T21:47:06.313501+00:00","SUSHIUSDT","Ranging V4.3 AVWAP WideSL","RSI Cross Down from Overbought (56.7)","short","None","None","None","None","REJECTED","Достигнут лимит позиций (4/4)","None","None","None"
"33d47e56","2025-10-26T21:47:47.061590+00:00","ONEUSDT","Trending_AI_Filtered","Pullback to EMA20","short","None","None","None","None","REJECTED","BTC state=UP, p_up=1.00","None","None","None"
"ca12c506","2025-10-26T21:47:48.157409+00:00","ICPUSDT","Ranging V4.3 AVWAP WideSL","RSI Cross Down from Overbought (57.7)","short","None","None","None","None","REJECTED","Достигнут лимит позиций (4/4)","None","None","None"
"888174b3","2025-10-26T21:48:29.095599+00:00","CRVUSDT","Trending_AI_Filtered","Pullback to EMA20","long","None","None","None","None","REJECTED","Достигнут лимит позиций (4/4)","None","None","None"
"f7378213","2025-10-26T21:48:29.260865+00:00","SUSHIUSDT","Trending_AI_Filtered","Pullback to EMA20","long","None","None","None","None","REJECTED","Достигнут лимит позиций (4/4)","None","None","None"
"b1e8f59f","2025-10-26T21:48:50.517263+00:00","ICPUSDT","Trending_AI_Filtered","Pullback to EMA20","long","None","None","None","None","REJECTED","Достигнут лимит позиций (4/4)","None","None","None"
"74dd1ccd","2025-10-26T21:48:50.548656+00:00","DOTUSDT","Trending_AI_Filtered","Pullback to EMA20","long","None","None","None","None","REJECTED","Достигнут лимит позиций (4/4)","None","None","None"
"d44715c2","2025-10-26T21:49:32.335729+00:00","IMXUSDT","Pullback Engine","EMA20 retest, RSI=50.2, OFI=49.6, OBI=-0.16","long","None","None","None","None","REJECTED","Достигнут лимит позиций (4/4)","None","None","None"
"91dc8214","2025-10-26T21:49:32.366033+00:00","BCHUSDT","Trending_AI_Filtered","Pullback to EMA20","long","None","None","None","None","REJECTED","Достигнут лимит позиций (4/4)","None","None","None"
"7385c780","2025-10-26T21:50:35.920769+00:00","OPUSDT","Trending_AI_Filtered","Pullback to EMA20","long","None","None","None","None","REJECTED","Достигнут лимит позиций (4/4)","None","None","None"
"ff95815a","2025-10-26T21:50:36.136672+00:00","ATOMUSDT","Trending_AI_Filtered","Pullback to EMA20","long","None","None","None","None","REJECTED","Достигнут лимит позиций (4/4)","None","None","None"
"dec49713","2025-10-26T21:50:36.416201+00:00","FILUSDT","Pullback Engine","EMA20 retest, RSI=52.4, OFI=0.7, OBI=0.14","long","None","None","None","None","REJECTED","Достигнут лимит позиций (4/4)","None","None","None"
"09510f1d","2025-10-26T21:50:36.538434+00:00","APTUSDT","Trending_AI_Filtered","Pullback to EMA20","long","None","None","None","None","REJECTED","Достигнут лимит позиций (4/4)","None","None","None"
"3b661c80","2025-10-26T21:50:56.842597+00:00","ARBUSDT","Ranging V4.3 AVWAP WideSL","RSI Cross Down from Overbought (54.8)","short","None","None","None","None","REJECTED","Достигнут лимит позиций (4/4)","None","None","None"
"18f5a38e","2025-10-26T21:52:19.516989+00:00","SUIUSDT","Ranging V4.3 AVWAP WideSL","BB Low Touch or RSI Cross Up (50.4)","long","None","None","None","None","REJECTED","Достигнут лимит позиций (4/4)","None","None","None"
"d0382e87","2025-10-26T21:52:19.925604+00:00","DOGEUSDT","Trending_AI_Filtered","Pullback to EMA20","long","None","None","None","None","REJECTED","Достигнут лимит позиций (4/4)","None","None","None"
"336f5f3a","2025-10-26T21:53:21.468032+00:00","WIFUSDT","Ranging V4.3 AVWAP WideSL","RSI Cross Down from Overbought (55.5)","short","None","None","None","None","REJECTED","Достигнут лимит позиций (4/4)","None","None","None"
"297977db","2025-10-26T21:53:41.532402+00:00","SUIUSDT","Pullback Engine","EMA20 retest, RSI=50.4, OFI=51.3, OBI=0.27","long","None","None","None","None","REJECTED","Достигнут лимит позиций (4/4)","None","None","None"
"a175da2b","2025-10-26T21:54:03.371797+00:00","TIAUSDT","Pullback Engine","EMA20 retest, RSI=50.6, OFI=74.3, OBI=0.41","long","None","None","None","None","REJECTED","Достигнут лимит позиций (4/4)","None","None","None"
"04516cfc","2025-10-26T21:54:24.086927+00:00","NEARUSDT","Pullback Engine","EMA20 retest, RSI=50.8, OFI=0.0, OBI=0.19","long","None","None","None","None","REJECTED","Достигнут лимит позиций (4/4)","None","None","None"
"b84b85bf","2025-10-26T21:54:45.034953+00:00","TIAUSDT","Trending_AI_Filtered","Pullback to EMA20","long","None","None","None","None","REJECTED","Достигнут лимит позиций (4/4)","None","None","None"
"67cd29ad","2025-10-26T21:55:05.944429+00:00","LINKUSDT","Trending_AI_Filtered","Pullback to EMA20","long","None","None","None","None","REJECTED","Достигнут лимит позиций (4/4)","None","None","None"
"d685c7d3","2025-10-26T21:55:06.487860+00:00","NEARUSDT","Trending_AI_Filtered","Pullback to EMA20","long","None","None","None","None","REJECTED","Достигнут лимит позиций (4/4)","None","None","None"
"8297ab83","2025-10-26T21:55:27.506593+00:00","ANKRUSDT","Ranging V4.3 AVWAP WideSL","BB Low Touch or RSI Cross Up (51.4)","long","None","None","None","None","REJECTED","Достигнут лимит позиций (4/4)","None","None","None"
"68a4e23a","2025-10-26T21:56:09.645550+00:00","ANKRUSDT","Pullback Engine","EMA20 retest, RSI=51.4, OFI=3.0, OBI=0.35","long","None","None","None","None","REJECTED","Достигнут лимит позиций (4/4)","None","None","None"
"24810fba","2025-10-26T22:00:02.554210+00:00","DOGEUSDT","Trending_AI_Filtered","Pullback to EMA20","long","None","None","None","None","REJECTED","Достигнут лимит позиций (4/4)","None","None","None"
"206efaeb","2025-10-26T22:00:23.255343+00:00","BTCUSDT","Pullback Engine","EMA20 retest, RSI=51.9, OFI=78.8, OBI=0.98","long","None","None","None","None","REJECTED","Достигнут лимит позиций (4/4)","None","None","None"
"7b7d4bf9","2025-10-26T22:00:44.308834+00:00","CRVUSDT","Trending_AI_Filtered","Pullback to EMA20","long","None","None","None","None","REJECTED","Достигнут лимит позиций (4/4)","None","None","None"
"d5601633","2025-10-26T22:01:05.290606+00:00","BNBUSDT","Ranging V4.3 AVWAP WideSL","RSI Cross Down from Overbought (57.6)","short","None","None","None","None","REJECTED","Достигнут лимит позиций (4/4)","None","None","None"
"656f1174","2025-10-26T22:01:05.646620+00:00","BTCUSDT","Trending_AI_Filtered","Pullback to EMA20","long","None","None","None","None","REJECTED","Достигнут лимит позиций (4/4)","None","None","None"
"ecb8ad24","2025-10-26T22:01:46.210333+00:00","APEUSDT","Ranging V4.3 AVWAP WideSL","RSI Cross Down from Overbought (54.4)","short","None","None","None","None","REJECTED","Достигнут лимит позиций (4/4)","None","None","None"
"78e661b7","2025-10-26T22:02:27.607460+00:00","SOLUSDT","Trending_AI_Filtered","Pullback to EMA20","long","None","None","None","None","REJECTED","Достигнут лимит позиций (4/4)","None","None","None"
"c8c23027","2025-10-26T22:02:49.003768+00:00","ICPUSDT","Ranging V4.3 AVWAP WideSL","RSI Cross Down from Overbought (58.9)","short","None","None","None","None","REJECTED","Достигнут лимит позиций (4/4)","None","None","None"
"f3c250b2","2025-10-26T22:03:10.617316+00:00","DOTUSDT","Trending_AI_Filtered","Pullback to EMA20","long","None","None","None","None","REJECTED","Достигнут лимит позиций (4/4)","None","None","None"
"0a6e9af0","2025-10-26T22:03:31.465963+00:00","LINKUSDT","Ranging V4.3 AVWAP WideSL","RSI Cross Down from Overbought (54.4)","short","None","None","None","None","REJECTED","Достигнут лимит позиций (4/4)","None","None","None"
"d0f8612f","2025-10-26T22:03:51.572408+00:00","XRPUSDT","Pullback Engine","EMA20 retest, RSI=48.3, OFI=-33.2, OBI=-0.69","short","None","None","None","None","REJECTED","Глобальный фильтр: BTC state=UP, p_up=1.00","None","None","None"
"d98c93f0","2025-10-26T22:03:53.329397+00:00","SUIUSDT","Trending_AI_Filtered","Pullback to EMA20","long","None","None","None","None","REJECTED","Достигнут лимит позиций (4/4)","None","None","None"
"27a3f505","2025-10-26T22:03:53.494215+00:00","ADAUSDT","Trending_AI_Filtered","Pullback to EMA20","long","None","None","None","None","REJECTED","Достигнут лимит позиций (4/4)","None","None","None"
"4bfd3403","2025-10-26T22:03:53.547610+00:00","XRPUSDT","Trending_AI_Filtered","Pullback to EMA20","short","None","None","None","None","REJECTED","BTC state=UP, p_up=1.00","None","None","None"
"1d8a1e35","2025-10-26T22:04:35.715432+00:00","WIFUSDT","Ranging V4.3 AVWAP WideSL","RSI Cross Down from Overbought (60.8)","short","None","None","None","None","REJECTED","Достигнут лимит позиций (4/4)","None","None","None"
"95221a67","2025-10-26T22:04:57.078045+00:00","FILUSDT","Trending_AI_Filtered","Pullback to EMA20","long","None","None","None","None","REJECTED","Достигнут лимит позиций (4/4)","None","None","None"
"6ffac16d","2025-10-26T22:04:57.670969+00:00","IMXUSDT","Trending_AI_Filtered","Pullback to EMA20","long","None","None","None","None","REJECTED","Достигнут лимит позиций (4/4)","None","None","None"
"950e792b","2025-10-26T22:05:18.454374+00:00","SUSHIUSDT","Ranging V4.3 AVWAP WideSL","RSI Cross Down from Overbought (62.3)","short","None","None","None","None","REJECTED","Достигнут лимит позиций (4/4)","None","None","None"
"a4041a7c","2025-10-26T22:05:18.588444+00:00","INJUSDT","Pullback Engine","EMA20 retest, RSI=51.2, OFI=17.4, OBI=0.37","long","None","None","None","None","REJECTED","Достигнут лимит позиций (4/4)","None","None","None"
"e2cccf9f","2025-10-26T22:06:20.086611+00:00","ENJUSDT","Pullback Engine","EMA20 retest, RSI=47.1, OFI=20.9, OBI=-0.14","short","None","None","None","None","REJECTED","Глобальный фильтр: BTC state=UP, p_up=1.00","None","None","None"
"f3d8afbb","2025-10-26T22:06:20.706349+00:00","TRXUSDT","Ranging V4.3 AVWAP WideSL","BB Low Touch or RSI Cross Up (45.7)","long","None","None","None","None","REJECTED","Достигнут лимит позиций (4/4)","None","None","None"
"cc192cf7","2025-10-26T22:06:21.134354+00:00","ARBUSDT","Ranging V4.3 AVWAP WideSL","RSI Cross Down from Overbought (57.0)","short","None","None","None","None","REJECTED","Достигнут лимит позиций (4/4)","None","None","None"
"a4ac5b39","2025-10-26T22:07:24.191908+00:00","CHZUSDT","Trending_AI_Filtered","Pullback to EMA20","long","None","None","None","None","REJECTED","Достигнут лимит позиций (4/4)","None","None","None"
"0668db87","2025-10-26T22:15:35.145933+00:00","CHZUSDT","Trending_AI_Filtered","Pullback to EMA20","long","None","None","None","None","REJECTED","Достигнут лимит позиций (4/4)","None","None","None"
"ddbfc66b","2025-10-26T22:15:35.306858+00:00","ONEUSDT","Ranging V4.3 AVWAP WideSL","RSI Cross Down from Overbought (65.3)","short","None","None","None","None","REJECTED","Достигнут лимит позиций (4/4)","None","None","None"
"cbbac609","2025-10-26T22:15:35.433382+00:00","ANKRUSDT","Ranging V4.3 AVWAP WideSL","RSI Cross Down from Overbought (63.6)","short","None","None","None","None","REJECTED","Достигнут лимит позиций (4/4)","None","None","None"
"cf1f37a0","2025-10-26T22:15:35.684747+00:00","SUSHIUSDT","Ranging V4.3 AVWAP WideSL","RSI Cross Down from Overbought (70.2)","short","None","None","None","None","REJECTED","Достигнут лимит позиций (4/4)","None","None","None"
"5bce338f","2025-10-26T22:15:35.939613+00:00","BNBUSDT","Ranging V4.3 AVWAP WideSL","RSI Cross Down from Overbought (68.3)","short","None","None","None","None","REJECTED","Достигнут лимит позиций (4/4)","None","None","None"
"36d1b090","2025-10-26T22:15:36.069029+00:00","XRPUSDT","Ranging V4.3 AVWAP WideSL","RSI Cross Down from Overbought (62.7)","short","None","None","None","None","REJECTED","Достигнут лимит позиций (4/4)","None","None","None"
"2116b8f3","2025-10-26T22:15:36.408344+00:00","DOTUSDT","Trending_AI_Filtered","Pullback to EMA20","long","None","None","None","None","REJECTED","Достигнут лимит позиций (4/4)","None","None","None"
"36d32a3f","2025-10-26T22:15:36.829552+00:00","ICPUSDT","Ranging V4.3 AVWAP WideSL","RSI Cross Down from Overbought (70.2)","short","None","None","None","None","REJECTED","Достигнут лимит позиций (4/4)","None","None","None"
"315285a3","2025-10-26T22:15:37.184237+00:00","FETUSDT","Trending_AI_Filtered","Pullback to EMA20","long","None","None","None","None","REJECTED","Достигнут лимит позиций (4/4)","None","None","None"
"31386302","2025-10-26T22:15:37.582179+00:00","BTCUSDT","Trending_AI_Filtered","Pullback to EMA20","long","None","None","None","None","REJECTED","Достигнут лимит позиций (4/4)","None","None","None"
"9cc7de7d","2025-10-26T22:15:37.753614+00:00","TRXUSDT","Ranging V4.3 AVWAP WideSL","RSI Cross Down from Overbought (59.2)","short","None","None","None","None","REJECTED","Достигнут лимит позиций (4/4)","None","None","None"
"c4553873","2025-10-26T22:15:38.250513+00:00","SUIUSDT","Ranging V4.3 AVWAP WideSL","RSI Cross Down from Overbought (67.5)","short","None","None","None","None","REJECTED","Достигнут лимит позиций (4/4)","None","None","None"
"34d82cc0","2025-10-26T22:15:38.374955+00:00","OPUSDT","Ranging V4.3 AVWAP WideSL","RSI Cross Down from Overbought (68.4)","short","None","None","None","None","REJECTED","Достигнут лимит позиций (4/4)","None","None","None"
"6e506a3e","2025-10-26T22:15:38.498682+00:00","ARBUSDT","Ranging V4.3 AVWAP WideSL","RSI Cross Down from Overbought (71.2)","short","None","None","None","None","REJECTED","Достигнут лимит позиций (4/4)","None","None","None"
"72a5fd01","2025-10-26T22:15:39.003540+00:00","APEUSDT","Ranging V4.3 AVWAP WideSL","RSI Cross Down from Overbought (64.3)","short","None","None","None","None","REJECTED","Достигнут лимит позиций (4/4)","None","None","None"
"083534c1","2025-10-26T22:15:39.127980+00:00","WIFUSDT","Ranging V4.3 AVWAP WideSL","RSI Cross Down from Overbought (75.5)","short","None","None","None","None","REJECTED","Достигнут лимит позиций (4/4)","None","None","None"
"6ced273f","2025-10-26T22:29:59.743379+00:00","AVAXUSDT","Ranging V4.3 AVWAP WideSL","RSI Cross Down from Overbought (65.4)","short","None","None","35","65.0","REJECTED","Низкая уверенность AI: 35% < 65.0%","None","None","None"
"63234ed4","2025-10-26T22:30:00.328427+00:00","TRXUSDT","Ranging V4.3 AVWAP WideSL","RSI Cross Down from Overbought (54.8)","short","None","None","45","62.0","REJECTED","Низкая уверенность AI: 45% < 62.0%","None","None","None"
"1951050d","2025-10-26T22:30:07.279116+00:00","BNBUSDT","Ranging V4.3 AVWAP WideSL","RSI Cross Down from Overbought (64.5)","short","None","None","55","65.0","REJECTED","Низкая уверенность AI: 55% < 65.0%","None","None","None"
"9db7a42a","2025-10-26T22:30:13.586526+00:00","ANKRUSDT","Ranging V4.3 AVWAP WideSL","RSI Cross Down from Overbought (60.6)","short","None","None","35","65.0","REJECTED","Низкая уверенность AI: 35% < 65.0%","None","None","None"
"5c14894d","2025-10-26T22:30:16.416152+00:00","SUIUSDT","Ranging V4.3 AVWAP WideSL","RSI Cross Down from Overbought (63.9)","short","None","None","45","65.0","REJECTED","Низкая уверенность AI: 45% < 65.0%","None","None","None"
"ad05c8f3","2025-10-26T22:30:16.937579+00:00","TIAUSDT","Ranging V4.3 AVWAP WideSL","RSI Cross Down from Overbought (62.8)","short","None","None","35","65.0","REJECTED","Низкая уверенность AI: 35% < 65.0%","None","None","None"
"21203610","2025-10-26T22:30:19.814389+00:00","ARBUSDT","Ranging V4.3 AVWAP WideSL","RSI Cross Down from Overbought (66.7)","short","None","None","65","65.0","EXECUTED","None","0.333","0.3351","0.3299"
"a2eaf700","2025-10-26T22:30:20.828527+00:00","WIFUSDT","Ranging V4.3 AVWAP WideSL","RSI Cross Down from Overbought (65.8)","short","None","None","45","65.0","REJECTED","Низкая уверенность AI: 45% < 65.0%","None","None","None"
"37f66387","2025-10-26T22:30:29.615432+00:00","SEIUSDT","Ranging V4.3 AVWAP WideSL","RSI Cross Down from Overbought (61.8)","short","None","None","35","65.0","REJECTED","Низкая уверенность AI: 35% < 65.0%","None","None","None"
"382b519c","2025-10-26T22:30:30.380733+00:00","ICPUSDT","Ranging V4.3 AVWAP WideSL","RSI Cross Down from Overbought (66.1)","short","None","None","45","65.0","REJECTED","Низкая уверенность AI: 45% < 65.0%","None","None","None"
"9e8e7a02","2025-10-26T22:30:44.167148+00:00","ONEUSDT","Ranging V4.3 AVWAP WideSL","RSI Cross Down from Overbought (68.9)","short","None","None","35","65.0","REJECTED","Низкая уверенность AI: 35% < 65.0%","None","None","None"
"3f7f2ad9","2025-10-26T22:30:53.226860+00:00","APEUSDT","Ranging V4.3 AVWAP WideSL","RSI Cross Down from Overbought (58.4)","short","None","None","45","65.0","REJECTED","Низкая уверенность AI: 45% < 65.0%","None","None","None"
"e39b90ce","2025-10-26T22:45:01.756648+00:00","ANKRUSDT","Ranging V4.3 AVWAP WideSL","RSI Cross Down from Overbought (64.2)","short","None","None","35","65.0","REJECTED","Низкая уверенность AI: 35% < 65.0%","None","None","None"
"27d80101","2025-10-26T22:45:15.202592+00:00","TIAUSDT","Ranging V4.3 AVWAP WideSL","RSI Cross Down from Overbought (66.4)","short","None","None","45","65.0","REJECTED","Низкая уверенность AI: 45% < 65.0%","None","None","None"
"52d4c279","2025-10-26T22:45:20.931857+00:00","ONEUSDT","Ranging V4.3 AVWAP WideSL","RSI Cross Down from Overbought (68.9)","short","None","None","45","65.0","REJECTED","Низкая уверенность AI: 45% < 65.0%","None","None","None"
"bb9b64d2","2025-10-26T22:45:30.569101+00:00","TRXUSDT","Ranging V4.3 AVWAP WideSL","RSI Cross Down from Overbought (63.8)","short","None","None","45","65.0","REJECTED","Низкая уверенность AI: 45% < 65.0%","None","None","None"
"98a9cc34","2025-10-26T22:45:31.198074+00:00","SEIUSDT","Ranging V4.3 AVWAP WideSL","RSI Cross Down from Overbought (64.8)","short","None","None","45","65.0","REJECTED","Низкая уверенность AI: 45% < 65.0%","None","None","None"
"394307b4","2025-10-26T22:45:41.281834+00:00","APEUSDT","Ranging V4.3 AVWAP WideSL","RSI Cross Down from Overbought (58.8)","short","None","None","45","65.0","REJECTED","Низкая уверенность AI: 45% < 65.0%","None","None","None"
"14edf281","2025-10-26T23:00:10.860376+00:00","APEUSDT","Ranging V4.3 AVWAP WideSL","RSI Cross Down from Overbought (61.2)","short","None","None","45","65.0","REJECTED","Низкая уверенность AI: 45% < 65.0%","None","None","None"
"84f19f72","2025-10-26T23:00:19.540459+00:00","ANKRUSDT","Ranging V4.3 AVWAP WideSL","RSI Cross Down from Overbought (65.9)","short","None","None","45","65.0","REJECTED","Низкая уверенность AI: 45% < 65.0%","None","None","None"
"767b79ea","2025-10-26T23:00:29.921028+00:00","TRXUSDT","Ranging V4.3 AVWAP WideSL","RSI Cross Down from Overbought (64.3)","short","None","None","35","65.0","REJECTED","Низкая уверенность AI: 35% < 65.0%","None","None","None"
"b204ae33","2025-10-26T23:00:36.365069+00:00","SEIUSDT","Ranging V4.3 AVWAP WideSL","RSI Cross Down from Overbought (65.3)","short","None","None","45","65.0","REJECTED","Низкая уверенность AI: 45% < 65.0%","None","None","None"
"f2315430","2025-10-26T23:15:08.454673+00:00","SEIUSDT","Ranging V4.3 AVWAP WideSL","RSI Cross Down from Overbought (66.1)","short","None","None","45","65.0","REJECTED","Низкая уверенность AI: 45% < 65.0%","None","None","None"
"30b6101a","2025-10-26T23:15:19.064120+00:00","TRXUSDT","Ranging V4.3 AVWAP WideSL","RSI Cross Down from Overbought (59.4)","short","None","None","35","65.0","REJECTED","Низкая уверенность AI: 35% < 65.0%","None","None","None"
"be81a964","2025-10-26T23:30:11.945021+00:00","TRXUSDT","Ranging V4.3 AVWAP WideSL","RSI Cross Down from Overbought (59.1)","short","None","None","45","65.0","REJECTED","Низкая уверенность AI: 45% < 65.0%","None","None","None"
"07137c38","2025-10-27T00:00:06.766167+00:00","IMXUSDT","Trending_AI_Filtered","Pullback to EMA20","long","None","None","90","67.0","EXECUTED","None","0.5587","0.5488","0.5735"
"b52b289c","2025-10-27T00:00:13.867762+00:00","FILUSDT","Pullback Engine","EMA20 retest, RSI=55.4, OFI=8.1, OBI=0.15","long","None","None","85","72.0","EXECUTED","None","1.6491584200553042","1.6295881092134725","1.6785138863180518"
"fb8252c4","2025-10-27T00:00:32.917101+00:00","CHZUSDT","Trending_AI_Filtered","Pullback to EMA20","long","None","None","85","67.0","EXECUTED","None","0.03337","0.03303","0.03388"
"2453601f","2025-10-27T00:15:01.415704+00:00","XRPUSDT","Trending_AI_Filtered","Pullback to EMA20","long","None","None","None","None","REJECTED","Достигнут лимит позиций (4/4)","None","None","None"
"872a1f37","2025-10-27T00:15:25.320932+00:00","HBARUSDT","Trending_AI_Filtered","Pullback to EMA20","long","None","None","None","None","REJECTED","Достигнут лимит позиций (4/4)","None","None","None"
"904cd2f2","2025-10-27T00:15:49.676396+00:00","XLMUSDT","Trending_AI_Filtered","Pullback to EMA20","long","None","None","None","None","REJECTED","Достигнут лимит позиций (4/4)","None","None","None"
"37cb138f","2025-10-27T00:15:50.164291+00:00","APEUSDT","Pullback Engine","EMA20 retest, RSI=52.7, OFI=25.8, OBI=0.09","long","None","None","None","None","REJECTED","Достигнут лимит позиций (4/4)","None","None","None"
"0d83d422","2025-10-27T00:16:11.057247+00:00","DOTUSDT","Trending_AI_Filtered","Pullback to EMA20","long","None","None","None","None","REJECTED","Достигнут лимит позиций (4/4)","None","None","None"
"2da18a59","2025-10-27T00:16:31.539028+00:00","ONEUSDT","Trending_AI_Filtered","Pullback to EMA20","long","None","None","None","None","REJECTED","Достигнут лимит позиций (4/4)","None","None","None"
"5984184b","2025-10-27T00:16:52.448374+00:00","APEUSDT","Trending_AI_Filtered","Pullback to EMA20","long","None","None","None","None","REJECTED","Достигнут лимит позиций (4/4)","None","None","None"
"349fb291","2025-10-27T00:17:35.147161+00:00","OPUSDT","Trending_AI_Filtered","Pullback to EMA20","long","None","None","None","None","REJECTED","Достигнут лимит позиций (4/4)","None","None","None"
"f29c60c3","2025-10-27T00:17:57.735254+00:00","ATOMUSDT","Trending_AI_Filtered","Pullback to EMA20","long","None","None","None","None","REJECTED","Достигнут лимит позиций (4/4)","None","None","None"
"234a43e2","2025-10-27T00:18:19.738035+00:00","ENJUSDT","Trending_AI_Filtered","Pullback to EMA20","long","None","None","None","None","REJECTED","Достигнут лимит позиций (4/4)","None","None","None"
"201111f4","2025-10-27T00:30:04.685077+00:00","TRXUSDT","Ranging V4.3 AVWAP WideSL","RSI Cross Down from Overbought (55.4)","short","None","None","None","None","REJECTED","Достигнут лимит позиций (4/4)","None","None","None"
"fb5c5a7c","2025-10-27T00:30:32.210806+00:00","APEUSDT","Trending_AI_Filtered","Pullback to EMA20","long","None","None","None","None","REJECTED","Достигнут лимит позиций (4/4)","None","None","None"
"022cd95c","2025-10-27T01:00:04.339815+00:00","APTUSDT","Trending_AI_Filtered","Pullback to EMA20","long","None","None","None","None","REJECTED","Достигнут лимит позиций (4/4)","None","None","None"
"c953ecde","2025-10-27T01:00:30.806462+00:00","TIAUSDT","Trending_AI_Filtered","Pullback to EMA20","long","None","None","None","None","REJECTED","Достигнут лимит позиций (4/4)","None","None","None"
"069fba9a","2025-10-27T01:00:31.347412+00:00","BCHUSDT","Pullback Engine","EMA20 retest, RSI=54.5, OFI=58.0, OBI=-0.03","long","None","None","None","None","REJECTED","Достигнут лимит позиций (4/4)","None","None","None"
"a432b7a7","2025-10-27T01:01:13.662070+00:00","BCHUSDT","Trending_AI_Filtered","Pullback to EMA20","long","None","None","None","None","REJECTED","Достигнут лимит позиций (4/4)","None","None","None"
"0d00e10d","2025-10-27T01:01:14.292858+00:00","ATOMUSDT","Trending_AI_Filtered","Pullback to EMA20","long","None","None","None","None","REJECTED","Достигнут лимит позиций (4/4)","None","None","None"
"b3c0f5dd","2025-10-27T01:15:04.227113+00:00","ANKRUSDT","Trending_AI_Filtered","Pullback to EMA20","long","None","None","None","None","REJECTED","Достигнут лимит позиций (4/4)","None","None","None"
"eea212ca","2025-10-27T01:15:24.841977+00:00","APTUSDT","Pullback Engine","EMA20 retest, RSI=54.6, OFI=97.0, OBI=0.30","long","None","None","None","None","REJECTED","Достигнут лимит позиций (4/4)","None","None","None"
"322574dc","2025-10-27T01:15:46.320537+00:00","BCHUSDT","Trending_AI_Filtered","Pullback to EMA20","long","None","None","None","None","REJECTED","Достигнут лимит позиций (4/4)","None","None","None"
"90d0a075","2025-10-27T01:16:08.983793+00:00","TIAUSDT","Trending_AI_Filtered","Pullback to EMA20","long","None","None","None","None","REJECTED","Достигнут лимит позиций (4/4)","None","None","None"
"681181c6","2025-10-27T01:16:34.713111+00:00","ATOMUSDT","Pullback Engine","EMA20 retest, RSI=55.1, OFI=20.1, OBI=0.09","long","None","None","None","None","REJECTED","Достигнут лимит позиций (4/4)","None","None","None"
"35060049","2025-10-27T01:16:56.438111+00:00","ATOMUSDT","Trending_AI_Filtered","Pullback to EMA20","long","None","None","None","None","REJECTED","Достигнут лимит позиций (4/4)","None","None","None"
"f9247dd7","2025-10-27T01:30:00.698285+00:00","DOTUSDT","Trending_AI_Filtered","Pullback to EMA20","long","None","None","None","None","REJECTED","Достигнут лимит позиций (4/4)","None","None","None"
"8fa0603b","2025-10-27T01:30:23.147197+00:00","ATOMUSDT","Trending_AI_Filtered","Pullback to EMA20","long","None","None","None","None","REJECTED","Достигнут лимит позиций (4/4)","None","None","None"
"3b71ddab","2025-10-27T01:30:45.532345+00:00","ANKRUSDT","Pullback Engine","EMA20 retest, RSI=53.5, OFI=21.0, OBI=0.32","long","None","None","None","None","REJECTED","Достигнут лимит позиций (4/4)","None","None","None"
"0492a5c8","2025-10-27T01:31:07.279735+00:00","ANKRUSDT","Trending_AI_Filtered","Pullback to EMA20","long","None","None","None","None","REJECTED","Достигнут лимит позиций (4/4)","None","None","None"
"d0e31da4","2025-10-27T01:31:29.863047+00:00","TIAUSDT","Trending_AI_Filtered","Pullback to EMA20","long","None","None","None","None","REJECTED","Достигнут лимит позиций (4/4)","None","None","None"
"d0ba967c","2025-10-27T01:31:55.826715+00:00","APTUSDT","Trending_AI_Filtered","Pullback to EMA20","long","None","None","None","None","REJECTED","Достигнут лимит позиций (4/4)","None","None","None"
"3545c45e","2025-10-27T01:45:00.791259+00:00","TIAUSDT","Trending_AI_Filtered","Pullback to EMA20","long","None","None","None","None","REJECTED","Достигнут лимит позиций (4/4)","None","None","None"
"c8f6d752","2025-10-27T01:45:29.259541+00:00","ANKRUSDT","Pullback Engine","EMA20 retest, RSI=53.5, OFI=8.6, OBI=0.25","long","None","None","None","None","REJECTED","Достигнут лимит позиций (4/4)","None","None","None"
"3018d138","2025-10-27T01:45:51.097968+00:00","ANKRUSDT","Trending_AI_Filtered","Pullback to EMA20","long","None","None","None","None","REJECTED","Достигнут лимит позиций (4/4)","None","None","None"
"5b5b2235","2025-10-27T02:15:12.047631+00:00","ICPUSDT","Pullback Engine","EMA20 retest, RSI=55.8, OFI=15.7, OBI=0.17","long","None","None","None","None","REJECTED","Достигнут лимит позиций (4/4)","None","None","None"
"8b81c1f3","2025-10-27T02:30:10.669448+00:00","FETUSDT","Trending_AI_Filtered","Pullback to EMA20","long","None","None","None","None","REJECTED","Достигнут лимит позиций (4/4)","None","None","None"
"3a694c40","2025-10-27T02:30:33.167093+00:00","ONEUSDT","Ranging V4.3 AVWAP WideSL","RSI Cross Down from Overbought (57.3)","short","None","None","None","None","REJECTED","Достигнут лимит позиций (4/4)","None","None","None"
"ba8ea725","2025-10-27T02:45:01.304759+00:00","XRPUSDT","Pullback Engine","EMA20 retest, RSI=55.6, OFI=76.0, OBI=0.02","long","None","None","None","None","REJECTED","Достигнут лимит позиций (4/4)","None","None","None"
"e88fecb2","2025-10-27T02:45:22.299814+00:00","TIAUSDT","Trending_AI_Filtered","Pullback to EMA20","long","None","None","None","None","REJECTED","Достигнут лимит позиций (4/4)","None","None","None"
"d4f3c7f9","2025-10-27T02:45:43.273813+00:00","XRPUSDT","Trending_AI_Filtered","Pullback to EMA20","long","None","None","None","None","REJECTED","Достигнут лимит позиций (4/4)","None","None","None"
"2b77a48b","2025-10-27T02:46:07.697728+00:00","WIFUSDT","Trending_AI_Filtered","Pullback to EMA20","long","None","None","None","None","REJECTED","Достигнут лимит позиций (4/4)","None","None","None"
"8a121a38","2025-10-27T02:46:29.906049+00:00","ICPUSDT","Trending_AI_Filtered","Pullback to EMA20","long","None","None","None","None","REJECTED","Достигнут лимит позиций (4/4)","None","None","None"
"eb5a91a8","2025-10-27T02:46:52.315982+00:00","LTCUSDT","Trending_AI_Filtered","Pullback to EMA20","long","None","None","None","None","REJECTED","Достигнут лимит позиций (4/4)","None","None","None"
"c43f796a","2025-10-27T02:47:14.579562+00:00","ATOMUSDT","Trending_AI_Filtered","Pullback to EMA20","long","None","None","None","None","REJECTED","Достигнут лимит позиций (4/4)","None","None","None"
"7a876634","2025-10-27T02:47:15.226214+00:00","FETUSDT","Pullback Engine","EMA20 retest, RSI=53.6, OFI=4.4, OBI=0.22","long","None","None","None","None","REJECTED","Достигнут лимит позиций (4/4)","None","None","None"
"8f6185f4","2025-10-27T02:47:57.038674+00:00","DOTUSDT","Trending_AI_Filtered","Pullback to EMA20","long","None","None","None","None","REJECTED","Достигнут лимит позиций (4/4)","None","None","None"
"f993a948","2025-10-27T02:47:57.583776+00:00","FETUSDT","Trending_AI_Filtered","Pullback to EMA20","long","None","None","None","None","REJECTED","Достигнут лимит позиций (4/4)","None","None","None"
"318ae8c1","2025-10-27T03:00:06.201667+00:00","APEUSDT","Trending_AI_Filtered","Pullback to EMA20","long","None","None","None","None","REJECTED","Достигнут лимит позиций (4/4)","None","None","None"
"4482c59f","2025-10-27T03:00:30.785595+00:00","TRXUSDT","Pullback Engine","EMA20 retest, RSI=53.3, OFI=1.0, OBI=0.23","long","None","None","None","None","REJECTED","Достигнут лимит позиций (4/4)","None","None","None"
"2d9d9550","2025-10-27T03:00:51.947154+00:00","APTUSDT","Pullback Engine","EMA20 retest, RSI=52.9, OFI=73.2, OBI=0.71","long","None","None","None","None","REJECTED","Достигнут лимит позиций (4/4)","None","None","None"
"b121cd3d","2025-10-27T03:00:52.647777+00:00","TRXUSDT","Trending_AI_Filtered","Pullback to EMA20","long","None","None","None","None","REJECTED","Достигнут лимит позиций (4/4)","None","None","None"
"3d748b0d","2025-10-27T03:01:33.628579+00:00","APTUSDT","Trending_AI_Filtered","Pullback to EMA20","long","None","None","None","None","REJECTED","Достигнут лимит позиций (4/4)","None","None","None"
"8bba390e","2025-10-27T03:01:56.170922+00:00","ATOMUSDT","Trending_AI_Filtered","Pullback to EMA20","long","None","None","None","None","REJECTED","Достигнут лимит позиций (4/4)","None","None","None"
"b0807109","2025-10-27T03:15:00.288160+00:00","TRXUSDT","Trending_AI_Filtered","Pullback to EMA20","long","None","None","None","None","REJECTED","Достигнут лимит позиций (4/4)","None","None","None"
"b1473f9e","2025-10-27T03:15:23.980423+00:00","XRPUSDT","Pullback Engine","EMA20 retest, RSI=49.5, OFI=69.9, OBI=0.46","long","None","None","None","None","REJECTED","Достигнут лимит позиций (4/4)","None","None","None"
"fd597a6a","2025-10-27T03:15:47.096518+00:00","ONEUSDT","Pullback Engine","EMA20 retest, RSI=51.5, OFI=6.3, OBI=0.27","long","None","None","None","None","REJECTED","Достигнут лимит позиций (4/4)","None","None","None"
"9448eb93","2025-10-27T03:30:01.343453+00:00","LTCUSDT","Pullback Engine","EMA20 retest, RSI=51.3, OFI=27.2, OBI=0.33","long","None","None","None","None","REJECTED","Достигнут лимит позиций (4/4)","None","None","None"
"3b727e17","2025-10-27T03:30:24.904140+00:00","APTUSDT","Pullback Engine","EMA20 retest, RSI=50.4, OFI=56.1, OBI=0.14","long","None","None","None","None","REJECTED","Достигнут лимит позиций (4/4)","None","None","None"
"dfc20f3e","2025-10-27T03:30:50.306185+00:00","ONEUSDT","Ranging V4.3 AVWAP WideSL","BB Low Touch or RSI Cross Up (42.3)","long","None","None","None","None","REJECTED","Достигнут лимит позиций (4/4)","None","None","None"
"102ae500","2025-10-27T03:31:12.516442+00:00","ANKRUSDT","Trending_AI_Filtered","Pullback to EMA20","long","None","None","None","None","REJECTED","Достигнут лимит позиций (4/4)","None","None","None"
"b5776012","2025-10-27T03:31:33.395980+00:00","ICPUSDT","Ranging V4.3 AVWAP WideSL","BB Low Touch or RSI Cross Up (44.5)","long","None","None","None","None","REJECTED","Достигнут лимит позиций (4/4)","None","None","None"
"63a0b8d1","2025-10-27T03:44:59.305136+00:00","AVAXUSDT","Pullback Engine","EMA20 retest, RSI=52.8, OFI=23.6, OBI=0.36","long","None","None","None","None","REJECTED","Достигнут лимит позиций (4/4)","None","None","None"
"0c8eef83","2025-10-27T03:45:25.121700+00:00","ONEUSDT","Ranging V4.3 AVWAP WideSL","BB Low Touch or RSI Cross Up (42.3)","long","None","None","None","None","REJECTED","Достигнут лимит позиций (4/4)","None","None","None"
"3fd37015","2025-10-27T03:45:45.852953+00:00","CRVUSDT","Pullback Engine","EMA20 retest, RSI=54.0, OFI=14.5, OBI=0.19","long","None","None","None","None","REJECTED","Достигнут лимит позиций (4/4)","None","None","None"
"6b4ceb16","2025-10-27T03:46:07.981432+00:00","XLMUSDT","Ranging V4.3 AVWAP WideSL","BB Low Touch or RSI Cross Up (42.3)","long","None","None","None","None","REJECTED","Достигнут лимит позиций (4/4)","None","None","None"
"3ef14f5e","2025-10-27T03:46:30.673022+00:00","TIAUSDT","Pullback Engine","EMA20 retest, RSI=51.7, OFI=71.0, OBI=0.40","long","None","None","None","None","REJECTED","Достигнут лимит позиций (4/4)","None","None","None"
"33a5f342","2025-10-27T03:46:53.739627+00:00","ICPUSDT","Ranging V4.3 AVWAP WideSL","BB Low Touch or RSI Cross Up (40.1)","long","None","None","None","None","REJECTED","Достигнут лимит позиций (4/4)","None","None","None"
"434bb904","2025-10-27T03:46:53.742735+00:00","ENJUSDT","Pullback Engine","EMA20 retest, RSI=53.1, OFI=24.0, OBI=-0.05","long","None","None","None","None","REJECTED","Достигнут лимит позиций (4/4)","None","None","None"
"9e68468b","2025-10-27T03:47:55.085779+00:00","ANKRUSDT","Pullback Engine","EMA20 retest, RSI=51.8, OFI=11.5, OBI=0.26","long","None","None","None","None","REJECTED","Достигнут лимит позиций (4/4)","None","None","None"
"fae3aafc","2025-10-27T03:47:55.674872+00:00","ENJUSDT","Trending_AI_Filtered","Pullback to EMA20","long","None","None","None","None","REJECTED","Достигнут лимит позиций (4/4)","None","None","None"
"e97524c5","2025-10-27T03:59:59.202581+00:00","INJUSDT","Pullback Engine","EMA20 retest, RSI=50.7, OFI=45.5, OBI=0.16","long","None","None","None","None","REJECTED","Достигнут лимит позиций (4/4)","None","None","None"
"dee03951","2025-10-27T03:59:59.342007+00:00","BCHUSDT","Pullback Engine","EMA20 retest, RSI=53.6, OFI=14.6, OBI=0.04","long","None","None","None","None","REJECTED","Достигнут лимит позиций (4/4)","None","None","None"
"08c22c6e","2025-10-27T04:00:42.159612+00:00","BCHUSDT","Trending_AI_Filtered","Pullback to EMA20","long","None","None","None","None","REJECTED","Достигнут лимит позиций (4/4)","None","None","None"
"9094fb3d","2025-10-27T04:00:42.768953+00:00","AVAXUSDT","Trending_AI_Filtered","Pullback to EMA20","long","None","None","None","None","REJECTED","Достигнут лимит позиций (4/4)","None","None","None"
"77f49717","2025-10-27T04:01:24.922492+00:00","NEARUSDT","Trending_AI_Filtered","Pullback to EMA20","long","None","None","None","None","REJECTED","Достигнут лимит позиций (4/4)","None","None","None"
"a0ebcb8e","2025-10-27T04:01:47.325420+00:00","TIAUSDT","Trending_AI_Filtered","Pullback to EMA20","long","None","None","None","None","REJECTED","Достигнут лимит позиций (4/4)","None","None","None"
"7b52fb7a","2025-10-27T04:01:47.856910+00:00","APTUSDT","Trending_AI_Filtered","Pullback to EMA20","long","None","None","None","None","REJECTED","Достигнут лимит позиций (4/4)","None","None","None"
"36bd0fc9","2025-10-27T04:02:29.719441+00:00","SEIUSDT","Trending_AI_Filtered","Pullback to EMA20","long","None","None","None","None","REJECTED","Достигнут лимит позиций (4/4)","None","None","None"
"f3eb28c6","2025-10-27T04:02:50.465456+00:00","CRVUSDT","Pullback Engine","EMA20 retest, RSI=55.6, OFI=15.3, OBI=0.22","long","None","None","None","None","REJECTED","Достигнут лимит позиций (4/4)","None","None","None"
"a37e1e23","2025-10-27T04:02:51.108040+00:00","SUSHIUSDT","Pullback Engine","EMA20 retest, RSI=55.5, OFI=31.6, OBI=0.13","long","None","None","None","None","REJECTED","Достигнут лимит позиций (4/4)","None","None","None"
"7643e511","2025-10-27T04:03:32.106757+00:00","CRVUSDT","Trending_AI_Filtered","Pullback to EMA20","long","None","None","None","None","REJECTED","Достигнут лимит позиций (4/4)","None","None","None"
"03b71d2c","2025-10-27T04:03:53.500507+00:00","SUSHIUSDT","Trending_AI_Filtered","Pullback to EMA20","long","None","None","None","None","REJECTED","Достигнут лимит позиций (4/4)","None","None","None"
"fe6e6c17","2025-10-27T04:03:53.649383+00:00","DOGEUSDT","Pullback Engine","EMA20 retest, RSI=54.0, OFI=60.1, OBI=0.40","long","None","None","None","None","REJECTED","Достигнут лимит позиций (4/4)","None","None","None"
"dde19231","2025-10-27T04:04:35.546560+00:00","ATOMUSDT","Ranging V4.3 AVWAP WideSL","BB Low Touch or RSI Cross Up (48.6)","long","None","None","None","None","REJECTED","Достигнут лимит позиций (4/4)","None","None","None"
"bb420590","2025-10-27T04:05:17.464957+00:00","DOTUSDT","Trending_AI_Filtered","Pullback to EMA20","long","None","None","None","None","REJECTED","Достигнут лимит позиций (4/4)","None","None","None"
"66a59a05","2025-10-27T04:05:38.327485+00:00","ONEUSDT","Ranging V4.3 AVWAP WideSL","BB Low Touch or RSI Cross Up (48.6)","long","None","None","None","None","REJECTED","Достигнут лимит позиций (4/4)","None","None","None"
"3dea4cbf","2025-10-27T04:05:58.399248+00:00","OPUSDT","Trending_AI_Filtered","Pullback to EMA20","long","None","None","None","None","REJECTED","Достигнут лимит позиций (4/4)","None","None","None"
"f3237427","2025-10-27T04:06:19.791099+00:00","ONEUSDT","Pullback Engine","EMA20 retest, RSI=48.6, OFI=0.2, OBI=0.21","long","None","None","None","None","REJECTED","Достигнут лимит позиций (4/4)","None","None","None"
"e73babaa","2025-10-27T04:06:20.330333+00:00","ANKRUSDT","Pullback Engine","EMA20 retest, RSI=53.3, OFI=-2.5, OBI=0.33","long","None","None","None","None","REJECTED","Достигнут лимит позиций (4/4)","None","None","None"
"5f6d05af","2025-10-27T04:06:40.705835+00:00","ENJUSDT","Trending_AI_Filtered","Pullback to EMA20","long","None","None","None","None","REJECTED","Достигнут лимит позиций (4/4)","None","None","None"
"6c3bef39","2025-10-27T04:06:41.095697+00:00","ALGOUSDT","Trending_AI_Filtered","Pullback to EMA20","long","None","None","None","None","REJECTED","Достигнут лимит позиций (4/4)","None","None","None"
"f662a841","2025-10-27T04:07:22.544847+00:00","HBARUSDT","Pullback Engine","EMA20 retest, RSI=52.0, OFI=15.2, OBI=-0.16","long","None","None","None","None","REJECTED","Достигнут лимит позиций (4/4)","None","None","None"
"5fe5bf1d","2025-10-27T04:07:22.963720+00:00","ANKRUSDT","Trending_AI_Filtered","Pullback to EMA20","long","None","None","None","None","REJECTED","Достигнут лимит позиций (4/4)","None","None","None"
"e07b2a25","2025-10-27T04:14:59.781368+00:00","HBARUSDT","Trending_AI_Filtered","Pullback to EMA20","long","None","None","None","None","REJECTED","Достигнут лимит позиций (4/4)","None","None","None"
"1624cc9f","2025-10-27T04:15:22.753118+00:00","BCHUSDT","Pullback Engine","EMA20 retest, RSI=52.4, OFI=73.3, OBI=0.18","long","None","None","None","None","REJECTED","Достигнут лимит позиций (4/4)","None","None","None"
"6061ee39","2025-10-27T04:15:44.035205+00:00","DOTUSDT","Pullback Engine","EMA20 retest, RSI=50.5, OFI=16.3, OBI=0.09","long","None","None","None","None","REJECTED","Достигнут лимит позиций (4/4)","None","None","None"
"b81d1b2a","2025-10-27T04:15:44.604241+00:00","BCHUSDT","Trending_AI_Filtered","Pullback to EMA20","long","None","None","None","None","REJECTED","Достигнут лимит позиций (4/4)","None","None","None"
"d613539d","2025-10-27T04:16:25.999281+00:00","XRPUSDT","Pullback Engine","EMA20 retest, RSI=48.5, OFI=58.0, OBI=0.37","long","None","None","None","None","REJECTED","Достигнут лимит позиций (4/4)","None","None","None"
"cf07b009","2025-10-27T04:16:49.033045+00:00","CRVUSDT","Pullback Engine","EMA20 retest, RSI=53.6, OFI=15.7, OBI=0.20","long","None","None","None","None","REJECTED","Достигнут лимит позиций (4/4)","None","None","None"
"ddccdbf3","2025-10-27T04:16:49.603011+00:00","SUSHIUSDT","Pullback Engine","EMA20 retest, RSI=51.1, OFI=34.7, OBI=0.21","long","None","None","None","None","REJECTED","Достигнут лимит позиций (4/4)","None","None","None"
"6ec5d3da","2025-10-27T04:16:49.681968+00:00","APEUSDT","Trending_AI_Filtered","Pullback to EMA20","long","None","None","None","None","REJECTED","Достигнут лимит позиций (4/4)","None","None","None"
"49769ec7","2025-10-27T04:17:10.291350+00:00","AVAXUSDT","Pullback Engine","EMA20 retest, RSI=53.1, OFI=40.3, OBI=0.07","long","None","None","None","None","REJECTED","Достигнут лимит позиций (4/4)","None","None","None"
"b938e85c","2025-10-27T04:17:52.218744+00:00","ATOMUSDT","Ranging V4.3 AVWAP WideSL","BB Low Touch or RSI Cross Up (47.4)","long","None","None","None","None","REJECTED","Достигнут лимит позиций (4/4)","None","None","None"
"256f6a8d","2025-10-27T04:18:34.439956+00:00","SUIUSDT","Ranging V4.3 AVWAP WideSL","BB Low Touch or RSI Cross Up (46.4)","long","None","None","None","None","REJECTED","Достигнут лимит позиций (4/4)","None","None","None"
"81b768ac","2025-10-27T04:18:56.020491+00:00","ENJUSDT","Trending_AI_Filtered","Pullback to EMA20","long","None","None","None","None","REJECTED","Достигнут лимит позиций (4/4)","None","None","None"
"03e3fe3d","2025-10-27T04:19:18.401698+00:00","ANKRUSDT","Pullback Engine","EMA20 retest, RSI=51.6, OFI=8.5, OBI=0.28","long","None","None","None","None","REJECTED","Достигнут лимит позиций (4/4)","None","None","None"
"0d4ed544","2025-10-27T04:19:18.575566+00:00","SEIUSDT","Trending_AI_Filtered","Pullback to EMA20","long","None","None","None","None","REJECTED","Достигнут лимит позиций (4/4)","None","None","None"
"0956a1a9","2025-10-27T04:19:18.694819+00:00","ALGOUSDT","Trending_AI_Filtered","Pullback to EMA20","long","None","None","None","None","REJECTED","Достигнут лимит позиций (4/4)","None","None","None"
"55051add","2025-10-27T04:27:28.874130+00:00","ANKRUSDT","Trending_AI_Filtered","Pullback to EMA20","long","None","None","None","None","REJECTED","Достигнут лимит позиций (4/4)","None","None","None"
"c2fc16c1","2025-10-27T04:27:29.119211+00:00","CRVUSDT","Trending_AI_Filtered","Pullback to EMA20","long","None","None","None","None","REJECTED","Достигнут лимит позиций (4/4)","None","None","None"
"eb4bd3fa","2025-10-27T04:27:29.246093+00:00","SUSHIUSDT","Trending_AI_Filtered","Pullback to EMA20","long","None","None","None","None","REJECTED","Достигнут лимит позиций (4/4)","None","None","None"
"42292b68","2025-10-27T04:27:29.372737+00:00","ALGOUSDT","Trending_AI_Filtered","Pullback to EMA20","long","None","None","None","None","REJECTED","Достигнут лимит позиций (4/4)","None","None","None"
"2c025114","2025-10-27T04:27:30.013830+00:00","AVAXUSDT","Trending_AI_Filtered","Pullback to EMA20","long","None","None","None","None","REJECTED","Достигнут лимит позиций (4/4)","None","None","None"
"0e2940c4","2025-10-27T04:27:30.141324+00:00","DOTUSDT","Trending_AI_Filtered","Pullback to EMA20","long","None","None","None","None","REJECTED","Достигнут лимит позиций (4/4)","None","None","None"
"59d33f99","2025-10-27T04:27:30.266581+00:00","ATOMUSDT","Trending_AI_Filtered","Pullback to EMA20","long","None","None","None","None","REJECTED","Достигнут лимит позиций (4/4)","None","None","None"
"c2ecbfa9","2025-10-27T04:27:30.894716+00:00","DOGEUSDT","Trending_AI_Filtered","Pullback to EMA20","long","None","None","None","None","REJECTED","Достигнут лимит позиций (4/4)","None","None","None"
"fc259e88","2025-10-27T04:27:31.301370+00:00","TRXUSDT","Trending_AI_Filtered","Pullback to EMA20","long","None","None","None","None","REJECTED","Достигнут лимит позиций (4/4)","None","None","None"
"5a334e54","2025-10-27T04:27:31.426394+00:00","LTCUSDT","Trending_AI_Filtered","Pullback to EMA20","long","None","None","None","None","REJECTED","Достигнут лимит позиций (4/4)","None","None","None"
"5982c02c","2025-10-27T04:27:31.930708+00:00","SUIUSDT","Trending_AI_Filtered","Pullback to EMA20","long","None","None","None","None","REJECTED","Достигнут лимит позиций (4/4)","None","None","None"
"e37e3559","2025-10-27T04:27:32.817373+00:00","WIFUSDT","Trending_AI_Filtered","Pullback to EMA20","long","None","None","None","None","REJECTED","Достигнут лимит позиций (4/4)","None","None","None"
"549df823","2025-10-27T04:27:32.946601+00:00","ENAUSDT","Trending_AI_Filtered","Pullback to EMA20","long","None","None","None","None","REJECTED","Достигнут лимит позиций (4/4)","None","None","None"
"325598f2","2025-10-27T04:27:54.869745+00:00","SUSHIUSDT","Pullback Engine","EMA20 retest, RSI=54.4, OFI=-21.6, OBI=0.10","long","None","None","None","None","REJECTED","Достигнут лимит позиций (4/4)","None","None","None"
"40f95505","2025-10-27T04:27:54.934873+00:00","BCHUSDT","Pullback Engine","EMA20 retest, RSI=51.1, OFI=41.8, OBI=-0.11","long","None","None","None","None","REJECTED","Достигнут лимит позиций (4/4)","None","None","None"
"20c2daf1","2025-10-27T04:27:54.935875+00:00","ONEUSDT","Pullback Engine","EMA20 retest, RSI=48.9, OFI=16.9, OBI=0.32","long","None","None","None","None","REJECTED","Достигнут лимит позиций (4/4)","None","None","None"
"8714f1a8","2025-10-27T06:34:57.203377+00:00","CRVUSDT","Trending_AI_Filtered","Pullback to EMA20","long","None","None","None","None","REJECTED","Достигнут лимит позиций (4/4)","None","None","None"
"897a006d","2025-10-27T06:34:57.495655+00:00","ALGOUSDT","Ranging V4.3 AVWAP WideSL","BB Low Touch or RSI Cross Up (44.8)","long","None","None","None","None","REJECTED","Достигнут лимит позиций (4/4)","None","None","None"
"ecbe7d1d","2025-10-27T06:35:43.117815+00:00","HBARUSDT","Pullback Engine","EMA20 retest, RSI=51.3, OFI=13.6, OBI=-0.07","long","None","None","None","None","REJECTED","Достигнут лимит позиций (4/4)","None","None","None"
"ff028c48","2025-10-27T06:35:43.334020+00:00","XRPUSDT","Pullback Engine","EMA20 retest, RSI=48.6, OFI=22.9, OBI=0.24","long","None","None","None","None","REJECTED","Достигнут лимит позиций (4/4)","None","None","None"
"aed216a4","2025-10-27T06:35:43.338023+00:00","ANKRUSDT","Pullback Engine","EMA20 retest, RSI=52.1, OFI=2.7, OBI=0.22","long","None","None","None","None","REJECTED","Достигнут лимит позиций (4/4)","None","None","None"
"a59f00c4","2025-10-27T06:35:43.342027+00:00","ONEUSDT","Pullback Engine","EMA20 retest, RSI=50.9, OFI=10.5, OBI=0.31","long","None","None","None","None","REJECTED","Достигнут лимит позиций (4/4)","None","None","None"
"02db3da1","2025-10-27T06:35:43.342027+00:00","SEIUSDT","Pullback Engine","EMA20 retest, RSI=52.4, OFI=1.3, OBI=0.12","long","None","None","None","None","REJECTED","Достигнут лимит позиций (4/4)","None","None","None"
"d5e45ed1","2025-10-27T06:35:43.343019+00:00","ADAUSDT","Pullback Engine","EMA20 retest, RSI=49.9, OFI=-15.0, OBI=0.11","long","None","None","None","None","REJECTED","Достигнут лимит позиций (4/4)","None","None","None"
"5209788e","2025-10-27T06:35:43.343019+00:00","LINKUSDT","Pullback Engine","EMA20 retest, RSI=55.8, OFI=-26.3, OBI=0.12","long","None","None","None","None","REJECTED","Достигнут лимит позиций (4/4)","None","None","None"
"abcc3d60","2025-10-27T06:35:43.344020+00:00","TRXUSDT","Pullback Engine","EMA20 retest, RSI=52.4, OFI=8.0, OBI=0.13","long","None","None","None","None","REJECTED","Достигнут лимит позиций (4/4)","None","None","None"
"4507bc99","2025-10-27T06:35:43.344020+00:00","DOTUSDT","Pullback Engine","EMA20 retest, RSI=51.8, OFI=13.9, OBI=-0.01","long","None","None","None","None","REJECTED","Достигнут лимит позиций (4/4)","None","None","None"
"5c1078ff","2025-10-27T06:42:16.260129+00:00","ENJUSDT","Trending_AI_Filtered","Pullback to EMA20","long","None","None","None","None","REJECTED","Достигнут лимит позиций (4/4)","None","None","None"
"c234a20a","2025-10-27T06:42:16.640433+00:00","ANKRUSDT","Trending_AI_Filtered","Pullback to EMA20","long","None","None","None","None","REJECTED","Достигнут лимит позиций (4/4)","None","None","None"
"021672b3","2025-10-27T06:42:16.768571+00:00","CRVUSDT","Trending_AI_Filtered","Pullback to EMA20","long","None","None","None","None","REJECTED","Достигнут лимит позиций (4/4)","None","None","None"
"927acb8a","2025-10-27T06:42:16.894838+00:00","SUSHIUSDT","Trending_AI_Filtered","Pullback to EMA20","long","None","None","None","None","REJECTED","Достигнут лимит позиций (4/4)","None","None","None"
"db1cbfc5","2025-10-27T06:42:16.935885+00:00","ALGOUSDT","Ranging V4.3 AVWAP WideSL","BB Low Touch or RSI Cross Up (50.9)","long","None","None","None","None","REJECTED","Достигнут лимит позиций (4/4)","None","None","None"
"d2d9ed3c","2025-10-27T06:42:17.273889+00:00","BNBUSDT","Trending_AI_Filtered","Pullback to EMA20","long","None","None","None","None","REJECTED","Достигнут лимит позиций (4/4)","None","None","None"
"073daf22","2025-10-27T06:42:17.787114+00:00","DOTUSDT","Trending_AI_Filtered","Pullback to EMA20","long","None","None","None","None","REJECTED","Достигнут лимит позиций (4/4)","None","None","None"
"7c7a12e1","2025-10-27T06:42:18.046387+00:00","NEARUSDT","Trending_AI_Filtered","Pullback to EMA20","long","None","None","85","67.0","EXECUTED","None","2.398","2.372","2.445"
"fd3e5d53","2025-10-27T06:42:18.559771+00:00","DOGEUSDT","Trending_AI_Filtered","Pullback to EMA20","long","None","None","None","None","REJECTED","Достигнут лимит позиций (4/4)","None","None","None"
"79dff243","2025-10-27T06:42:18.935302+00:00","TRXUSDT","Trending_AI_Filtered","Pullback to EMA20","long","None","None","None","None","REJECTED","Достигнут лимит позиций (4/4)","None","None","None"
"93ab100e","2025-10-27T06:42:19.103468+00:00","BCHUSDT","Ranging V4.3 AVWAP WideSL","RSI Cross Down from Overbought (59.1)","short","None","None","None","None","REJECTED","Достигнут лимит позиций (4/4)","None","None","None"
"716e8bc0","2025-10-27T06:42:19.695137+00:00","OPUSDT","Trending_AI_Filtered","Pullback to EMA20","long","None","None","None","None","REJECTED","Достигнут лимит позиций (4/4)","None","None","None"
"0ab3cb90","2025-10-27T06:42:42.359903+00:00","DOGEUSDT","Pullback Engine","EMA20 retest, RSI=52.8, OFI=61.3, OBI=0.32","long","None","None","None","None","REJECTED","Достигнут лимит позиций (4/4)","None","None","None"
"25f88886","2025-10-27T06:42:42.370914+00:00","ALGOUSDT","Pullback Engine","EMA20 retest, RSI=50.9, OFI=25.9, OBI=0.14","long","None","None","None","None","REJECTED","Достигнут лимит позиций (4/4)","None","None","None"
"e6a19018","2025-10-27T06:42:42.377920+00:00","XLMUSDT","Pullback Engine","EMA20 retest, RSI=49.4, OFI=21.6, OBI=0.14","long","None","None","None","None","REJECTED","Достигнут лимит позиций (4/4)","None","None","None"
"edca8519","2025-10-27T06:42:46.731536+00:00","APEUSDT","Pullback Engine","EMA20 retest, RSI=47.9, OFI=73.4, OBI=0.23","long","None","None","None","None","REJECTED","Достигнут лимит позиций (4/4)","None","None","None"
"d2818566","2025-10-27T06:42:47.302111+00:00","SOLUSDT","Pullback Engine","EMA20 retest, RSI=52.5, OFI=14.2, OBI=0.04","long","None","None","None","None","REJECTED","Достигнут лимит позиций (4/4)","None","None","None"
"9c7d8d45","2025-10-27T07:00:51.347637+00:00","ALGOUSDT","Trending_AI_Filtered","Pullback to EMA20","long","None","None","None","None","REJECTED","Достигнут лимит позиций (4/4)","None","None","None"
"6bbc8b5f","2025-10-27T07:00:51.625434+00:00","SOLUSDT","Trending_AI_Filtered","Pullback to EMA20","long","None","None","None","None","REJECTED","Достигнут лимит позиций (4/4)","None","None","None"
"85072ce5","2025-10-27T07:00:53.039639+00:00","DOGEUSDT","Trending_AI_Filtered","Pullback to EMA20","long","None","None","None","None","REJECTED","Достигнут лимит позиций (4/4)","None","None","None"
"d2549b7d","2025-10-27T07:00:53.428997+00:00","TRXUSDT","Trending_AI_Filtered","Pullback to EMA20","long","None","None","None","None","REJECTED","Достигнут лимит позиций (4/4)","None","None","None"
"31162d17","2025-10-27T07:00:53.600252+00:00","BCHUSDT","Ranging V4.3 AVWAP WideSL","RSI Cross Down from Overbought (54.4)","short","None","None","None","None","REJECTED","Достигнут лимит позиций (4/4)","None","None","None"
"38b22026","2025-10-27T07:00:54.573575+00:00","SEIUSDT","Ranging V4.3 AVWAP WideSL","RSI Cross Down from Overbought (60.6)","short","None","None","None","None","REJECTED","Достигнут лимит позиций (4/4)","None","None","None"
"8c945f42","2025-10-27T07:00:54.809811+00:00","TIAUSDT","Trending_AI_Filtered","Pullback to EMA20","long","None","None","None","None","REJECTED","Достигнут лимит позиций (4/4)","None","None","None"
"ac74e515","2025-10-27T07:00:55.081428+00:00","APEUSDT","Trending_AI_Filtered","Pullback to EMA20","long","None","None","None","None","REJECTED","Достигнут лимит позиций (4/4)","None","None","None"
"d9e5a325","2025-10-27T07:00:55.225559+00:00","WIFUSDT","Trending_AI_Filtered","Pullback to EMA20","long","None","None","None","None","REJECTED","Достигнут лимит позиций (4/4)","None","None","None"
"dca504e4","2025-10-27T07:01:17.467090+00:00","WIFUSDT","Pullback Engine","EMA20 retest, RSI=52.8, OFI=26.1, OBI=0.10","long","None","None","None","None","REJECTED","Достигнут лимит позиций (4/4)","None","None","None"
"1f1366db","2025-10-27T07:01:17.581705+00:00","ADAUSDT","Pullback Engine","EMA20 retest, RSI=52.1, OFI=27.2, OBI=0.16","long","None","None","None","None","REJECTED","Достигнут лимит позиций (4/4)","None","None","None"
"689f1b44","2025-10-27T07:01:17.588711+00:00","ATOMUSDT","Pullback Engine","EMA20 retest, RSI=53.1, OFI=9.2, OBI=0.14","long","None","None","None","None","REJECTED","Достигнут лимит позиций (4/4)","None","None","None"
"fdb02369","2025-10-27T07:14:59.624017+00:00","HBARUSDT","Ranging V4.3 AVWAP WideSL","RSI Cross Down from Overbought (54.1)","short","None","None","None","None","REJECTED","Лимит позиций (4/4)","None","None","None"
"f47d52c9","2025-10-27T07:15:20.305846+00:00","SEIUSDT","Ranging V4.3 AVWAP WideSL","RSI Cross Down from Overbought (54.3)","short","None","None","None","None","REJECTED","Лимит позиций (4/4)","None","None","None"
"c5374930","2025-10-27T07:15:43.007940+00:00","ANKRUSDT","Pullback Engine","EMA20 retest, RSI=50.0, OFI=3.8, OBI=0.17","long","None","None","None","None","REJECTED","Достигнут лимит позиций (4/4)","None","None","None"
"5ad53a51","2025-10-27T07:15:43.139842+00:00","ENAUSDT","Pullback Engine","EMA20 retest, RSI=55.8, OFI=40.7, OBI=0.30","long","None","None","None","None","REJECTED","Достигнут лимит позиций (4/4)","None","None","None"
"9b8968e1","2025-10-27T07:15:43.224916+00:00","SUSHIUSDT","Pullback Engine","EMA20 retest, RSI=52.3, OFI=-27.7, OBI=0.15","long","None","None","None","None","REJECTED","Достигнут лимит позиций (4/4)","None","None","None"
"2c774f9d","2025-10-27T07:15:43.229921+00:00","BCHUSDT","Pullback Engine","EMA20 retest, RSI=49.5, OFI=-4.8, OBI=0.26","long","None","None","None","None","REJECTED","Достигнут лимит позиций (4/4)","None","None","None"
"feefb160","2025-10-27T08:55:55.625719+00:00","APEUSDT","Trending_AI_Filtered","Pullback to EMA20","short","None","None","None","None","REJECTED","Достигнут лимит позиций (4/4)","None","None","None"
"32cd551e","2025-10-27T08:56:17.845184+00:00","BCHUSDT","Pullback Engine","EMA20 retest, RSI=50.4, OFI=18.4, OBI=0.06","long","None","None","None","None","REJECTED","Глобальный фильтр: BTC state=DOWN, p_up=0.03","None","None","None"
"5a390c65","2025-10-27T08:59:58.313117+00:00","DOGEUSDT","Impulse_AI_Filtered","BBW↑0.78, ADX=29.2, OFI=70.2, OBI=-0.15","long","None","None","None","None","REJECTED","BTC state=DOWN, p_up=0.01","None","None","None"
"0129dbc6","2025-10-27T09:00:00.279411+00:00","ONEUSDT","Ranging V4.3 AVWAP WideSL","BB Low Touch or RSI Cross Up (41.0)","long","None","None","None","None","REJECTED","КРИТИЧЕСКАЯ ОШИБКА: name 'AUTOCONFIDENCERANGINGTHRESHOLD' is not defined","None","None","None"
"fc914b1e","2025-10-27T09:00:07.681152+00:00","BNBUSDT","Trending_AI_Filtered","Pullback to EMA20","long","None","None","None","None","REJECTED","BTC state=DOWN, p_up=0.00","None","None","None"
"250885f9","2025-10-27T09:00:09.523660+00:00","APEUSDT","Trending_AI_Filtered","Pullback to EMA20","short","None","None","None","None","REJECTED","Gemini отклонил сделку (уверенность 35% < порога 65.0%)","None","None","None"
"6deb6bf3","2025-10-27T09:00:21.161747+00:00","HBARUSDT","Ranging V4.3 AVWAP WideSL","BB Low Touch or RSI Cross Up (44.0)","long","None","None","None","None","REJECTED","КРИТИЧЕСКАЯ ОШИБКА: name 'AUTOCONFIDENCERANGINGTHRESHOLD' is not defined","None","None","None"
"54d7dbf7","2025-10-27T09:00:25.332366+00:00","ADAUSDT","Pullback Engine","EMA20 retest, RSI=48.7, OFI=13.4, OBI=-0.14","long","None","None","None","None","REJECTED","Глобальный фильтр: BTC state=DOWN, p_up=0.00","None","None","None"
"dcbfa3ec","2025-10-27T09:00:45.865310+00:00","IMXUSDT","Impulse_AI_Filtered","BBW↑0.50, ADX=25.1, OFI=-29.4, OBI=-0.30","short","None","None","None","None","REJECTED","Gemini отклонил сделку (уверенность 55% < порога 70.0%)","None","None","None"
"afded085","2025-10-27T09:14:58.255722+00:00","XLMUSDT","Impulse_AI_Filtered","BBW↑0.83, ADX=26.2, OFI=-52.0, OBI=0.30","short","None","None","None","None","REJECTED","Gemini отклонил сделку (уверенность 35% < порога 70.0%)","None","None","None"
"033537a6","2025-10-27T09:15:07.648586+00:00","HBARUSDT","Ranging V4.3 AVWAP WideSL","BB Low Touch or RSI Cross Up (38.5)","long","None","None","None","None","REJECTED","КРИТИЧЕСКАЯ ОШИБКА: name 'AUTOCONFIDENCERANGINGTHRESHOLD' is not defined","None","None","None"
"61982045","2025-10-27T09:15:09.180715+00:00","XRPUSDT","Ranging V4.3 AVWAP WideSL","BB Low Touch or RSI Cross Up (38.9)","long","None","None","None","None","REJECTED","КРИТИЧЕСКАЯ ОШИБКА: name 'AUTOCONFIDENCERANGINGTHRESHOLD' is not defined","None","None","None"
"254f2906","2025-10-27T09:15:18.888278+00:00","ENAUSDT","Pullback Engine","EMA20 retest, RSI=50.9, OFI=27.4, OBI=0.18","long","None","None","None","None","REJECTED","Глобальный фильтр: BTC state=DOWN, p_up=0.00","None","None","None"
"bd9fb31f","2025-10-27T09:15:39.887779+00:00","ATOMUSDT","Ranging V4.3 AVWAP WideSL","BB Low Touch or RSI Cross Up (40.2)","long","None","None","None","None","REJECTED","КРИТИЧЕСКАЯ ОШИБКА: name 'AUTOCONFIDENCERANGINGTHRESHOLD' is not defined","None","None","None"
"588c393c","2025-10-27T09:15:50.817560+00:00","ANKRUSDT","Impulse_AI_Filtered","BBW↑0.39, ADX=27.9, OFI=2.4, OBI=0.27","long","None","None","None","None","REJECTED","BTC state=DOWN, p_up=0.00","None","None","None"
"fe3e2d77","2025-10-27T10:39:02.597754+00:00","BCHUSDT","Pullback Engine","EMA20 retest, RSI=50.0, OFI=18.0, OBI=0.32","long","None","None","None","None","REJECTED","Глобальный фильтр: BTC state=DOWN, p_up=0.12","None","None","None"
"3ef127e9","2025-10-27T10:45:17.134071+00:00","BCHUSDT","Pullback Engine","EMA20 retest, RSI=51.6, OFI=2.2, OBI=0.19","long","None","None","None","None","REJECTED","Глобальный фильтр: BTC state=DOWN, p_up=0.03","None","None","None"
"ecaac536","2025-10-27T10:51:19.240559+00:00","XRPUSDT","Trending_AI_Filtered","Pullback to EMA20","short","None","None","None","None","REJECTED","Достигнут лимит позиций (4/4)","None","None","None"
"2f273426","2025-10-27T10:51:44.366809+00:00","XRPUSDT","Pullback Engine","EMA20 retest, RSI=47.1, OFI=-56.5, OBI=-0.28","short","None","None","None","None","REJECTED","Достигнут лимит позиций (4/4)","None","None","None"
"f5602b54","2025-10-27T11:00:04.025456+00:00","XRPUSDT","Pullback Engine","EMA20 retest, RSI=46.5, OFI=-45.5, OBI=-0.04","short","None","None","None","None","REJECTED","AI BTC filter: AI Заблокировано: БЛОКИРУЮ. Открытие SHORT-позиции крайне рискованно. На графике доминирует восходящий тренд, инициированный мощным бычьим импульсом на высоком объеме. Цена в данный момент находится в фазе низковолатильной консолидации (зажата в диапазоне) выше ключевых скользящих средних, которые выступают поддержкой (~11500). Вход в шорт в таких условиях — это торговля против основного тренда и импульса, что является низко-вероятностной сделкой. Существует высокий риск продолжения восходящего движения после завершения консолидации. (conf: 15%)","None","None","None"
"4d3a385c","2025-10-27T11:00:26.935479+00:00","XRPUSDT","Trending_AI_Filtered","Pullback to EMA20","short","None","None","None","None","REJECTED","Gemini отклонил сделку (уверенность 15% < порога 65.0%)","None","None","None"
"fb0c5777","2025-10-27T11:15:01.552784+00:00","BTCUSDT","Pullback Engine","EMA20 retest, RSI=52.6, OFI=96.1, OBI=0.34","long","None","None","None","None","REJECTED","Глобальный фильтр: BTC state=DOWN, p_up=0.00","None","None","None"
"8c3cde95","2025-10-27T11:15:17.105646+00:00","BCHUSDT","Pullback Engine","EMA20 retest, RSI=49.9, OFI=64.4, OBI=-0.04","long","None","None","None","None","REJECTED","Глобальный фильтр: BTC state=DOWN, p_up=0.00","None","None","None"
"98c2bc9d","2025-10-27T11:30:02.845813+00:00","BNBUSDT","Pullback Engine","EMA20 retest, RSI=53.2, OFI=11.4, OBI=0.41","long","None","None","None","None","REJECTED","Глобальный фильтр: BTC state=DOWN, p_up=0.00","None","None","None"
"271088c0","2025-10-27T11:30:05.000308+00:00","BTCUSDT","Pullback Engine","EMA20 retest, RSI=48.8, OFI=-99.7, OBI=0.34","long","None","None","None","None","REJECTED","Глобальный фильтр: BTC state=DOWN, p_up=0.00","None","None","None"
"639899e4","2025-10-27T11:30:12.987922+00:00","XRPUSDT","Trending_AI_Filtered","Pullback to EMA20","short","None","None","None","None","REJECTED","Gemini отклонил сделку (уверенность 15% < порога 65.0%)","None","None","None"
"c67dd48c","2025-10-27T11:45:03.819114+00:00","ADAUSDT","Trending_AI_Filtered","Pullback to EMA20","short","None","None","None","None","REJECTED","Gemini отклонил сделку (уверенность 15% < порога 67.0%)","None","None","None"
"d22f3e65","2025-10-27T11:45:06.587066+00:00","BTCUSDT","Pullback Engine","EMA20 retest, RSI=53.4, OFI=33.6, OBI=0.82","long","None","None","None","None","REJECTED","Глобальный фильтр: BTC state=DOWN, p_up=0.00","None","None","None"
"1277b242","2025-10-27T11:45:09.585894+00:00","BCHUSDT","Ranging V4.3 AVWAP WideSL","RSI Cross Down from Overbought (60.3)","short","None","None","None","None","REJECTED","КРИТИЧЕСКАЯ ОШИБКА: name 'AUTOCONFIDENCERANGINGTHRESHOLD' is not defined","None","None","None"
"931538fb","2025-10-27T11:45:10.648542+00:00","XLMUSDT","Pullback Engine","EMA20 retest, RSI=45.1, OFI=-13.7, OBI=0.48","short","None","None","None","None","REJECTED","AI BTC filter: AI Заблокировано: Сделка крайне рискованна. Цена находится в фазе консолидации (боковик) после сильного восходящего импульса. Вход в шорт осуществляется в середине диапазона, а не от явного уровня сопротивления (~11600). Низкий объем и сужающиеся полосы Боллинджера указывают на высокую неопределенность и потенциальный резкий выход в любую сторону. Основной тренд на данном участке графика — восходящий, что делает сделку контртрендовой. Ближайшая поддержка находится около 11500, что ограничивает потенциал падения. (conf: 25%)","None","None","None"
"b2bcdb11","2025-10-27T11:45:26.740312+00:00","BTCUSDT","Trending_AI_Filtered","Pullback to EMA20","long","None","None","None","None","REJECTED","BTC state=DOWN, p_up=0.00","None","None","None"
"29ac1615","2025-10-27T11:45:43.158929+00:00","NEARUSDT","Trending_AI_Filtered","Pullback to EMA20","short","None","None","None","None","REJECTED","Gemini отклонил сделку (уверенность 20% < порога 67.0%)","None","None","None"
"335a6ee8","2025-10-27T12:03:32.525127+00:00","ENJUSDT","Trending_AI_Filtered","Pullback to EMA20","short","None","None","None","None","REJECTED","Достигнут лимит позиций (4/4)","None","None","None"
"4ee5e8b5","2025-10-27T12:03:34.045422+00:00","DOTUSDT","Trending_AI_Filtered","Pullback to EMA20","short","None","None","None","None","REJECTED","Достигнут лимит позиций (4/4)","None","None","None"
"f64ddd34","2025-10-27T12:03:58.805383+00:00","DOTUSDT","Pullback Engine","EMA20 retest, RSI=46.8, OFI=-16.5, OBI=0.03","short","None","None","None","None","REJECTED","Достигнут лимит позиций (4/4)","None","None","None"
"56485a3f","2025-10-27T12:03:58.816725+00:00","LTCUSDT","Pullback Engine","EMA20 retest, RSI=45.4, OFI=-15.8, OBI=-0.25","short","None","None","None","None","REJECTED","Достигнут лимит позиций (4/4)","None","None","None"
"0a629474","2025-10-27T12:15:00.029708+00:00","BCHUSDT","Ranging V4.3 AVWAP WideSL","RSI Cross Down from Overbought (60.7)","short","None","None","None","None","REJECTED","КРИТИЧЕСКАЯ ОШИБКА: name 'AUTOCONFIDENCERANGINGTHRESHOLD' is not defined","None","None","None"
"d03a4a97","2025-10-27T12:15:04.053318+00:00","CHZUSDT","Trending_AI_Filtered","Pullback to EMA20","short","None","None","None","None","REJECTED","Gemini отклонил сделку (уверенность 35% < порога 67.0%)","None","None","None"
"9376dce4","2025-10-27T12:15:09.884585+00:00","NEARUSDT","Trending_AI_Filtered","Pullback to EMA20","short","None","None","None","None","REJECTED","Gemini отклонил сделку (уверенность 15% < порога 67.0%)","None","None","None"
"7e36fd07","2025-10-27T12:15:10.320768+00:00","LTCUSDT","Trending_AI_Filtered","Pullback to EMA20","short","None","None","None","None","REJECTED","Gemini отклонил сделку (уверенность 20% < порога 67.0%)","None","None","None"
"692d6038","2025-10-27T12:15:27.083266+00:00","DOTUSDT","Trending_AI_Filtered","Pullback to EMA20","short","None","None","None","None","REJECTED","Gemini отклонил сделку (уверенность 35% < порога 67.0%)","None","None","None"
"d1067d7e","2025-10-27T12:15:29.027680+00:00","APTUSDT","Trending_AI_Filtered","Pullback to EMA20","short","None","None","None","None","REJECTED","Gemini отклонил сделку (уверенность 25% < порога 67.0%)","None","None","None"
"82868e5d","2025-10-27T12:16:01.667059+00:00","ENJUSDT","Trending_AI_Filtered","Pullback to EMA20","short","None","None","None","None","REJECTED","Gemini отклонил сделку (уверенность 15% < порога 67.0%)","None","None","None"
"fc650ffb","2025-10-27T12:30:00.038723+00:00","BNBUSDT","Ranging V4.3 AVWAP WideSL","RSI Cross Down from Overbought (63.6)","short","None","None","None","None","REJECTED","КРИТИЧЕСКАЯ ОШИБКА: name 'AUTOCONFIDENCERANGINGTHRESHOLD' is not defined","None","None","None"
"6d17ad3b","2025-10-27T12:30:08.225333+00:00","XRPUSDT","Pullback Engine","EMA20 retest, RSI=49.2, OFI=-46.0, OBI=-0.10","short","None","None","None","None","REJECTED","AI BTC filter: AI Заблокировано: БЛОКИРУЮ. Рынок находится в фазе боковой консолидации (флэт) после сильного восходящего импульса. Цена зажата в узком диапазоне между скользящими средними, а объемы торгов значительно снизились, что указывает на высокую неопределенность. Открытие SHORT позиции в середине этого диапазона с сильной поддержкой чуть ниже (~11500) является высокорискованным. Отсутствует явный медвежий импульс, а общая структура остается скорее нейтрально-бычьей. Это опасная 'пила', неблагоприятная для открытия направленных сделок. (conf: 25%)","None","None","None"
"343080fe","2025-10-27T12:30:10.902871+00:00","BCHUSDT","Ranging V4.3 AVWAP WideSL","RSI Cross Down from Overbought (62.9)","short","None","None","None","None","REJECTED","КРИТИЧЕСКАЯ ОШИБКА: name 'AUTOCONFIDENCERANGINGTHRESHOLD' is not defined","None","None","None"
"04adbf5e","2025-10-27T13:11:28.989448+00:00","ALGOUSDT","Trending_AI_Filtered","Pullback to EMA20","short","None","None","None","None","REJECTED","Достигнут лимит позиций (4/4)","None","None","None"
"4819701d","2025-10-27T13:11:29.445858+00:00","XRPUSDT","Ranging V4.3 AVWAP WideSL","RSI Cross Down from Overbought (56.1)","short","None","None","None","None","REJECTED","Лимит позиций (4/4)","None","None","None"
"8af3f3d8","2025-10-27T13:11:30.656793+00:00","BTCUSDT","Ranging V4.3 AVWAP WideSL","BB Low Touch or RSI Cross Up (47.4)","long","None","None","None","None","REJECTED","Лимит позиций (4/4)","None","None","None"
"2aa2f952","2025-10-27T13:11:30.870988+00:00","ETHUSDT","Trending_AI_Filtered","Pullback to EMA20","short","None","None","None","None","REJECTED","Достигнут лимит позиций (4/4)","None","None","None"
"be7a5a6e","2025-10-27T13:11:31.178052+00:00","BCHUSDT","Ranging V4.3 AVWAP WideSL","RSI Cross Down from Overbought (63.5)","short","None","None","None","None","REJECTED","Лимит позиций (4/4)","None","None","None"
"ea67eb6a","2025-10-27T13:23:11.351263+00:00","ALGOUSDT","Trending_AI_Filtered","Pullback to EMA20","short","None","None","None","None","REJECTED","Gemini отклонил сделку (уверенность 25% < порога 67.0%)","None","None","None"
"e4d5006d","2025-10-27T13:23:11.612046+00:00","SOLUSDT","Trending_AI_Filtered","Pullback to EMA20","short","None","None","None","None","REJECTED","Gemini отклонил сделку (уверенность 20% < порога 67.0%)","None","None","None"
"8c7d1910","2025-10-27T13:23:11.799820+00:00","XRPUSDT","Ranging V4.3 AVWAP WideSL","RSI Cross Down from Overbought (52.3)","short","None","None","None","None","REJECTED","КРИТИЧЕСКАЯ ОШИБКА: name 'AUTOCONFIDENCERANGINGTHRESHOLD' is not defined","None","None","None"
"93d17590","2025-10-27T13:23:13.580559+00:00","ETHUSDT","Trending_AI_Filtered","Pullback to EMA20","short","None","None","None","None","REJECTED","Gemini отклонил сделку (уверенность 25% < порога 67.0%)","None","None","None"
"c28159b6","2025-10-27T13:23:18.708315+00:00","DOGEUSDT","Pullback Engine","EMA20 retest, RSI=44.6, OFI=-65.5, OBI=-0.32","short","None","None","None","None","REJECTED","AI BTC filter: AI Заблокировано: Рынок BTC находится в фазе консолидации и высокой неопределенности после недавнего пика. Цена зажата в узком диапазоне (~11500) на уровне поддержки, который совпадает с медленной скользящей средней. Объемы торгов снизились, что указывает на временное равновесие и отсутствие сильного импульса продавцов. Хотя есть признаки ослабления восходящего тренда (разворот от 11600, цена ниже быстрой MA), вход в шорт прямо сейчас преждевременен и рискован из-за 'пилы'. Высока вероятность ложного пробоя в любую сторону. Открытие шорт-позиций будет более безопасным после уверенного пробоя и закрепления цены ниже уровня 11500. (conf: 35%)","None","None","None"
"801276d4","2025-10-27T13:23:18.737332+00:00","ETHUSDT","Pullback Engine","EMA20 retest, RSI=46.3, OFI=-98.7, OBI=-0.97","short","None","None","None","None","REJECTED","Strong OFI against short: 42.6","None","None","None"
"c7b799dc","2025-10-27T13:23:18.757703+00:00","SOLUSDT","Pullback Engine","EMA20 retest, RSI=45.4, OFI=-13.5, OBI=-0.08","short","None","None","None","None","REJECTED","AI BTC filter: AI Заблокировано: Низкая уверенность. BTC находится в фазе консолидации (боковик/пила) после сильного восходящего импульса. Цена зажата между скользящими средними в районе ключевого уровня 11500, объемы торгов снизились, что указывает на неопределенность. Хотя есть признаки локальной слабости после отбоя от 11600, открытие SHORT позиций в текущей зоне неопределенности сопряжено с высоким риском резкого движения в любую сторону. Отсутствует явный направленный импульс в сторону сделки. Это неблагоприятная фаза для открытия рискованных позиций. (conf: 35%)","None","None","None"
"dd57e131","2025-10-27T13:29:01.765530+00:00","ALGOUSDT","Trending_AI_Filtered","Pullback to EMA20","short","None","None","None","None","REJECTED","Gemini отклонил сделку (уверенность 30% < порога 67.0%)","None","None","None"
"191beff5","2025-10-27T13:29:02.023525+00:00","SOLUSDT","Trending_AI_Filtered","Pullback to EMA20","short","None","None","None","None","REJECTED","Gemini отклонил сделку (уверенность 20% < порога 67.0%)","None","None","None"
"262f0237","2025-10-27T13:29:02.208645+00:00","XRPUSDT","Ranging V4.3 AVWAP WideSL","RSI Cross Down from Overbought (52.5)","short","None","None","55","65.0","REJECTED","Низкая уверенность AI: 55% < 65.0%","None","None","None"
"86e84846","2025-10-27T13:29:04.043566+00:00","ETHUSDT","Trending_AI_Filtered","Pullback to EMA20","short","None","None","None","None","REJECTED","Gemini отклонил сделку (уверенность 25% < порога 67.0%)","None","None","None"
"f436bf99","2025-10-27T13:34:46.889126+00:00","ALGOUSDT","Trending_AI_Filtered","Pullback to EMA20","short","None","None","None","None","REJECTED","Gemini отклонил сделку (уверенность 25% < порога 67.0%)","None","None","None"
"e4261fcd","2025-10-27T13:34:47.134358+00:00","SOLUSDT","Trending_AI_Filtered","Pullback to EMA20","short","None","None","None","None","REJECTED","Gemini отклонил сделку (уверенность 25% < порога 67.0%)","None","None","None"
"9fd17cc2","2025-10-27T13:34:47.322529+00:00","XRPUSDT","Ranging V4.3 AVWAP WideSL","RSI Cross Down from Overbought (49.4)","short","None","None","35","65.0","REJECTED","Низкая уверенность AI: 35% < 65.0%","None","None","None"
"00554cbd","2025-10-27T13:34:48.805563+00:00","DOGEUSDT","Trending_AI_Filtered","Pullback to EMA20","short","None","None","None","None","REJECTED","Gemini отклонил сделку (уверенность 20% < порога 67.0%)","None","None","None"
"e6deffb5","2025-10-27T13:34:48.856618+00:00","BTCUSDT","Ranging V4.3 AVWAP WideSL","BB Low Touch or RSI Cross Up (45.6)","long","None","None","75","65.0","REJECTED","Расчетный объем равен нулю","None","None","None"
"00488cfa","2025-10-27T13:34:49.078811+00:00","ETHUSDT","Trending_AI_Filtered","Pullback to EMA20","short","None","None","None","None","REJECTED","Gemini отклонил сделку (уверенность 20% < порога 67.0%)","None","None","None"
"206ccb1b","2025-10-27T13:34:49.578043+00:00","XLMUSDT","Trending_AI_Filtered","Pullback to EMA20","short","None","None","None","None","REJECTED","Gemini отклонил сделку (уверенность 15% < порога 67.0%)","None","None","None"
"5442f0ed","2025-10-27T13:34:53.239522+00:00","XRPUSDT","Pullback Engine","EMA20 retest, RSI=49.4, OFI=-46.8, OBI=-0.51","short","None","None","None","None","REJECTED","AI BTC filter: AI Заблокировано: Рынок потерял восходящий импульс после достижения локального максимума около 11600 и вошел в фазу боковой консолидации ('пила') в узком диапазоне ~11500-11550. Цена находится ниже краткосрочной скользящей средней (синяя линия), что является слабым медвежьим признаком, однако сильная поддержка на уровне 11500 (подкрепленная долгосрочной MA) еще не пробита. Вход в шорт внутри этого диапазона крайне рискован из-за высокой неопределенности и вероятности ложных пробоев. Отсутствует явный импульс продавцов. Сделка имеет низкую вероятность успеха до выхода из текущего диапазона. (conf: 35%)","None","None","None"
"db8f87a7","2025-10-27T13:45:03.350871+00:00","WIFUSDT","Trending_AI_Filtered","Pullback to EMA20","short","None","None","None","None","REJECTED","Gemini отклонил сделку (уверенность 25% < порога 67.0%)","None","None","None"
"24903d2e","2025-10-27T13:45:05.573869+00:00","SOLUSDT","Trending_AI_Filtered","Pullback to EMA20","short","None","None","None","None","REJECTED","Gemini отклонил сделку (уверенность 20% < порога 67.0%)","None","None","None"
"1fcb3371","2025-10-27T13:45:06.539113+00:00","ETHUSDT","Trending_AI_Filtered","Pullback to EMA20","short","None","None","None","None","REJECTED","Gemini отклонил сделку (уверенность 30% < порога 67.0%)","None","None","None"
"c1787655","2025-10-27T13:45:07.635286+00:00","XRPUSDT","Ranging V4.3 AVWAP WideSL","BB Low Touch or RSI Cross Up (43.3)","long","None","None","65","65.0","EXECUTED","None","2.6157","2.6122","2.6258"
"ac4d8948","2025-10-27T13:45:28.158509+00:00","ADAUSDT","Trending_AI_Filtered","Pullback to EMA20","short","None","None","None","None","REJECTED","Gemini отклонил сделку (уверенность 20% < порога 67.0%)","None","None","None"
"1f267f54","2025-10-27T13:45:59.655540+00:00","DOGEUSDT","Trending_AI_Filtered","Pullback to EMA20","short","None","None","None","None","REJECTED","Gemini отклонил сделку (уверенность 20% < порога 67.0%)","None","None","None"
"e69864a1","2025-10-27T13:46:15.670572+00:00","XLMUSDT","Trending_AI_Filtered","Pullback to EMA20","short","None","None","None","None","REJECTED","Gemini отклонил сделку (уверенность 25% < порога 67.0%)","None","None","None"
"1af661ca","2025-10-27T13:46:38.886567+00:00","BCHUSDT","Pullback Engine","EMA20 retest, RSI=54.4, OFI=86.9, OBI=0.65","long","None","None","None","None","REJECTED","Глобальный фильтр: BTC state=DOWN, p_up=0.00","None","None","None"
"f3aa7bcd","2025-10-27T13:46:57.033469+00:00","ALGOUSDT","Trending_AI_Filtered","Pullback to EMA20","short","None","None","None","None","REJECTED","Gemini отклонил сделку (уверенность 35% < порога 67.0%)","None","None","None"
"e5de8d11","2025-10-27T14:16:28.360586+00:00","ALGOUSDT","Trending_AI_Filtered","Pullback to EMA20","short","None","None","None","None","REJECTED","Gemini отклонил сделку (уверенность 25% < порога 67.0%)","None","None","None"
"7a76735a","2025-10-27T14:16:29.137644+00:00","DOTUSDT","Trending_AI_Filtered","Pullback to EMA20","short","None","None","None","None","REJECTED","Gemini отклонил сделку (уверенность 25% < порога 67.0%)","None","None","None"
"bf2a2428","2025-10-27T14:16:30.164060+00:00","DOGEUSDT","Trending_AI_Filtered","Pullback to EMA20","short","None","None","None","None","REJECTED","Gemini отклонил сделку (уверенность 20% < порога 67.0%)","None","None","None"
"a6b50645","2025-10-27T14:16:30.418414+00:00","ETHUSDT","Trending_AI_Filtered","Pullback to EMA20","short","None","None","None","None","REJECTED","Gemini отклонил сделку (уверенность 25% < порога 67.0%)","None","None","None"
"5af56e73","2025-10-27T14:16:30.729131+00:00","BCHUSDT","Ranging V4.3 AVWAP WideSL","RSI Cross Down from Overbought (55.4)","short","None","None","65","65.0","EXECUTED","None","563.9","569.88","554.93"
"da871ae5","2025-10-27T14:16:31.582853+00:00","INJUSDT","Trending_AI_Filtered","Pullback to EMA20","short","None","None","None","None","REJECTED","Gemini отклонил сделку (уверенность 45% < порога 67.0%)","None","None","None"
"3b9c0ca2","2025-10-27T14:30:00.483415+00:00","XRPUSDT","Pullback Engine","EMA20 retest, RSI=48.4, OFI=-77.1, OBI=-0.71","short","None","None","None","None","REJECTED","AI confidence 35% < 70.0%","None","None","None"
"bbe3efd2","2025-10-27T14:30:59.775587+00:00","XRPUSDT","Trending_AI_Filtered","Pullback to EMA20","short","None","None","None","None","REJECTED","Gemini отклонил сделку (уверенность 15% < порога 65.0%)","None","None","None"
"afa6cc16","2025-10-27T14:48:46.445643+00:00","LTCUSDT","Trending_AI_Filtered","Pullback to EMA20","short","None","None","None","None","REJECTED","Gemini отклонил сделку (уверенность 15% < порога 67.0%)","None","None","None"
"812dcdfa","2025-10-27T14:48:47.730508+00:00","APTUSDT","Trending_AI_Filtered","Pullback to EMA20","short","None","None","None","None","REJECTED","Gemini отклонил сделку (уверенность 25% < порога 67.0%)","None","None","None"
"1768296a","2025-10-27T15:00:38.349134+00:00","APTUSDT","Trending_AI_Filtered","Pullback to EMA20","short","None","None","None","None","REJECTED","Gemini отклонил сделку (уверенность 25% < порога 67.0%)","None","None","None"
"4019443d","2025-10-27T15:00:47.105165+00:00","CHZUSDT","Impulse_AI_Filtered","BBW↑0.65, ADX=47.2, OFI=-12.0, OBI=0.02","short","None","None","None","None","REJECTED","Gemini отклонил сделку (уверенность 35% < порога 72.0%)","None","None","None"
"c3976079","2025-10-27T15:15:00.176892+00:00","LINKUSDT","Pullback Engine","EMA20 retest, RSI=48.1, OFI=-10.4, OBI=-0.17","short","None","None","80","72.0","EXECUTED","None","18.41636009431324","18.672058244568724","18.032812868930016"
"bae1df93","2025-10-27T15:15:02.364283+00:00","BTCUSDT","Pullback Engine","EMA20 retest, RSI=47.5, OFI=-36.7, OBI=0.28","long","None","None","None","None","REJECTED","Глобальный фильтр: BTC state=DOWN, p_up=0.00","None","None","None"
"c26ce552","2025-10-27T15:15:02.369342+00:00","SOLUSDT","Pullback Engine","EMA20 retest, RSI=48.7, OFI=-37.7, OBI=-0.29","short","None","None","None","None","REJECTED","AI confidence 30% < 72.0%","None","None","None"
"8d6601fb","2025-10-27T15:15:04.679524+00:00","LTCUSDT","Impulse_AI_Filtered","BBW↑1.29, ADX=37.9, OFI=-67.7, OBI=-0.28","short","None","None","None","None","REJECTED","Gemini отклонил сделку (уверенность 25% < порога 72.0%)","None","None","None"
"cef5fb0d","2025-10-27T15:15:53.458266+00:00","ADAUSDT","Pullback Engine","EMA20 retest, RSI=49.6, OFI=-14.6, OBI=-0.11","short","None","None","None","None","REJECTED","Низкий R:R (1.50 < 1.5) для отката.","None","None","None"
"22830b82","2025-10-27T15:15:55.427559+00:00","AVAXUSDT","Trending_AI_Filtered","Pullback to EMA20","short","None","None","None","None","REJECTED","Gemini отклонил сделку (уверенность 25% < порога 67.0%)","None","None","None"
"5e036e22","2025-10-27T15:16:43.770007+00:00","OPUSDT","Pullback Engine","EMA20 retest, RSI=49.7, OFI=-19.8, OBI=-0.07","short","None","None","85","72.0","EXECUTED","None","0.45813544327373257","0.4644482728808083","0.4486661988631189"
"06fba754","2025-10-27T15:17:11.736216+00:00","APEUSDT","Trending_AI_Filtered","Pullback to EMA20","short","None","None","None","None","REJECTED","Gemini отклонил сделку (уверенность 40% < порога 67.0%)","None","None","None"
"e61542ef","2025-10-27T15:17:34.739330+00:00","WIFUSDT","Pullback Engine","EMA20 retest, RSI=48.2, OFI=-26.4, OBI=-0.15","short","None","None","None","None","REJECTED","Низкий R:R (1.50 < 1.5) для отката.","None","None","None"
"8a02e380","2025-10-27T15:18:04.654110+00:00","SUIUSDT","Pullback Engine","EMA20 retest, RSI=48.8, OFI=-85.2, OBI=-0.16","short","None","None","75","72.0","EXECUTED","None","2.6157091662665986","2.652434750882927","2.560620789342106"
"b3385e67","2025-10-27T15:20:04.686074+00:00","ARBUSDT","Pullback Engine","EMA20 retest, RSI=47.5, OFI=-12.1, OBI=-0.16","short","None","None","None","None","REJECTED","AI confidence 60% < 72.0%","None","None","None"
"65e3388e","2025-10-27T15:20:29.287661+00:00","SEIUSDT","Pullback Engine","EMA20 retest, RSI=45.2, OFI=-12.4, OBI=0.02","short","None","None","85","72.0","EXECUTED","None","0.20215297755442677","0.20518844843328118","0.19759977123614514"
"8ab566d2","2025-10-27T15:21:03.236165+00:00","ENJUSDT","Pullback Engine","EMA20 retest, RSI=46.0, OFI=-14.5, OBI=-0.12","short","None","None","None","None","REJECTED","Достигнут лимит позиций (4/4)","None","None","None"
"dfe5a76b","2025-10-27T15:30:01.108173+00:00","WIFUSDT","Trending_AI_Filtered","Pullback to EMA20","short","None","None","None","None","REJECTED","Достигнут лимит позиций (4/4)","None","None","None"
"4aecc66e","2025-10-27T15:30:01.276896+00:00","AVAXUSDT","Trending_AI_Filtered","Pullback to EMA20","short","None","None","None","None","REJECTED","Достигнут лимит позиций (4/4)","None","None","None"
"75f58cf7","2025-10-27T15:30:22.097509+00:00","XLMUSDT","Pullback Engine","EMA20 retest, RSI=47.6, OFI=4.6, OBI=-0.27","short","None","None","None","None","REJECTED","Достигнут лимит позиций (4/4)","None","None","None"
"6532ebf0","2025-10-27T15:31:05.966876+00:00","XLMUSDT","Trending_AI_Filtered","Pullback to EMA20","short","None","None","None","None","REJECTED","Достигнут лимит позиций (4/4)","None","None","None"
"188b481e","2025-10-27T15:31:06.425663+00:00","BCHUSDT","Pullback Engine","EMA20 retest, RSI=50.7, OFI=52.0, OBI=0.38","long","None","None","None","None","REJECTED","Глобальный фильтр: BTC state=DOWN, p_up=0.00","None","None","None"
"e1fcab42","2025-10-27T15:31:32.716820+00:00","APEUSDT","Trending_AI_Filtered","Pullback to EMA20","short","None","None","None","None","REJECTED","Достигнут лимит позиций (4/4)","None","None","None"
"20da8622","2025-10-27T15:31:33.397009+00:00","BTCUSDT","Pullback Engine","EMA20 retest, RSI=48.1, OFI=34.9, OBI=0.34","long","None","None","None","None","REJECTED","Глобальный фильтр: BTC state=DOWN, p_up=0.00","None","None","None"
"2ab92000","2025-10-27T15:31:55.483597+00:00","INJUSDT","Trending_AI_Filtered","Pullback to EMA20","short","None","None","None","None","REJECTED","Достигнут лимит позиций (4/4)","None","None","None"
"6ea8de89","2025-10-27T15:32:20.853209+00:00","ENJUSDT","Trending_AI_Filtered","Pullback to EMA20","short","None","None","None","None","REJECTED","Достигнут лимит позиций (4/4)","None","None","None"
"eab5d578","2025-10-27T15:32:21.383235+00:00","ONEUSDT","Trending_AI_Filtered","Pullback to EMA20","short","None","None","None","None","REJECTED","Достигнут лимит позиций (4/4)","None","None","None"
"c02d3dac","2025-10-27T15:32:21.428276+00:00","ARBUSDT","Trending_AI_Filtered","Pullback to EMA20","short","None","None","None","None","REJECTED","Достигнут лимит позиций (4/4)","None","None","None"
"f305e8b7","2025-10-27T15:33:02.786513+00:00","ANKRUSDT","Trending_AI_Filtered","Pullback to EMA20","short","None","None","None","None","REJECTED","Достигнут лимит позиций (4/4)","None","None","None"
"d914b36b","2025-10-27T15:45:00.209714+00:00","BCHUSDT","Pullback Engine","EMA20 retest, RSI=52.5, OFI=-28.3, OBI=0.11","long","None","None","None","None","REJECTED","Глобальный фильтр: BTC state=DOWN, p_up=0.00","None","None","None"
"a7d502da","2025-10-27T15:45:00.348840+00:00","ETHUSDT","Pullback Engine","EMA20 retest, RSI=49.3, OFI=60.2, OBI=-0.21","short","None","None","None","None","REJECTED","Достигнут лимит позиций (4/4)","None","None","None"
"8085fcdc","2025-10-27T15:45:23.253003+00:00","ADAUSDT","Trending_AI_Filtered","Pullback to EMA20","short","None","None","None","None","REJECTED","Достигнут лимит позиций (4/4)","None","None","None"
"0e30ea81","2025-10-27T15:45:23.739437+00:00","AVAXUSDT","Pullback Engine","EMA20 retest, RSI=46.9, OFI=-39.1, OBI=-0.13","short","None","None","None","None","REJECTED","Достигнут лимит позиций (4/4)","None","None","None"
"07933a10","2025-10-27T15:45:44.282337+00:00","DOGEUSDT","Pullback Engine","EMA20 retest, RSI=47.5, OFI=-42.8, OBI=-0.04","short","None","None","None","None","REJECTED","Достигнут лимит позиций (4/4)","None","None","None"
"72c1d94e","2025-10-27T15:46:26.257800+00:00","AVAXUSDT","Trending_AI_Filtered","Pullback to EMA20","short","None","None","None","None","REJECTED","Достигнут лимит позиций (4/4)","None","None","None"
"770376da","2025-10-27T15:46:26.831409+00:00","DOGEUSDT","Trending_AI_Filtered","Pullback to EMA20","short","None","None","None","None","REJECTED","Достигнут лимит позиций (4/4)","None","None","None"
"7de5bbb7","2025-10-27T15:47:09.403674+00:00","XLMUSDT","Trending_AI_Filtered","Pullback to EMA20","short","None","None","None","None","REJECTED","Достигнут лимит позиций (4/4)","None","None","None"
"0bf802fc","2025-10-27T15:47:09.929414+00:00","APTUSDT","Trending_AI_Filtered","Pullback to EMA20","short","None","None","None","None","REJECTED","Достигнут лимит позиций (4/4)","None","None","None"
"5e32f7f0","2025-10-27T15:47:51.675319+00:00","LTCUSDT","Impulse_AI_Filtered","BBW↑3.73, ADX=38.5, OFI=52.8, OBI=0.07","long","None","None","None","None","REJECTED","BTC state=DOWN, p_up=0.00","None","None","None"
"6ebeacca","2025-10-27T15:47:52.644687+00:00","SUSHIUSDT","Pullback Engine","EMA20 retest, RSI=47.9, OFI=-16.2, OBI=0.02","short","None","None","None","None","REJECTED","Достигнут лимит позиций (4/4)","None","None","None"
"d2803d25","2025-10-27T15:48:13.861655+00:00","IMXUSDT","Pullback Engine","EMA20 retest, RSI=49.5, OFI=42.5, OBI=-0.21","short","None","None","None","None","REJECTED","Достигнут лимит позиций (4/4)","None","None","None"
"68f11558","2025-10-27T15:48:47.088940+00:00","ANKRUSDT","Trending_AI_Filtered","Pullback to EMA20","short","None","None","None","None","REJECTED","Достигнут лимит позиций (4/4)","None","None","None"
"c9ad59a8","2025-10-27T15:49:15.358029+00:00","DOTUSDT","Trending_AI_Filtered","Pullback to EMA20","short","None","None","None","None","REJECTED","Достигнут лимит позиций (4/4)","None","None","None"
"eaeb1f35","2025-10-27T16:00:01.236610+00:00","IMXUSDT","Pullback Engine","EMA20 retest, RSI=48.4, OFI=6.1, OBI=-0.37","short","None","None","None","None","REJECTED","Достигнут лимит позиций (4/4)","None","None","None"
"68a2e6f0","2025-10-27T16:00:22.475929+00:00","LTCUSDT","Breakout_AI_Filtered","Donchian Breakout H1 (P40)","long","None","None","None","None","REJECTED","BTC state=DOWN, p_up=0.00","None","None","None"
"bd88d73f","2025-10-27T16:00:24.657090+00:00","BCHUSDT","Pullback Engine","EMA20 retest, RSI=51.4, OFI=62.5, OBI=0.63","long","None","None","None","None","REJECTED","Глобальный фильтр: BTC state=DOWN, p_up=0.00","None","None","None"
"5b189802","2025-10-27T16:00:25.295295+00:00","DOGEUSDT","Trending_AI_Filtered","Pullback to EMA20","short","None","None","None","None","REJECTED","Достигнут лимит позиций (4/4)","None","None","None"
"9c1c406b","2025-10-27T16:00:46.015870+00:00","XLMUSDT","Pullback Engine","EMA20 retest, RSI=45.8, OFI=69.1, OBI=-0.22","short","None","None","None","None","REJECTED","Достигнут лимит позиций (4/4)","None","None","None"
"0258fea8","2025-10-27T16:01:07.481141+00:00","WIFUSDT","Trending_AI_Filtered","Pullback to EMA20","short","None","None","None","None","REJECTED","Достигнут лимит позиций (4/4)","None","None","None"
"701e96f2","2025-10-27T16:01:28.526271+00:00","XLMUSDT","Trending_AI_Filtered","Pullback to EMA20","short","None","None","None","None","REJECTED","Достигнут лимит позиций (4/4)","None","None","None"
"a4451cd1","2025-10-27T16:01:49.710988+00:00","AVAXUSDT","Pullback Engine","EMA20 retest, RSI=46.2, OFI=-23.8, OBI=0.42","short","None","None","None","None","REJECTED","Достигнут лимит позиций (4/4)","None","None","None"
"fa1f72f1","2025-10-27T16:02:12.122999+00:00","AVAXUSDT","Trending_AI_Filtered","Pullback to EMA20","short","None","None","None","None","REJECTED","Достигнут лимит позиций (4/4)","None","None","None"
"c122686e","2025-10-27T16:02:35.044001+00:00","ENAUSDT","Trending_AI_Filtered","Pullback to EMA20","short","None","None","None","None","REJECTED","Достигнут лимит позиций (4/4)","None","None","None"
"d42acfdc","2025-10-27T16:02:56.866194+00:00","TRXUSDT","Trending_AI_Filtered","Pullback to EMA20","short","None","None","None","None","REJECTED","Достигнут лимит позиций (4/4)","None","None","None"
"ef4c5582","2025-10-27T16:02:57.354568+00:00","DOTUSDT","Trending_AI_Filtered","Pullback to EMA20","short","None","None","None","None","REJECTED","Достигнут лимит позиций (4/4)","None","None","None"
"de7088a8","2025-10-27T16:03:18.248686+00:00","ENJUSDT","Trending_AI_Filtered","Pullback to EMA20","short","None","None","None","None","REJECTED","Достигнут лимит позиций (4/4)","None","None","None"
"40f1423b","2025-10-27T16:04:01.030583+00:00","ANKRUSDT","Trending_AI_Filtered","Pullback to EMA20","short","None","None","None","None","REJECTED","Достигнут лимит позиций (4/4)","None","None","None"
"e4f524a8","2025-10-27T16:15:00.834517+00:00","BTCUSDT","Trending_AI_Filtered","Pullback to EMA20","long","None","None","None","None","REJECTED","BTC state=DOWN, p_up=0.00","None","None","None"
"92b22cc0","2025-10-27T16:15:05.977105+00:00","BCHUSDT","Trending_AI_Filtered","Pullback to EMA20","long","None","None","None","None","REJECTED","BTC state=DOWN, p_up=0.00","None","None","None"
"f9db1bdd","2025-10-27T16:15:09.422755+00:00","APEUSDT","Pullback Engine","EMA20 retest, RSI=48.4, OFI=-15.4, OBI=-0.18","short","None","None","None","None","REJECTED","Достигнут лимит позиций (4/4)","None","None","None"
"be157e5e","2025-10-27T16:15:32.923149+00:00","CHZUSDT","Pullback Engine","EMA20 retest, RSI=45.4, OFI=-25.9, OBI=-0.13","short","None","None","None","None","REJECTED","Достигнут лимит позиций (4/4)","None","None","None"
"b683ffcc","2025-10-27T16:15:54.956893+00:00","CHZUSDT","Trending_AI_Filtered","Pullback to EMA20","short","None","None","None","None","REJECTED","Достигнут лимит позиций (4/4)","None","None","None"
"886b86a8","2025-10-27T16:45:00.642750+00:00","BNBUSDT","Trending_AI_Filtered","Pullback to EMA20","short","None","None","None","None","REJECTED","Gemini отклонил сделку (уверенность 20% < порога 67.0%)","None","None","None"
"3b65f63e","2025-10-27T16:45:15.404836+00:00","BCHUSDT","Ranging V4.3 AVWAP WideSL","BB Low Touch or RSI Cross Up (49.0)","long","None","None","65","65.0","EXECUTED","None","561.77","558.17","567.17"
"8260ac68","2025-10-27T16:45:20.435866+00:00","ENAUSDT","Trending_AI_Filtered","Pullback to EMA20","short","None","None","None","None","REJECTED","Gemini отклонил сделку (уверенность 20% < порога 67.0%)","None","None","None"
"076578f6","2025-10-27T16:45:43.404537+00:00","LTCUSDT","Impulse_AI_Filtered","BBW↑1.18, ADX=41.8, OFI=11.6, OBI=0.05","long","None","None","None","None","REJECTED","BTC state=DOWN, p_up=0.00","None","None","None"
"f8563d7b","2025-10-27T17:00:06.784635+00:00","XRPUSDT","Breakout_AI_Filtered","Donchian Breakout H1 (P40)","long","None","None","None","None","REJECTED","BTC state=DOWN, p_up=0.00","None","None","None"
"68b2bacc","2025-10-27T17:00:11.394027+00:00","BCHUSDT","Ranging V4.3 AVWAP WideSL","BB Low Touch or RSI Cross Up (47.5)","long","None","None","85","65.0","EXECUTED","None","560.99","558.25","565.1"
"642de829","2025-10-27T17:00:12.740043+00:00","IMXUSDT","Impulse_AI_Filtered","BBW↑0.76, ADX=31.2, OFI=-28.1, OBI=0.18","short","None","None","None","None","REJECTED","Gemini отклонил сделку (уверенность 20% < порога 72.0%)","None","None","None"
"fd95d479","2025-10-27T17:15:11.734426+00:00","APEUSDT","Pullback Engine","EMA20 retest, RSI=50.3, OFI=-26.6, OBI=-0.06","short","None","None","None","None","REJECTED","AI BTC filter: AI Заблокировано: Рынок BTC находится в фазе ярко выраженной консолидации ('пила') с низкой волатильностью, на что указывают сужающиеся полосы Боллинджера и боковое движение цены вокруг скользящих средних. Хотя есть локальные медвежьи сигналы, такие как недавнее пересечение MA и отклонение от максимума, отсутствует подтверждающий объем и сильный нисходящий импульс. Открытие шорт-позиций в такой неопределенности крайне рискованно из-за высокой вероятности ложных движений. Общая структура не поддерживает уверенный шорт прямо сейчас. БЛОКИРУЮ. (conf: 35%)","None","None","None"
"3a0cdafb","2025-10-27T17:29:58.392542+00:00","BTCUSDT","Ranging V4.3 AVWAP WideSL","RSI Cross Down from Overbought (53.2)","short","None","None","45","65.0","REJECTED","Низкая уверенность AI: 45% < 65.0%","None","None","None"
"80cd8582","2025-10-27T17:30:05.606806+00:00","ENAUSDT","Trending_AI_Filtered","Pullback to EMA20","short","None","None","None","None","REJECTED","Gemini отклонил сделку (уверенность 15% < порога 65.0%)","None","None","None"
"258fba27","2025-10-27T17:30:07.195619+00:00","IMXUSDT","Impulse_AI_Filtered","BBW↑1.56, ADX=32.1, OFI=-50.8, OBI=0.00","short","None","None","None","None","REJECTED","Gemini отклонил сделку (уверенность 15% < порога 72.0%)","None","None","None"
"3bbd3763","2025-10-27T17:30:27.182178+00:00","APEUSDT","Trending_AI_Filtered","Pullback to EMA20","short","None","None","None","None","REJECTED","Gemini отклонил сделку (уверенность 35% < порога 67.0%)","None","None","None"
"bed10ec0","2025-10-27T17:45:01.961253+00:00","BTCUSDT","Ranging V4.3 AVWAP WideSL","RSI Cross Down from Overbought (60.0)","short","None","None","45","65.0","REJECTED","Низкая уверенность AI: 45% < 65.0%","None","None","None"
"a312c1ad","2025-10-27T17:45:16.720519+00:00","APEUSDT","Pullback Engine","EMA20 retest, RSI=50.3, OFI=-13.4, OBI=-0.00","short","None","None","None","None","REJECTED","AI BTC filter: AI Заблокировано: Сделка SHORT крайне рискованна. На графике наблюдается сильный краткосрочный восходящий импульс и пробой верхней границы недавнего диапазона консолидации (~11500-11540). Цена находится выше ключевых скользящих средних, что указывает на силу покупателей в данный момент. Вход в шорт сейчас — это торговля против явного локального тренда без каких-либо признаков его разворота. Рыночная фаза неблагоприятна для коротких позиций, так как есть явный импульс ПРОТИВ сделки. (conf: 15%)","None","None","None"
"5721b0f8","2025-10-27T18:00:04.388478+00:00","BNBUSDT","Pullback Engine","EMA20 retest, RSI=49.7, OFI=-80.9, OBI=-0.78","short","None","None","None","None","REJECTED","AI BTC filter: AI Заблокировано: БЛОКИРУЮ. Текущая рыночная фаза крайне неблагоприятна для открытия SHORT. График демонстрирует явный локальный восходящий импульс: цена пробила и закрепилась выше обеих скользящих средних и движется к верхней границе полос Боллинджера. Открытие короткой позиции в данный момент является торговлей против сильного краткосрочного моментума без каких-либо признаков разворота или слабости покупателей. Риск немедленного роста и срабатывания стоп-лосса очень высок. (conf: 15%)","None","None","None"
"d294ea3a","2025-10-27T18:00:14.334525+00:00","BTCUSDT","Ranging V4.3 AVWAP WideSL","RSI Cross Down from Overbought (61.3)","short","None","None","25","65.0","REJECTED","Низкая уверенность AI: 25% < 65.0%","None","None","None"
"b6896918","2025-10-27T18:00:22.684918+00:00","ENAUSDT","Ranging V4.3 AVWAP WideSL","RSI Cross Down from Overbought (55.4)","short","None","None","55","65.0","REJECTED","Низкая уверенность AI: 55% < 65.0%","None","None","None"
"02584f28","2025-10-27T18:15:00.002377+00:00","BTCUSDT","Ranging V4.3 AVWAP WideSL","RSI Cross Down from Overbought (62.2)","short","None","None","45","65.0","REJECTED","Низкая уверенность AI: 45% < 65.0%","None","None","None"
"a5e110f4","2025-10-27T18:29:59.297890+00:00","SOLUSDT","Pullback Engine","EMA20 retest, RSI=51.9, OFI=39.0, OBI=0.07","long","None","None","None","None","REJECTED","AI BTC filter: AI Заблокировано: Несмотря на недавний V-образный отскок от поддержки в районе 11450 и пересечение скользящих средних вверх (локальный бычий сигнал), вход в LONG в данный момент является рискованным. Цена столкнулась с сопротивлением в районе 11575 и сформировала сильную медвежью свечу на повышенном объеме. Это указывает на активные продажи и возможное начало коррекции. Рынок находится в зоне неопределенности после выхода из боковика, и текущая свеча является сильным сигналом против немедленного открытия длинной позиции. Риск отката слишком высок. БЛОКИРУЮ. (conf: 35%)","None","None","None"
"b8fe9f78","2025-10-27T18:30:02.052759+00:00","BNBUSDT","Trending_AI_Filtered","Pullback to EMA20","short","None","None","None","None","REJECTED","BTC state=UP, p_up=0.94","None","None","None"
"7feebed8","2025-10-27T18:30:04.216303+00:00","AVAXUSDT","Pullback Engine","EMA20 retest, RSI=52.0, OFI=-56.4, OBI=0.05","short","None","None","None","None","REJECTED","Глобальный фильтр: BTC state=UP, p_up=0.98","None","None","None"
"8a5ff609","2025-10-27T18:30:27.509284+00:00","SOLUSDT","Trending_AI_Filtered","Pullback to EMA20","long","None","None","85","67.0","EXECUTED","None","201.39","198.36","206.04"
"5177a302","2025-10-27T18:30:28.274172+00:00","ATOMUSDT","Pullback Engine","EMA20 retest, RSI=49.0, OFI=-5.0, OBI=-0.16","short","None","None","None","None","REJECTED","Глобальный фильтр: BTC state=UP, p_up=1.00","None","None","None"
"2a8207c8","2025-10-27T18:30:37.512916+00:00","FETUSDT","Trending_AI_Filtered","Pullback to EMA20","short","None","None","None","None","REJECTED","BTC state=UP, p_up=1.00","None","None","None"
"6c3872c1","2025-10-27T18:30:39.038574+00:00","APEUSDT","Trending_AI_Filtered","Pullback to EMA20","short","None","None","None","None","REJECTED","BTC state=UP, p_up=1.00","None","None","None"
"fb4e299b","2025-10-27T18:30:56.450115+00:00","ATOMUSDT","Trending_AI_Filtered","Pullback to EMA20","short","None","None","None","None","REJECTED","BTC state=UP, p_up=1.00","None","None","None"
"03ddeacb","2025-10-27T18:30:58.053007+00:00","NEARUSDT","Pullback Engine","EMA20 retest, RSI=52.2, OFI=18.2, OBI=0.15","long","None","None","80","70.0","EXECUTED","None","2.3724152638050784","2.3389317162001406","2.422640585212485"
"861b9e1f","2025-10-27T18:45:03.016394+00:00","BNBUSDT","Pullback Engine","EMA20 retest, RSI=47.7, OFI=-78.3, OBI=-0.84","short","None","None","None","None","REJECTED","Глобальный фильтр: BTC state=UP, p_up=1.00","None","None","None"
"f32a2226","2025-10-27T19:00:06.163151+00:00","BNBUSDT","Trending_AI_Filtered","Pullback to EMA20","short","None","None","None","None","REJECTED","Gemini отклонил сделку (уверенность 20% < порога 65.0%)","None","None","None"
"77e92147","2025-10-27T19:00:23.696202+00:00","ATOMUSDT","Pullback Engine","EMA20 retest, RSI=51.2, OFI=-15.4, OBI=-0.18","short","None","None","None","None","REJECTED","AI BTC filter: AI Заблокировано: Рынок BTC находится в фазе неопределенности и бокового движения ('пила') после сильного нисходящего импульса. Хотя общая структура после пика на ~116250 имеет медвежий уклон, текущая цена находится прямо на поддержке в виде скользящих средних в центре диапазона. Открытие SHORT в данной точке является высокорискованным из-за отсутствия четкого направленного движения и высокой вероятности отскока от текущих уровней. Это неблагоприятная фаза для открытия позиций. (conf: 40%)","None","None","None"
"c6cc8793","2025-10-27T19:00:25.792036+00:00","CRVUSDT","Pullback Engine","EMA20 retest, RSI=51.0, OFI=-18.2, OBI=-0.09","short","None","None","None","None","REJECTED","AI BTC filter: AI Заблокировано: Низкая уверенность. Рынок находится в фазе отката после сильного восходящего импульса. Цена удерживается выше скользящих средних, которые выступают в роли динамической поддержки. Открытие SHORT-позиции сейчас является сделкой против локального тренда и несет высокий риск продолжения роста от текущих уровней. Отсутствуют явные сигналы разворота. (conf: 25%)","None","None","None"
"fcd013ca","2025-10-27T19:00:27.239194+00:00","ENJUSDT","Pullback Engine","EMA20 retest, RSI=52.3, OFI=-50.2, OBI=-0.09","short","None","None","None","None","REJECTED","AI BTC filter: AI Заблокировано: Рынок BTC находится в фазе неопределенности и боковой консолидации ('пила') после сильного падения. Цена зажата в узком диапазоне, а скользящие средние движутся горизонтально, что указывает на отсутствие четкого тренда. Более того, недавний сильный откуп от локальных минимумов создал восходящий импульс, который противоречит идее открытия SHORT. Вход в сделку в середине диапазона с неясным направлением является высокорискованным. Сделка блокируется до появления более четких сигналов. (conf: 25%)","None","None","None"
"7be95d6c","2025-10-27T19:00:55.834316+00:00","FETUSDT","Pullback Engine","EMA20 retest, RSI=48.7, OFI=-14.8, OBI=-0.19","short","None","None","None","None","REJECTED","Strong OFI against short: 25.8","None","None","None"
"0708e5b3","2025-10-27T19:14:59.726263+00:00","TIAUSDT","Trending_AI_Filtered","Pullback to EMA20","long","None","None","None","None","REJECTED","BTC state=DOWN, p_up=0.00","None","None","None"
"24bd5d93","2025-10-27T19:14:59.986203+00:00","ETHUSDT","Trending_AI_Filtered","Pullback to EMA20","long","None","None","None","None","REJECTED","BTC state=DOWN, p_up=0.00","None","None","None"
"58584099","2025-10-27T19:15:00.017824+00:00","LINKUSDT","Trending_AI_Filtered","Pullback to EMA20","long","None","None","None","None","REJECTED","BTC state=DOWN, p_up=0.00","None","None","None"
"dc0a5492","2025-10-27T19:15:02.403815+00:00","DOGEUSDT","Trending_AI_Filtered","Pullback to EMA20","long","None","None","None","None","REJECTED","BTC state=DOWN, p_up=0.00","None","None","None"
"f7de85ff","2025-10-27T19:15:03.621088+00:00","OPUSDT","Trending_AI_Filtered","Pullback to EMA20","long","None","None","None","None","REJECTED","BTC state=DOWN, p_up=0.00","None","None","None"
"4f478f66","2025-10-27T19:15:03.801637+00:00","AVAXUSDT","Trending_AI_Filtered","Pullback to EMA20","long","None","None","None","None","REJECTED","BTC state=DOWN, p_up=0.00","None","None","None"
"9f3e8935","2025-10-27T19:15:04.945627+00:00","WIFUSDT","Trending_AI_Filtered","Pullback to EMA20","long","None","None","None","None","REJECTED","BTC state=DOWN, p_up=0.00","None","None","None"
"a80e4f93","2025-10-27T19:15:05.122814+00:00","SUIUSDT","Trending_AI_Filtered","Pullback to EMA20","long","None","None","None","None","REJECTED","BTC state=DOWN, p_up=0.00","None","None","None"
"4f3026a2","2025-10-27T19:15:06.895924+00:00","ADAUSDT","Trending_AI_Filtered","Pullback to EMA20","long","None","None","None","None","REJECTED","BTC state=DOWN, p_up=0.00","None","None","None"
"8a7a0e1e","2025-10-27T19:15:08.062061+00:00","XLMUSDT","Trending_AI_Filtered","Pullback to EMA20","long","None","None","None","None","REJECTED","BTC state=DOWN, p_up=0.00","None","None","None"
"73d29ee0","2025-10-27T19:15:08.293780+00:00","BCHUSDT","Ranging V4.3 AVWAP WideSL","BB Low Touch or RSI Cross Up (43.9)","long","None","None","75","65.0","REJECTED","Отклонено фильтром качества: Низкий объем для режима 'Флэт' (1921 < 60% от avg 3861).","None","None","None"
"30580e92","2025-10-27T19:15:20.279641+00:00","ARBUSDT","Trending_AI_Filtered","Pullback to EMA20","long","None","None","None","None","REJECTED","BTC state=DOWN, p_up=0.00","None","None","None"
"175f5266","2025-10-27T19:15:21.797156+00:00","DOTUSDT","Trending_AI_Filtered","Pullback to EMA20","long","None","None","None","None","REJECTED","BTC state=DOWN, p_up=0.00","None","None","None"
"c18bdac8","2025-10-27T19:15:22.714215+00:00","IMXUSDT","Trending_AI_Filtered","Pullback to EMA20","long","None","None","None","None","REJECTED","BTC state=DOWN, p_up=0.00","None","None","None"
"62009465","2025-10-27T19:15:27.687830+00:00","ICPUSDT","Trending_AI_Filtered","Pullback to EMA20","long","None","None","None","None","REJECTED","BTC state=DOWN, p_up=0.00","None","None","None"
"5c91a874","2025-10-27T19:15:29.394205+00:00","INJUSDT","Pullback Engine","EMA20 retest, RSI=52.0, OFI=-15.0, OBI=-0.17","short","None","None","None","None","REJECTED","AI BTC filter: AI Заблокировано: БЛОКИРУЮ. BTC находится в ярко выраженном боковом диапазоне (~11450-11600). Текущая цена 11526 находится ровно в середине этого диапазона, прямо на скользящих средних, которые выступают локальной поддержкой. Это зона максимальной неопределенности с наихудшим соотношением риска к прибыли. Недавний сильный импульс вверх от уровня ~11475 показывает наличие активных покупателей. Открытие SHORT сейчас — это рискованная ставка против локальной поддержки и недавней силы покупателей. Для безопасного входа в шорт следует дождаться явного отбоя от верхней границы диапазона (~11575-11600) или ее пробоя вниз. (conf: 25%)","None","None","None"
"3f957954","2025-10-27T19:15:40.128194+00:00","ALGOUSDT","Trending_AI_Filtered","Pullback to EMA20","long","None","None","None","None","REJECTED","BTC state=DOWN, p_up=0.00","None","None","None"
"b9e60993","2025-10-27T19:15:40.128194+00:00","SEIUSDT","Pullback Engine","EMA20 retest, RSI=52.3, OFI=-18.7, OBI=-0.03","short","None","None","75","70.0","EXECUTED","None","0.20368656032127533","0.20667241646214424","0.19920777610997195"
"50e01f4b","2025-10-27T19:15:41.845746+00:00","SUSHIUSDT","Trending_AI_Filtered","Pullback to EMA20","long","None","None","None","None","REJECTED","BTC state=DOWN, p_up=0.00","None","None","None"
"121bedee","2025-10-27T19:16:19.643405+00:00","ANKRUSDT","Trending_AI_Filtered","Pullback to EMA20","long","None","None","None","None","REJECTED","BTC state=DOWN, p_up=0.00","None","None","None"
"69e834e4","2025-10-27T19:29:58.845663+00:00","DOGEUSDT","Pullback Engine","EMA20 retest, RSI=49.8, OFI=41.6, OBI=-0.23","long","None","None","None","None","REJECTED","Глобальный фильтр: BTC state=DOWN, p_up=0.00","None","None","None"
"c028765b","2025-10-27T19:29:59.676899+00:00","APTUSDT","Trending_AI_Filtered","Pullback to EMA20","short","None","None","None","None","REJECTED","Gemini отклонил сделку (уверенность 15% < порога 65.0%)","None","None","None"
"9650be1f","2025-10-27T19:30:17.883338+00:00","BNBUSDT","Trending_AI_Filtered","Pullback to EMA20","short","None","None","None","None","REJECTED","Gemini отклонил сделку (уверенность 20% < порога 65.0%)","None","None","None"
"dace99a5","2025-10-27T19:30:21.186264+00:00","ATOMUSDT","Trending_AI_Filtered","Pullback to EMA20","short","None","None","None","None","REJECTED","Gemini отклонил сделку (уверенность 15% < порога 65.0%)","None","None","None"
"2d22822f","2025-10-27T19:30:21.716662+00:00","CRVUSDT","Trending_AI_Filtered","Pullback to EMA20","short","None","None","None","None","REJECTED","Gemini отклонил сделку (уверенность 15% < порога 67.0%)","None","None","None"
"f215e103","2025-10-27T19:30:59.091071+00:00","AVAXUSDT","Pullback Engine","EMA20 retest, RSI=51.6, OFI=42.5, OBI=0.54","long","None","None","None","None","REJECTED","Глобальный фильтр: BTC state=DOWN, p_up=0.00","None","None","None"
"330e7911","2025-10-27T19:31:32.432743+00:00","SUIUSDT","Pullback Engine","EMA20 retest, RSI=50.0, OFI=16.7, OBI=-0.46","long","None","None","None","None","REJECTED","Глобальный фильтр: BTC state=DOWN, p_up=0.00","None","None","None"
"ad0a4b51","2025-10-27T19:32:00.380119+00:00","LTCUSDT","Pullback Engine","EMA20 retest, RSI=55.1, OFI=16.5, OBI=0.09","long","None","None","None","None","REJECTED","Глобальный фильтр: BTC state=DOWN, p_up=0.00","None","None","None"
"a2f8d37c","2025-10-27T19:32:18.057459+00:00","AVAXUSDT","Trending_AI_Filtered","Pullback to EMA20","long","None","None","None","None","REJECTED","BTC state=DOWN, p_up=0.00","None","None","None"
"c8672b3a","2025-10-27T19:32:20.978926+00:00","INJUSDT","Trending_AI_Filtered","Pullback to EMA20","short","None","None","None","None","REJECTED","Gemini отклонил сделку (уверенность 10% < порога 67.0%)","None","None","None"
"80265e90","2025-10-27T19:32:21.495150+00:00","ENJUSDT","Pullback Engine","EMA20 retest, RSI=51.4, OFI=-14.1, OBI=0.11","short","None","None","None","None","REJECTED","Низкая ликвидность (скор: 1.0 < 3.0)","None","None","None"
"a2e5ef35","2025-10-27T19:44:58.885848+00:00","XRPUSDT","Pullback Engine","EMA20 retest, RSI=51.0, OFI=67.1, OBI=0.43","long","None","None","None","None","REJECTED","Глобальный фильтр: BTC state=DOWN, p_up=0.00","None","None","None"
"a7baff6a","2025-10-27T19:44:59.008207+00:00","AVAXUSDT","Pullback Engine","EMA20 retest, RSI=48.9, OFI=78.0, OBI=0.53","long","None","None","None","None","REJECTED","Глобальный фильтр: BTC state=DOWN, p_up=0.00","None","None","None"
"e12ff8a9","2025-10-27T19:45:00.836402+00:00","BCHUSDT","Ranging V4.3 AVWAP WideSL","BB Low Touch or RSI Cross Up (39.1)","long","None","None","85","65.0","EXECUTED","None","556.98","554.14","562.47"
"479e8a17","2025-10-27T19:45:17.449990+00:00","ETHUSDT","Pullback Engine","EMA20 retest, RSI=51.7, OFI=44.2, OBI=0.37","long","None","None","None","None","REJECTED","Глобальный фильтр: BTC state=DOWN, p_up=0.00","None","None","None"
"741a1942","2025-10-27T19:45:19.199852+00:00","TRXUSDT","Trending_AI_Filtered","Pullback to EMA20","long","None","None","None","None","REJECTED","BTC state=DOWN, p_up=0.00","None","None","None"
"e76151f0","2025-10-27T19:45:28.188219+00:00","APEUSDT","Trending_AI_Filtered","Pullback to EMA20","short","None","None","None","None","REJECTED","Достигнут лимит позиций (4/4)","None","None","None"
"28e45472","2025-10-27T19:45:28.325355+00:00","HBARUSDT","Pullback Engine","EMA20 retest, RSI=53.1, OFI=50.9, OBI=0.56","long","None","None","None","None","REJECTED","Глобальный фильтр: BTC state=DOWN, p_up=0.00","None","None","None"
"0b791748","2025-10-27T19:45:49.954476+00:00","APTUSDT","Trending_AI_Filtered","Pullback to EMA20","short","None","None","None","None","REJECTED","Достигнут лимит позиций (4/4)","None","None","None"
"75ff8f4a","2025-10-27T19:46:10.764852+00:00","ENJUSDT","Trending_AI_Filtered","Pullback to EMA20","short","None","None","None","None","REJECTED","Достигнут лимит позиций (4/4)","None","None","None"
"437d784d","2025-10-27T19:46:33.678711+00:00","ENAUSDT","Trending_AI_Filtered","Pullback to EMA20","short","None","None","None","None","REJECTED","Достигнут лимит позиций (4/4)","None","None","None"
"dd9bfedb","2025-10-27T19:46:56.163318+00:00","LTCUSDT","Trending_AI_Filtered","Pullback to EMA20","long","None","None","None","None","REJECTED","BTC state=DOWN, p_up=0.00","None","None","None"
"7ce76582","2025-10-27T19:46:56.420194+00:00","ONEUSDT","Trending_AI_Filtered","Pullback to EMA20","short","None","None","None","None","REJECTED","Достигнут лимит позиций (4/4)","None","None","None"
"b71ff3b9","2025-10-27T19:47:18.159594+00:00","FILUSDT","Pullback Engine","EMA20 retest, RSI=53.9, OFI=-1.6, OBI=0.16","long","None","None","None","None","REJECTED","Глобальный фильтр: BTC state=DOWN, p_up=0.00","None","None","None"
"f9cb6478","2025-10-27T19:47:18.844752+00:00","ANKRUSDT","Pullback Engine","EMA20 retest, RSI=50.0, OFI=-15.6, OBI=0.19","long","None","None","None","None","REJECTED","Глобальный фильтр: BTC state=DOWN, p_up=0.00","None","None","None"
"ca2a6fc8","2025-10-27T19:47:20.229095+00:00","FILUSDT","Trending_AI_Filtered","Pullback to EMA20","long","None","None","None","None","REJECTED","BTC state=DOWN, p_up=0.00","None","None","None"
"b2e34ca7","2025-10-27T19:59:58.957733+00:00","AVAXUSDT","Pullback Engine","EMA20 retest, RSI=49.6, OFI=30.7, OBI=-0.08","long","None","None","None","None","REJECTED","Глобальный фильтр: BTC state=DOWN, p_up=0.00","None","None","None"
"178f68a5","2025-10-27T20:00:01.532946+00:00","ETHUSDT","Pullback Engine","EMA20 retest, RSI=49.4, OFI=-90.5, OBI=0.83","long","None","None","None","None","REJECTED","Глобальный фильтр: BTC state=DOWN, p_up=0.00","None","None","None"
"93c11a11","2025-10-27T20:00:03.626749+00:00","APEUSDT","Trending_AI_Filtered","Pullback to EMA20","short","None","None","None","None","REJECTED","Достигнут лимит позиций (4/4)","None","None","None"
"504cbecb","2025-10-27T20:00:32.844990+00:00","IMXUSDT","Pullback Engine","EMA20 retest, RSI=49.6, OFI=39.9, OBI=0.33","long","None","None","None","None","REJECTED","Глобальный фильтр: BTC state=DOWN, p_up=0.00","None","None","None"
"502a7922","2025-10-27T20:00:35.762974+00:00","FILUSDT","Pullback Engine","EMA20 retest, RSI=53.1, OFI=22.0, OBI=0.24","long","None","None","None","None","REJECTED","Глобальный фильтр: BTC state=DOWN, p_up=0.00","None","None","None"
"408a3678","2025-10-27T20:15:02.212999+00:00","HBARUSDT","Pullback Engine","EMA20 retest, RSI=50.7, OFI=11.0, OBI=0.23","long","None","None","None","None","REJECTED","Глобальный фильтр: BTC state=DOWN, p_up=0.00","None","None","None"
"d38f1868","2025-10-27T20:15:05.477613+00:00","TRXUSDT","Pullback Engine","EMA20 retest, RSI=48.6, OFI=14.4, OBI=0.18","long","None","None","None","None","REJECTED","Глобальный фильтр: BTC state=DOWN, p_up=0.00","None","None","None"
"9d0f47c0","2025-10-27T20:15:11.851440+00:00","APEUSDT","Pullback Engine","EMA20 retest, RSI=48.1, OFI=-8.5, OBI=-0.17","short","None","None","None","None","REJECTED","AI confidence 40% < 69.0%","None","None","None"
"b822202b","2025-10-27T20:16:07.430282+00:00","APEUSDT","Trending_AI_Filtered","Pullback to EMA20","short","None","None","70","64.0","EXECUTED","None","0.4364","0.4443","0.4246"
"295e65f1","2025-10-27T20:30:01.864499+00:00","FILUSDT","Pullback Engine","EMA20 retest, RSI=49.6, OFI=-7.1, OBI=0.13","long","None","None","None","None","REJECTED","Глобальный фильтр: BTC state=DOWN, p_up=0.00","None","None","None"
"021f9880","2025-10-27T20:30:03.858750+00:00","HBARUSDT","Pullback Engine","EMA20 retest, RSI=49.6, OFI=-25.4, OBI=0.30","long","None","None","None","None","REJECTED","Глобальный фильтр: BTC state=DOWN, p_up=0.00","None","None","None"
"8eb5af3f","2025-10-27T20:30:06.102320+00:00","ENAUSDT","Trending_AI_Filtered","Pullback to EMA20","short","None","None","None","None","REJECTED","Достигнут лимит позиций (4/4)","None","None","None"
"947ff8b9","2025-10-27T20:44:59.109453+00:00","BCHUSDT","Ranging V4.3 AVWAP WideSL","BB Low Touch or RSI Cross Up (48.3)","long","None","None","None","None","REJECTED","Лимит позиций (4/4)","None","None","None"
"77541c01","2025-10-27T20:45:21.917816+00:00","HBARUSDT","Pullback Engine","EMA20 retest, RSI=50.9, OFI=-28.4, OBI=0.20","long","None","None","None","None","REJECTED","Глобальный фильтр: BTC state=DOWN, p_up=0.00","None","None","None"
"11be3d1c","2025-10-27T21:34:32.206522+00:00","TRXUSDT","Ranging V5.0 (FB/PA)","False Breakout Resistance (0.2993)","short","None","None","None","None","REJECTED","Лимит позиций (4/4)","None","None","None"
"186192ef","2025-10-27T21:34:52.412817+00:00","BCHUSDT","Ranging V5.0 (FB/PA)","Bullish PA (Hammer/Engulf) at Support (556.9914)","long","None","None","None","None","REJECTED","Лимит позиций (4/4)","None","None","None"
"33ae3931","2025-10-27T21:35:12.623961+00:00","HBARUSDT","Ranging V5.0 (FB/PA)","False Breakout Resistance (0.1820)","short","None","None","None","None","REJECTED","Лимит позиций (4/4)","None","None","None"
"07c3e3f7","2025-10-27T21:35:32.740914+00:00","HBARUSDT","Trending_AI_Filtered","Pullback to EMA20","long","None","None","None","None","REJECTED","BTC state=DOWN, p_up=0.12","None","None","None"
"d20eed36","2025-10-27T21:35:33.478383+00:00","ENAUSDT","Ranging V5.0 (FB/PA)","False Breakout Support (0.5035)","long","None","None","None","None","REJECTED","Лимит позиций (4/4)","None","None","None"
"b40290b4","2025-10-27T21:35:55.175369+00:00","ENAUSDT","Pullback Engine","EMA20 retest, RSI=48.7, OFI=-12.6, OBI=0.01","short","None","None","None","None","REJECTED","Достигнут лимит позиций (4/4)","None","None","None"
"b2e5d0ae","2025-10-27T21:35:55.350529+00:00","HBARUSDT","Pullback Engine","EMA20 retest, RSI=51.4, OFI=22.4, OBI=0.74","long","None","None","None","None","REJECTED","Глобальный фильтр: BTC state=DOWN, p_up=0.01","None","None","None"
"72fe4ddc","2025-10-27T21:45:04.851592+00:00","FILUSDT","Pullback Engine","EMA20 retest, RSI=52.6, OFI=17.7, OBI=0.13","long","None","None","None","None","REJECTED","Глобальный фильтр: BTC state=DOWN, p_up=0.00","None","None","None"
"83a6b671","2025-10-27T21:45:05.469952+00:00","ENAUSDT","Ranging V5.0 (FB/PA)","False Breakout Support (0.5035)","long","None","None","85","65.0","REJECTED","Исполнение сделки не удалось","0.5056","0.5003","0.5135"
"db9e5edd","2025-10-27T21:45:06.023921+00:00","FILUSDT","Trending_AI_Filtered","Pullback to EMA20","long","None","None","None","None","REJECTED","BTC state=DOWN, p_up=0.00","None","None","None"
"e36ad608","2025-10-27T21:45:10.226974+00:00","WIFUSDT","Trending_AI_Filtered","Pullback to EMA20","short","None","None","65","64.0","REJECTED","Исполнение сделки не удалось","0.5557","0.5664","0.5397"
"547610f9","2025-10-27T22:00:03.499451+00:00","SUIUSDT","Trending_AI_Filtered","Pullback to EMA20","short","None","None","None","None","REJECTED","Gemini отклонил сделку (уверенность 45% < порога 64.0%)","None","None","None"
"d08bdff6","2025-10-27T22:00:11.564617+00:00","TIAUSDT","Trending_AI_Filtered","Pullback to EMA20","short","None","None","70","66.0","REJECTED","Исполнение сделки не удалось","1.0449","1.0642","1.016"
"a2718352","2025-10-27T22:00:11.998107+00:00","ARBUSDT","Trending_AI_Filtered","Pullback to EMA20","short","None","None","None","None","REJECTED","Gemini отклонил сделку (уверенность 35% < порога 66.0%)","None","None","None"
"5ff60de3","2025-10-27T22:00:13.783916+00:00","CHZUSDT","Trending_AI_Filtered","Pullback to EMA20","short","None","None","65","64.0","REJECTED","Исполнение сделки не удалось","0.03281","0.03325","0.03215"
"735a95ff","2025-10-27T22:00:25.257571+00:00","WIFUSDT","Trending_AI_Filtered","Pullback to EMA20","short","None","None","75","64.0","REJECTED","Исполнение сделки не удалось","0.5547","0.5651","0.5391"
"05ec259c","2025-10-27T22:00:48.091049+00:00","DOTUSDT","Trending_AI_Filtered","Pullback to EMA20","short","None","None","None","None","REJECTED","Gemini отклонил сделку (уверенность 35% < порога 66.0%)","None","None","None"
"01d1a46b","2025-10-27T22:15:01.380000+00:00","BNBUSDT","Trending_AI_Filtered","Pullback to EMA20","short","None","None","80","66.0","REJECTED","Исполнение сделки не удалось","1142.76","1154.06","1125.82"
"00749e39","2025-10-27T22:15:04.693476+00:00","HBARUSDT","Ranging V5.0 (FB/PA)","False Breakout Resistance (0.1819)","short","None","None","45","65.0","REJECTED","Низкая уверенность AI: 45% < 65.0%","None","None","None"
"e8494c9c","2025-10-27T22:15:07.002557+00:00","SUIUSDT","Pullback Engine","EMA20 retest, RSI=47.7, OFI=-41.9, OBI=-0.40","short","None","None","None","None","REJECTED","Strong OFI against short: 74.5","None","None","None"
"a4718dd4","2025-10-27T22:15:09.806167+00:00","ENAUSDT","Ranging V5.0 (FB/PA)","False Breakout Resistance (0.5098)","short","None","None","35","65.0","REJECTED","Низкая уверенность AI: 35% < 65.0%","None","None","None"
"a6f327fa","2025-10-27T22:15:29.265435+00:00","WIFUSDT","Trending_AI_Filtered","Pullback to EMA20","short","None","None","80","64.0","REJECTED","Исполнение сделки не удалось","0.5563","0.5667","0.5406"
"bf05fd3d","2025-10-27T22:15:32.948893+00:00","SUIUSDT","Trending_AI_Filtered","Pullback to EMA20","short","None","None","None","None","REJECTED","Gemini отклонил сделку (уверенность 25% < порога 64.0%)","None","None","None"
"c51ada35","2025-10-27T22:15:46.760688+00:00","CHZUSDT","Trending_AI_Filtered","Pullback to EMA20","short","None","None","75","64.0","REJECTED","Исполнение сделки не удалось","0.03291","0.03336","0.03223"
"9e297f12","2025-10-27T22:30:02.960933+00:00","BNBUSDT","Trending_AI_Filtered","Pullback to EMA20","short","None","None","None","None","REJECTED","Gemini отклонил сделку (уверенность 45% < порога 66.0%)","None","None","None"
"96d1ae68","2025-10-27T22:30:03.383337+00:00","XRPUSDT","Pullback Engine","EMA20 retest, RSI=47.2, OFI=24.3, OBI=0.25","long","None","None","None","None","REJECTED","Глобальный фильтр: BTC state=DOWN, p_up=0.00","None","None","None"
"71e4c8bc","2025-10-27T22:30:08.999227+00:00","SEIUSDT","Trending_AI_Filtered","Pullback to EMA20","short","None","None","85","66.0","REJECTED","Исполнение сделки не удалось","0.2013","0.2045","0.1965"
"1f464dd2","2025-10-27T22:30:10.351493+00:00","DOTUSDT","Trending_AI_Filtered","Pullback to EMA20","short","None","None","None","None","REJECTED","Gemini отклонил сделку (уверенность 35% < порога 66.0%)","None","None","None"
"e2f877ca","2025-10-27T22:30:29.135707+00:00","ARBUSDT","Trending_AI_Filtered","Pullback to EMA20","short","None","None","None","None","REJECTED","Gemini отклонил сделку (уверенность 45% < порога 66.0%)","None","None","None"
"eb2b9520","2025-10-27T22:30:29.657601+00:00","XLMUSDT","Pullback Engine","EMA20 retest, RSI=46.9, OFI=-72.1, OBI=-0.58","short","None","None","None","None","REJECTED","Strong OFI against short: 26.8","None","None","None"
"18ab8b21","2025-10-27T22:31:00.269080+00:00","CHZUSDT","Pullback Engine","EMA20 retest, RSI=48.5, OFI=-17.8, OBI=-0.11","short","None","None","None","None","REJECTED","Низкая ликвидность (скор: 2.0 < 3.0)","None","None","None"
"8deb2c5a","2025-10-27T22:31:31.403569+00:00","XLMUSDT","Trending_AI_Filtered","Pullback to EMA20","short","None","None","None","None","REJECTED","Gemini отклонил сделку (уверенность 65% < порога 66.0%)","None","None","None"
"fb717e9b","2025-10-27T22:31:54.061969+00:00","CHZUSDT","Trending_AI_Filtered","Pullback to EMA20","short","None","None","70","64.0","REJECTED","Исполнение сделки не удалось","0.03291","0.03335","0.03225"
"7b5b3518","2025-10-27T22:45:01.095866+00:00","XLMUSDT","Trending_AI_Filtered","Pullback to EMA20","short","None","None","None","None","REJECTED","Gemini отклонил сделку (уверенность 65% < порога 66.0%)","None","None","None"
"1675f1af","2025-10-27T22:45:07.121272+00:00","CHZUSDT","Trending_AI_Filtered","Pullback to EMA20","short","None","None","65","64.0","REJECTED","Исполнение сделки не удалось","0.03265","0.0331","0.03198"
"6b3b3b22","2025-10-27T23:00:03.866427+00:00","HBARUSDT","Ranging V5.0 (FB/PA)","False Breakout Resistance (0.1819)","short","None","None","35","65.0","REJECTED","Низкая уверенность AI: 35% < 65.0%","None","None","None"
"99fc7911","2025-10-27T23:00:13.650542+00:00","ONEUSDT","Ranging V5.0 (FB/PA)","False Breakout Resistance (0.0066)","short","None","None","45","65.0","REJECTED","Низкая уверенность AI: 45% < 65.0%","None","None","None"
"c4884763","2025-10-27T23:15:03.458551+00:00","HBARUSDT","Ranging V5.0 (FB/PA)","False Breakout Resistance (0.1819)","short","None","None","45","65.0","REJECTED","Низкая уверенность AI: 45% < 65.0%","None","None","None"
"587905dc","2025-10-27T23:30:06.420421+00:00","HBARUSDT","Ranging V5.0 (FB/PA)","False Breakout Support (0.1812)","long","None","None","85","65.0","REJECTED","Исполнение сделки не удалось","0.18255","0.17997","0.18642"
"24d6c4f5","2025-10-27T23:45:00.840142+00:00","BNBUSDT","Pullback Engine","EMA20 retest, RSI=48.3, OFI=-22.3, OBI=-0.22","short","None","None","None","None","REJECTED","Низкий R:R (1.50 < 1.5) для отката.","None","None","None"
"12457807","2025-10-27T23:45:01.059355+00:00","XRPUSDT","Trending_AI_Filtered","Pullback to EMA20","short","None","None","None","None","REJECTED","Gemini отклонил сделку (уверенность 25% < порога 64.0%)","None","None","None"
"90702ba7","2025-10-27T23:45:05.918255+00:00","BCHUSDT","Pullback Engine","EMA20 retest, RSI=47.1, OFI=-26.3, OBI=-0.19","short","None","None","None","None","REJECTED","Strong OFI against short: 75.8","None","None","None"
"a36af919","2025-10-27T23:45:09.800159+00:00","HBARUSDT","Ranging V5.0 (FB/PA)","False Breakout Support (0.1812)","long","None","None","95","65.0","REJECTED","Исполнение сделки не удалось","0.1831","0.17997","0.18779"
"e3d1758c","2025-10-27T23:45:42.709884+00:00","BCHUSDT","Trending_AI_Filtered","Pullback to EMA20","short","None","None","None","None","REJECTED","Gemini отклонил сделку (уверенность 45% < порога 64.0%)","None","None","None"
"9c2e4ccf","2025-10-28T00:00:06.154460+00:00","ICPUSDT","Trending_AI_Filtered","Pullback to EMA20","short","None","None","75","66.0","REJECTED","Исполнение сделки не удалось","3.17","3.215","3.102"
"12eefd65","2025-10-28T00:00:10.772602+00:00","BNBUSDT","Trending_AI_Filtered","Pullback to EMA20","short","None","None","70","66.0","REJECTED","Исполнение сделки не удалось","1138.38","1150.31","1120.48"
"94cb78b5","2025-10-28T00:15:04.314468+00:00","BNBUSDT","Pullback Engine","EMA20 retest, RSI=46.0, OFI=-35.3, OBI=-0.37","short","None","None","None","None","REJECTED","Низкий R:R (1.50 < 1.5) для отката.","None","None","None"
"fb4777d4","2025-10-28T00:15:08.701257+00:00","APTUSDT","Trending_AI_Filtered","Pullback to EMA20","short","None","None","85","66.0","REJECTED","Исполнение сделки не удалось","3.4532","3.5042","3.3766"
"bc87409f","2025-10-28T00:15:14.895209+00:00","SEIUSDT","Pullback Engine","EMA20 retest, RSI=45.4, OFI=-14.0, OBI=-0.07","short","None","None","None","None","REJECTED","Низкий R:R (1.50 < 1.5) для отката.","None","None","None"
"b91ba518","2025-10-28T00:16:06.844408+00:00","SEIUSDT","Trending_AI_Filtered","Pullback to EMA20","short","None","None","80","66.0","REJECTED","Исполнение сделки не удалось","0.2007","0.2037","0.1963"
"96e61555","2025-10-28T00:30:02.071371+00:00","SUIUSDT","Pullback Engine","EMA20 retest, RSI=47.5, OFI=-49.5, OBI=0.03","short","None","None","85","71.0","REJECTED","Исполнение не удалось (adaptive_execute_entry провалился)","2.6179410049143734","2.6477578315742525","2.5732157649245546"
"f76493ea","2025-10-28T00:30:02.226513+00:00","AVAXUSDT","Pullback Engine","EMA20 retest, RSI=46.2, OFI=-45.3, OBI=-0.18","short","None","None","None","None","REJECTED","AI confidence 65% < 71.0%","None","None","None"
"b1eebedd","2025-10-28T00:30:02.343641+00:00","BCHUSDT","Pullback Engine","EMA20 retest, RSI=49.7, OFI=-66.0, OBI=-0.22","short","None","None","85","69.0","REJECTED","Исполнение не удалось (adaptive_execute_entry провалился)","556.6407435160382","561.4588786631246","549.4135407954087"
"bde9b50a","2025-10-28T00:30:05.685252+00:00","BNBUSDT","Pullback Engine","EMA20 retest, RSI=49.7, OFI=-54.7, OBI=-0.74","short","None","None","80","71.0","REJECTED","Исполнение не удалось (adaptive_execute_entry провалился)","1140.8678915693338","1150.267573840715","1126.768368162262"
"74812b3b","2025-10-28T00:30:45.245570+00:00","SUIUSDT","Trending_AI_Filtered","Pullback to EMA20","short","None","None","None","None","REJECTED","Gemini отклонил сделку (уверенность 35% < порога 66.0%)","None","None","None"
"dba87b26","2025-10-28T00:31:25.243386+00:00","AVAXUSDT","Trending_AI_Filtered","Pullback to EMA20","short","None","None","None","None","REJECTED","Gemini отклонил сделку (уверенность 65% < порога 66.0%)","None","None","None"
"1e92850d","2025-10-28T00:32:14.270245+00:00","LINKUSDT","Pullback Engine","EMA20 retest, RSI=44.5, OFI=-17.9, OBI=0.10","short","None","None","80","71.0","REJECTED","Исполнение не удалось (adaptive_execute_entry провалился)","18.30233932031634","18.523508460899073","17.970585609442235"
"c2fc9687","2025-10-28T00:32:59.155529+00:00","XLMUSDT","Pullback Engine","EMA20 retest, RSI=48.1, OFI=-86.1, OBI=-0.40","short","None","None","80","71.0","REJECTED","Исполнение не удалось (adaptive_execute_entry провалился)","0.32373969500544736","0.32660546947780084","0.3194410332969171"
"48cfe38e","2025-10-28T00:33:21.394138+00:00","ATOMUSDT","Trending_AI_Filtered","Pullback to EMA20","short","None","None","None","None","REJECTED","Gemini отклонил сделку (уверенность 45% < порога 66.0%)","None","None","None"
"25da43a1","2025-10-28T00:33:41.700104+00:00","ANKRUSDT","Pullback Engine","EMA20 retest, RSI=46.7, OFI=-11.2, OBI=0.05","short","None","None","None","None","REJECTED","Низкая ликвидность (скор: 1.0 < 3.0)","None","None","None"
"c813a02d","2025-10-28T00:34:15.186503+00:00","ENAUSDT","Ranging V5.0 (FB/PA)","Bullish PA (Hammer/Engulf) at Support (0.5034)","long","None","None","65","65.0","REJECTED","Исполнение сделки не удалось","0.5019","0.4976","0.5084"
"044cdd61","2025-10-28T00:34:59.465353+00:00","CHZUSDT","Pullback Engine","EMA20 retest, RSI=46.2, OFI=-20.9, OBI=-0.18","short","None","None","None","None","REJECTED","Низкая ликвидность (скор: 2.0 < 3.0)","None","None","None"
"465d186c","2025-10-28T00:35:25.741764+00:00","APTUSDT","Pullback Engine","EMA20 retest, RSI=44.7, OFI=-39.6, OBI=0.09","short","None","None","80","71.0","REJECTED","Исполнение не удалось (adaptive_execute_entry провалился)","3.461647386959879","3.5008963850294945","3.4027738898554554"
"38235fb8","2025-10-28T00:35:39.658826+00:00","ANKRUSDT","Trending_AI_Filtered","Pullback to EMA20","short","None","None","65","64.0","REJECTED","Исполнение сделки не удалось","0.01031","0.01045","0.0101"
"9fea9ab2","2025-10-28T00:35:52.045554+00:00","DOTUSDT","Trending_AI_Filtered","Pullback to EMA20","short","None","None","None","None","REJECTED","Gemini отклонил сделку (уверенность 60% < порога 66.0%)","None","None","None"
"723ee5b2","2025-10-28T00:36:14.589949+00:00","CHZUSDT","Trending_AI_Filtered","Pullback to EMA20","short","None","None","70","66.0","REJECTED","Исполнение сделки не удалось","0.03274","0.03319","0.03206"
"4c774675","2025-10-28T00:36:54.083230+00:00","APTUSDT","Trending_AI_Filtered","Pullback to EMA20","short","None","None","80","66.0","REJECTED","Исполнение сделки не удалось","3.4558","3.5076","3.3782"
"7321e984","2025-10-28T00:37:25.276286+00:00","ALGOUSDT","Pullback Engine","EMA20 retest, RSI=47.1, OFI=-24.5, OBI=0.00","short","None","None","85","71.0","REJECTED","Исполнение не удалось (adaptive_execute_entry провалился)","0.18651649572144607","0.18874842354833402","0.18316860398111415"
"066d8c92","2025-10-28T00:37:47.005028+00:00","ICPUSDT","Pullback Engine","EMA20 retest, RSI=48.4, OFI=-10.0, OBI=0.03","short","None","None","None","None","REJECTED","Низкий R:R (1.50 < 1.5) для отката.","None","None","None"
"ba7d11b0","2025-10-28T00:39:17.126842+00:00","ALGOUSDT","Trending_AI_Filtered","Pullback to EMA20","short","None","None","80","66.0","REJECTED","Исполнение сделки не удалось","0.1865","0.1894","0.1822"
"c361c146","2025-10-28T00:45:03.696488+00:00","BNBUSDT","Trending_AI_Filtered","Pullback to EMA20","short","None","None","None","None","REJECTED","Gemini отклонил сделку (уверенность 65% < порога 66.0%)","None","None","None"
"21219e86","2025-10-28T00:45:06.620532+00:00","XLMUSDT","Trending_AI_Filtered","Pullback to EMA20","short","None","None","80","66.0","REJECTED","Исполнение сделки не удалось","0.3226","0.32629","0.31706"
"6ad99c7e","2025-10-28T00:45:07.084532+00:00","ALGOUSDT","Trending_AI_Filtered","Pullback to EMA20","short","None","None","75","66.0","REJECTED","Исполнение сделки не удалось","0.1859","0.1888","0.1815"
"79a0d1f8","2025-10-28T00:45:14.095498+00:00","BCHUSDT","Trending_AI_Filtered","Pullback to EMA20","short","None","None","None","None","REJECTED","Gemini отклонил сделку (уверенность 45% < порога 64.0%)","None","None","None"
"34a0de7a","2025-10-28T00:45:33.014435+00:00","SUIUSDT","Trending_AI_Filtered","Pullback to EMA20","short","None","None","70","66.0","REJECTED","Исполнение сделки не удалось","2.607","2.6444","2.5509"
"d63450f0","2025-10-28T00:46:03.722551+00:00","INJUSDT","Trending_AI_Filtered","Pullback to EMA20","short","None","None","None","None","REJECTED","Gemini отклонил сделку (уверенность 60% < порога 66.0%)","None","None","None"
"865b0cd4","2025-10-28T00:46:25.646026+00:00","SEIUSDT","Trending_AI_Filtered","Pullback to EMA20","short","None","None","75","66.0","REJECTED","Исполнение сделки не удалось","0.2003","0.2034","0.1956"
"be59f22c","2025-10-28T00:46:49.702540+00:00","ICPUSDT","Trending_AI_Filtered","Pullback to EMA20","short","None","None","70","66.0","REJECTED","Исполнение сделки не удалось","3.166","3.214","2.938"
"b3a5aa50","2025-10-28T00:47:14.694410+00:00","DOTUSDT","Trending_AI_Filtered","Pullback to EMA20","short","None","None","None","None","REJECTED","Gemini отклонил сделку (уверенность 45% < порога 66.0%)","None","None","None"
"34b66d80","2025-10-28T01:00:04.794581+00:00","BNBUSDT","Trending_AI_Filtered","Pullback to EMA20","short","None","None","70","66.0","REJECTED","Исполнение сделки не удалось","1139.03","1150.07","1122.47"
"1125fe76","2025-10-28T01:00:07.408764+00:00","INJUSDT","Pullback Engine","EMA20 retest, RSI=47.4, OFI=-28.4, OBI=-0.05","short","None","None","85","71.0","REJECTED","Исполнение не удалось (adaptive_execute_entry провалился)","8.64141685699404","8.75117808307092","8.476775017878719"
"85ec94d9","2025-10-28T01:15:02.011285+00:00","NEARUSDT","Trending_AI_Filtered","Pullback to EMA20","short","None","None","None","None","REJECTED","Gemini отклонил сделку (уверенность 65% < порога 66.0%)","None","None","None"
"ee8c8f6b","2025-10-28T01:15:02.173432+00:00","AVAXUSDT","Trending_AI_Filtered","Pullback to EMA20","short","None","None","75","66.0","REJECTED","Исполнение сделки не удалось","20.376","20.636","19.82"
"aa471bc3","2025-10-28T01:15:04.554844+00:00","APTUSDT","Trending_AI_Filtered","Pullback to EMA20","short","None","None","70","66.0","REJECTED","Исполнение сделки не удалось","3.4534","3.497","3.388"
"a621b435","2025-10-28T01:15:05.557392+00:00","TIAUSDT","Trending_AI_Filtered","Pullback to EMA20","short","None","None","75","66.0","REJECTED","Исполнение сделки не удалось","1.0386","1.0562","0.9886"
"ddb0ae45","2025-10-28T01:15:22.878449+00:00","BCHUSDT","Pullback Engine","EMA20 retest, RSI=46.6, OFI=-96.6, OBI=0.29","short","None","None","None","None","REJECTED","Strong OFI against short: 29.8","None","None","None"
"145d3a4a","2025-10-28T01:15:50.774312+00:00","ETHUSDT","Pullback Engine","EMA20 retest, RSI=44.7, OFI=-89.9, OBI=0.70","short","None","None","None","None","REJECTED","Strong OFI against short: 84.5","None","None","None"
"25926da5","2025-10-28T01:16:15.863979+00:00","ARBUSDT","Pullback Engine","EMA20 retest, RSI=46.9, OFI=-11.2, OBI=-0.04","short","None","None","80","71.0","REJECTED","Исполнение не удалось (adaptive_execute_entry провалился)","0.3318710153621007","0.33611102159185696","0.32551100601746624"
"f688030c","2025-10-28T01:16:44.026036+00:00","BCHUSDT","Trending_AI_Filtered","Pullback to EMA20","short","None","None","None","None","REJECTED","Gemini отклонил сделку (уверенность 60% < порога 64.0%)","None","None","None"
"4f06db94","2025-10-28T01:16:44.670255+00:00","OPUSDT","Trending_AI_Filtered","Pullback to EMA20","short","None","None","None","None","REJECTED","Gemini отклонил сделку (уверенность 65% < порога 66.0%)","None","None","None"
"239968e6","2025-10-28T01:16:48.772371+00:00","ADAUSDT","Trending_AI_Filtered","Pullback to EMA20","short","None","None","None","None","REJECTED","Gemini отклонил сделку (уверенность 65% < порога 66.0%)","None","None","None"
"ab860127","2025-10-28T01:17:25.843679+00:00","ARBUSDT","Trending_AI_Filtered","Pullback to EMA20","short","None","None","70","66.0","REJECTED","Исполнение сделки не удалось","0.3317","0.3367","0.3217"
"33d4bb84","2025-10-28T01:17:47.129223+00:00","WIFUSDT","Ranging V5.0 (FB/PA)","Bearish PA (ShootingStar/Engulf) at Resistance (0.5556)","short","None","None","45","65.0","REJECTED","Низкая уверенность AI: 45% < 65.0%","None","None","None"
"3ca88668","2025-10-28T01:18:17.142353+00:00","CRVUSDT","Trending_AI_Filtered","Pullback to EMA20","short","None","None","75","66.0","REJECTED","Исполнение сделки не удалось","0.558","0.569","0.541"
"d70dc439","2025-10-28T01:18:37.010748+00:00","ATOMUSDT","Trending_AI_Filtered","Pullback to EMA20","short","None","None","70","66.0","REJECTED","Исполнение сделки не удалось","3.179","3.216","3.124"
"94a166f5","2025-10-28T01:19:01.064684+00:00","ENJUSDT","Trending_AI_Filtered","Pullback to EMA20","short","None","None","75","66.0","REJECTED","Исполнение сделки не удалось","0.04377","0.04451","0.04266"
"4901338b","2025-10-28T01:19:04.264055+00:00","CHZUSDT","Pullback Engine","EMA20 retest, RSI=48.5, OFI=-16.1, OBI=-0.15","short","None","None","None","None","REJECTED","Низкая ликвидность (скор: 2.0 < 3.0)","None","None","None"
"f5a87df4","2025-10-28T01:30:00.043567+00:00","ETHUSDT","Trending_AI_Filtered","Pullback to EMA20","short","None","None","70","66.0","REJECTED","Исполнение сделки не удалось","4128.36","4167.26","4070.0"
"f775b01d","2025-10-28T01:30:00.347541+00:00","ATOMUSDT","Trending_AI_Filtered","Pullback to EMA20","short","None","None","85","66.0","REJECTED","Исполнение сделки не удалось","3.176","3.212","3.122"
"b4870758","2025-10-28T01:30:02.705373+00:00","NEARUSDT","Trending_AI_Filtered","Pullback to EMA20","short","None","None","75","66.0","REJECTED","Исполнение сделки не удалось","2.33","2.364","2.28"
"43bcb7fd","2025-10-28T01:30:04.288473+00:00","OPUSDT","Trending_AI_Filtered","Pullback to EMA20","short","None","None","75","66.0","REJECTED","Исполнение сделки не удалось","0.4531","0.4599","0.4428"
"62219e9f","2025-10-28T01:30:31.144452+00:00","TRXUSDT","Ranging V5.0 (FB/PA)","False Breakout Support (0.2987)","long","None","None","55","65.0","REJECTED","Низкая уверенность AI: 55% < 65.0%","None","None","None"
"f908ce51","2025-10-28T01:30:57.970447+00:00","BTCUSDT","Trending_AI_Filtered","Pullback to EMA20","short","None","None","None","None","REJECTED","Gemini отклонил сделку (уверенность 65% < порога 66.0%)","None","None","None"
"c75c496b","2025-10-28T01:31:29.569385+00:00","LINKUSDT","Trending_AI_Filtered","Pullback to EMA20","short","None","None","75","66.0","REJECTED","Исполнение сделки не удалось","18.28","18.524","17.834"
"d7e776d0","2025-10-28T01:31:49.725360+00:00","BNBUSDT","Trending_AI_Filtered","Pullback to EMA20","short","None","None","70","66.0","REJECTED","Исполнение сделки не удалось","1140.4","1150.95","1124.58"
"5f0d1e2c","2025-10-28T01:31:54.796729+00:00","ADAUSDT","Pullback Engine","EMA20 retest, RSI=45.9, OFI=-20.3, OBI=-0.09","short","None","None","None","None","REJECTED","Низкий R:R (1.50 < 1.5) для отката.","None","None","None"
"c06b07dd","2025-10-28T01:32:18.758665+00:00","AVAXUSDT","Pullback Engine","EMA20 retest, RSI=46.0, OFI=-8.9, OBI=-0.19","short","None","None","None","None","REJECTED","Strong OFI against short: 55.4","None","None","None"
"f160adec","2025-10-28T01:32:49.392239+00:00","BCHUSDT","Trending_AI_Filtered","Pullback to EMA20","short","None","None","65","64.0","REJECTED","Исполнение сделки не удалось","555.37","560.49","547.69"
"78755cdd","2025-10-28T01:33:15.851183+00:00","XLMUSDT","Pullback Engine","EMA20 retest, RSI=49.2, OFI=-85.6, OBI=-0.45","short","None","None","85","69.0","REJECTED","Исполнение не удалось (adaptive_execute_entry провалился)","0.3236241718872533","0.3265781750293006","0.31919316717418234"
"53d47b3d","2025-10-28T01:33:33.513474+00:00","ADAUSDT","Trending_AI_Filtered","Pullback to EMA20","short","None","None","70","66.0","REJECTED","Исполнение сделки не удалось","0.6681","0.6759","0.6564"
"0bd90ad1","2025-10-28T01:33:34.870128+00:00","AVAXUSDT","Trending_AI_Filtered","Pullback to EMA20","short","None","None","75","66.0","REJECTED","Исполнение сделки не удалось","20.37","20.625","19.817"
"74d2a68d","2025-10-28T01:34:10.438155+00:00","WIFUSDT","Ranging V5.0 (FB/PA)","False Breakout Resistance (0.5556)","short","None","None","45","65.0","REJECTED","Низкая уверенность AI: 45% < 65.0%","None","None","None"
"d33ce029","2025-10-28T01:34:50.648157+00:00","INJUSDT","Trending_AI_Filtered","Pullback to EMA20","short","None","None","75","66.0","REJECTED","Исполнение сделки не удалось","8.636","8.758","7.906"
"e6aa90a7","2025-10-28T01:35:17.018111+00:00","SEIUSDT","Pullback Engine","EMA20 retest, RSI=48.1, OFI=-13.6, OBI=0.02","short","None","None","85","69.0","REJECTED","Исполнение не удалось (adaptive_execute_entry провалился)","0.20094967311814946","0.20340735434742718","0.19726315127423286"
"151e4823","2025-10-28T01:35:41.768593+00:00","ARBUSDT","Trending_AI_Filtered","Pullback to EMA20","short","None","None","None","None","REJECTED","Gemini отклонил сделку (уверенность 25% < порога 66.0%)","None","None","None"
"436a826a","2025-10-28T01:35:46.009279+00:00","CHZUSDT","Trending_AI_Filtered","Pullback to EMA20","short","None","None","None","None","REJECTED","Gemini отклонил сделку (уверенность 65% < порога 66.0%)","None","None","None"
"99492826","2025-10-28T01:36:13.685263+00:00","ENJUSDT","Trending_AI_Filtered","Pullback to EMA20","short","None","None","70","66.0","REJECTED","Исполнение сделки не удалось","0.0437","0.04443","0.04251"
"a9395645","2025-10-28T01:37:03.562618+00:00","SEIUSDT","Trending_AI_Filtered","Pullback to EMA20","short","None","None","75","64.0","REJECTED","Исполнение сделки не удалось","0.2009","0.2038","0.1965"
"e3909945","2025-10-28T01:45:00.775161+00:00","TRXUSDT","Ranging V5.0 (FB/PA)","False Breakout Resistance (0.2989)","short","None","None","35","65.0","REJECTED","Низкая уверенность AI: 35% < 65.0%","None","None","None"
"573f561e","2025-10-28T01:45:08.076894+00:00","LTCUSDT","Ranging V5.0 (FB/PA)","Bullish PA (Hammer/Engulf) at Support (100.8340)","long","None","None","75","65.0","REJECTED","Исполнение сделки не удалось","100.44","98.75","102.97"
"50f998ba","2025-10-28T01:45:09.828331+00:00","APTUSDT","Trending_AI_Filtered","Pullback to EMA20","short","None","None","None","None","REJECTED","Gemini отклонил сделку (уверенность 60% < порога 66.0%)","None","None","None"
"176e28a5","2025-10-28T01:45:10.301139+00:00","CHZUSDT","Pullback Engine","EMA20 retest, RSI=50.5, OFI=10.2, OBI=-0.12","short","None","None","None","None","REJECTED","AI BTC filter: AI Заблокировано: Несмотря на общий нисходящий тренд в течение дня, в данный момент наблюдается сильный бычий импульс от локального дна в районе 11400. Последняя свеча — мощная зеленая, что делает вход в шорт прямо сейчас крайне рискованным (торговля против импульса). Цена отскочила от нижней полосы Боллинджера и стремится к средней линии (синяя MA), которая может выступить сопротивлением. Однако, до подтверждения отбоя от сопротивления, открытие шорта преждевременно и имеет высокий риск быть немедленно ликвидированным. Рынок находится в фазе локального разворота/сильной коррекции. (conf: 25%)","None","None","None"
"13a40c65","2025-10-28T01:45:10.619604+00:00","FETUSDT","Trending_AI_Filtered","Pullback to EMA20","short","None","None","70","66.0","REJECTED","Исполнение сделки не удалось","0.2648","0.2687","0.259"
"f265fa6a","2025-10-28T01:45:20.841089+00:00","NEARUSDT","Pullback Engine","EMA20 retest, RSI=46.7, OFI=-23.5, OBI=-0.04","short","None","None","None","None","REJECTED","AI BTC filter: AI Заблокировано: БЛОКИРУЮ. Несмотря на предшествующий нисходящий тренд, на графике наблюдается сильный бычий импульс в данный момент. Цена пробила локальный диапазон консолидации вверх на растущем объеме, что является сильным сигналом против открытия коротких позиций. Вход в шорт прямо сейчас — это торговля против явной силы покупателей, что сопряжено с высоким риском сквиза. Рыночная фаза сменилась с медвежьей консолидации на бычий импульс, что делает условия для шорта крайне неблагоприятными. (conf: 15%)","None","None","None"
"fb8e6c8e","2025-10-28T02:00:01.005583+00:00","WIFUSDT","Ranging V5.0 (FB/PA)","False Breakout Support (0.5555)","long","None","None","60","65.0","REJECTED","Низкая уверенность AI: 60% < 65.0%","None","None","None"
"bdd7fc8a","2025-10-28T02:00:02.305527+00:00","DOGEUSDT","Trending_AI_Filtered","Pullback to EMA20","short","None","None","None","None","REJECTED","Gemini отклонил сделку (уверенность 60% < порога 66.0%)","None","None","None"
"faeb22d7","2025-10-28T02:00:06.768638+00:00","TRXUSDT","Ranging V5.0 (FB/PA)","False Breakout Support (0.2987)","long","None","None","65","65.0","REJECTED","Исполнение сделки не удалось","0.29891","0.2982","0.29998"
"32890a80","2025-10-28T02:00:07.259635+00:00","DOTUSDT","Pullback Engine","EMA20 retest, RSI=49.0, OFI=-18.5, OBI=-0.02","short","None","None","None","None","REJECTED","AI confidence 70% < 71.0%","None","None","None"
"f0f1860f","2025-10-28T02:00:10.067238+00:00","ONEUSDT","Trending_AI_Filtered","Pullback to EMA20","short","None","None","80","66.0","REJECTED","Исполнение сделки не удалось","0.00652","0.00665","0.00632"
"2c190ff1","2025-10-28T02:00:35.610987+00:00","APTUSDT","Trending_AI_Filtered","Pullback to EMA20","short","None","None","75","66.0","REJECTED","Исполнение сделки не удалось","3.45","3.4915","3.3878"
"35a7501c","2025-10-28T02:00:45.836810+00:00","NEARUSDT","Trending_AI_Filtered","Pullback to EMA20","short","None","None","65","64.0","REJECTED","Исполнение сделки не удалось","2.331","2.365","2.28"
"d3cddfb7","2025-10-28T02:01:33.912823+00:00","APEUSDT","Ranging V5.0 (FB/PA)","False Breakout Support (0.4389)","long","None","None","55","65.0","REJECTED","Низкая уверенность AI: 55% < 65.0%","None","None","None"
"edfa739f","2025-10-28T02:02:02.358181+00:00","ENJUSDT","Trending_AI_Filtered","Pullback to EMA20","short","None","None","None","None","REJECTED","Gemini отклонил сделку (уверенность 55% < порога 66.0%)","None","None","None"
"f78644f1","2025-10-28T02:02:30.056508+00:00","INJUSDT","Pullback Engine","EMA20 retest, RSI=48.1, OFI=-2.7, OBI=-0.22","short","None","None","None","None","REJECTED","Strong OFI against short: 36.2","None","None","None"
"1661b73e","2025-10-28T02:02:57.927683+00:00","TIAUSDT","Pullback Engine","EMA20 retest, RSI=46.2, OFI=-17.9, OBI=-0.32","short","None","None","None","None","REJECTED","Strong OFI against short: 51.2","None","None","None"
"9c8d2587","2025-10-28T02:03:03.549930+00:00","OPUSDT","Trending_AI_Filtered","Pullback to EMA20","short","None","None","None","None","REJECTED","Gemini отклонил сделку (уверенность 30% < порога 66.0%)","None","None","None"
"75094232","2025-10-28T02:03:29.271341+00:00","INJUSDT","Trending_AI_Filtered","Pullback to EMA20","short","None","None","None","None","REJECTED","Gemini отклонил сделку (уверенность 65% < порога 66.0%)","None","None","None"
"368aecd7","2025-10-28T02:03:30.355043+00:00","ATOMUSDT","Trending_AI_Filtered","Pullback to EMA20","short","None","None","None","None","REJECTED","Gemini отклонил сделку (уверенность 60% < порога 66.0%)","None","None","None"
"768dfb12","2025-10-28T02:03:31.275553+00:00","TIAUSDT","Trending_AI_Filtered","Pullback to EMA20","short","None","None","75","64.0","REJECTED","Исполнение сделки не удалось","1.0395","1.0556","0.9902"
"53ffeecf","2025-10-28T02:04:05.994538+00:00","FETUSDT","Trending_AI_Filtered","Pullback to EMA20","short","None","None","75","66.0","REJECTED","Исполнение сделки не удалось","0.2649","0.2688","0.2591"
"e07fea74","2025-10-28T02:04:21.363432+00:00","CHZUSDT","Pullback Engine","EMA20 retest, RSI=50.0, OFI=1.0, OBI=-0.12","short","None","None","None","None","REJECTED","AI BTC filter: AI Заблокировано: Несмотря на общий нисходящий тренд в течение дня, текущая рыночная фаза является контртрендовым бычьим откатом от локального минимума. Вход в шорт прямо сейчас — это вход против сильного локального импульса, что сопряжено с высоким риском продолжения отскока к более сильным уровням сопротивления в районе 11470-11500 (оранжевая MA). Общая структура медвежья, но точка входа крайне неблагоприятна и преждевременна. Рекомендуется дождаться ослабления покупателей и подтверждения разворота у зоны сопротивления. (conf: 35%)","None","None","None"
"de6a2376","2025-10-28T02:15:00.517269+00:00","LINKUSDT","Pullback Engine","EMA20 retest, RSI=46.0, OFI=-8.8, OBI=-0.18","short","None","None","None","None","REJECTED","AI BTC filter: AI Заблокировано: НЕТ, БЛОКИРУЮ. Несмотря на то, что общая структура рынка с 17:30 является нисходящей (подтверждено медвежьим пересечением скользящих средних), в данный момент активен сильный бычий контр-импульс. Цена отскочила от локального минимума (~11380) и уверенно движется вверх, пробивая краткосрочные сопротивления. Вход в SHORT прямо сейчас — это торговля против сильного локального движения, что является высокорискованной стратегией. Безопаснее дождаться, пока этот отскок покажет признаки слабости или будет отвергнут от более значимого уровня сопротивления (например, оранжевой скользящей средней в районе 11470). (conf: 20%)","None","None","None"
"de35f9eb","2025-10-28T02:15:00.842928+00:00","SUIUSDT","Trending_AI_Filtered","Pullback to EMA20","short","None","None","None","None","REJECTED","Gemini отклонил сделку (уверенность 25% < порога 64.0%)","None","None","None"
"f025cec2","2025-10-28T02:15:01.460164+00:00","TRXUSDT","Ranging V5.0 (FB/PA)","False Breakout Support (0.2987)","long","None","None","65","65.0","REJECTED","Исполнение сделки не удалось","0.29839","0.2983","0.2988"
"13d5ffd9","2025-10-28T02:15:02.552978+00:00","DOGEUSDT","Trending_AI_Filtered","Pullback to EMA20","short","None","None","None","None","REJECTED","Gemini отклонил сделку (уверенность 45% < порога 66.0%)","None","None","None"
"6d8f250d","2025-10-28T02:15:20.575347+00:00","LINKUSDT","Trending_AI_Filtered","Pullback to EMA20","short","None","None","None","None","REJECTED","Gemini отклонил сделку (уверенность 25% < порога 64.0%)","None","None","None"
"3e415e11","2025-10-28T02:15:45.781758+00:00","BNBUSDT","Trending_AI_Filtered","Pullback to EMA20","short","None","None","None","None","REJECTED","Gemini отклонил сделку (уверенность 60% < порога 64.0%)","None","None","None"
"45d6dced","2025-10-28T02:15:53.474484+00:00","WIFUSDT","Ranging V5.0 (FB/PA)","False Breakout Resistance (0.5555)","short","None","None","35","65.0","REJECTED","Низкая уверенность AI: 35% < 65.0%","None","None","None"
"97378530","2025-10-28T02:16:21.837944+00:00","APTUSDT","Trending_AI_Filtered","Pullback to EMA20","short","None","None","80","66.0","REJECTED","Исполнение сделки не удалось","3.4412","3.4804","3.3824"
"7de85064","2025-10-28T02:16:42.892403+00:00","AVAXUSDT","Trending_AI_Filtered","Pullback to EMA20","short","None","None","None","None","REJECTED","Gemini отклонил сделку (уверенность 55% < порога 64.0%)","None","None","None"
"55f5a480","2025-10-28T02:17:00.285441+00:00","ATOMUSDT","Trending_AI_Filtered","Pullback to EMA20","short","None","None","85","66.0","REJECTED","Исполнение сделки не удалось","3.166","3.201","3.113"
"ecf27b21","2025-10-28T02:17:05.744001+00:00","BTCUSDT","Trending_AI_Filtered","Pullback to EMA20","short","None","None","None","None","REJECTED","Gemini отклонил сделку (уверенность 45% < порога 64.0%)","None","None","None"
"46c8bfb7","2025-10-28T02:17:31.244602+00:00","ADAUSDT","Trending_AI_Filtered","Pullback to EMA20","short","None","None","75","66.0","REJECTED","Исполнение сделки не удалось","0.6677","0.6752","0.6565"
"86944cff","2025-10-28T02:17:53.284637+00:00","TIAUSDT","Trending_AI_Filtered","Pullback to EMA20","short","None","None","80","64.0","REJECTED","Исполнение сделки не удалось","1.0351","1.0499","0.9958"
"e8007faf","2025-10-28T02:18:21.399312+00:00","INJUSDT","Trending_AI_Filtered","Pullback to EMA20","short","None","None","75","66.0","REJECTED","Исполнение сделки не удалось","8.606","8.724","8.429"
"c3a3baa9","2025-10-28T02:18:43.526549+00:00","CRVUSDT","Trending_AI_Filtered","Pullback to EMA20","short","None","None","70","66.0","REJECTED","Исполнение сделки не удалось","0.558","0.568","0.543"
"65e7293c","2025-10-28T02:19:10.318682+00:00","FETUSDT","Trending_AI_Filtered","Pullback to EMA20","short","None","None","75","66.0","REJECTED","Исполнение сделки не удалось","0.2638","0.2674","0.2584"
"e4113e59","2025-10-28T02:19:37.810685+00:00","ALGOUSDT","Pullback Engine","EMA20 retest, RSI=50.8, OFI=-14.1, OBI=0.03","short","None","None","None","None","REJECTED","Низкий R:R (1.50 < 1.5) для отката.","None","None","None"
"50e7c8c1","2025-10-28T02:20:03.631319+00:00","ETHUSDT","Trending_AI_Filtered","Pullback to EMA20","short","None","None","75","66.0","REJECTED","Исполнение сделки не удалось","4123.93","4160.3","4058.0"
"37c9162a","2025-10-28T02:20:32.003735+00:00","OPUSDT","Trending_AI_Filtered","Pullback to EMA20","short","None","None","None","None","REJECTED","Gemini отклонил сделку (уверенность 45% < порога 66.0%)","None","None","None"
"c7ee0978","2025-10-28T02:21:00.425609+00:00","ARBUSDT","Trending_AI_Filtered","Pullback to EMA20","short","None","None","70","66.0","REJECTED","Исполнение сделки не удалось","0.3309","0.3356","0.3238"
"71ff12ad","2025-10-28T02:21:27.434721+00:00","CHZUSDT","Pullback Engine","EMA20 retest, RSI=46.7, OFI=-20.1, OBI=-0.23","short","None","None","None","None","REJECTED","Низкая ликвидность (скор: 2.0 < 3.0)","None","None","None"
"7e1d197b","2025-10-28T02:21:57.770225+00:00","ICPUSDT","Trending_AI_Filtered","Pullback to EMA20","short","None","None","None","None","REJECTED","Gemini отклонил сделку (уверенность 30% < порога 66.0%)","None","None","None"
"6ef6625f","2025-10-28T02:22:16.471749+00:00","DOTUSDT","Trending_AI_Filtered","Pullback to EMA20","short","None","None","None","None","REJECTED","Gemini отклонил сделку (уверенность 30% < порога 66.0%)","None","None","None"
"c7d59adc","2025-10-28T02:22:42.195716+00:00","ENJUSDT","Trending_AI_Filtered","Pullback to EMA20","short","None","None","85","66.0","REJECTED","Исполнение сделки не удалось","0.04362","0.04434","0.04254"
"2df05634","2025-10-28T02:22:57.297482+00:00","CHZUSDT","Trending_AI_Filtered","Pullback to EMA20","short","None","None","75","66.0","REJECTED","Исполнение сделки не удалось","0.03271","0.03312","0.0321"
"ed3b8259","2025-10-28T02:23:22.316447+00:00","ANKRUSDT","Trending_AI_Filtered","Pullback to EMA20","short","None","None","65","64.0","REJECTED","Исполнение сделки не удалось","0.01029","0.01034","0.01022"
"10705163","2025-10-28T02:30:03.896059+00:00","TRXUSDT","Ranging V5.0 (FB/PA)","False Breakout Resistance (0.2988)","short","None","None","45","65.0","REJECTED","Низкая уверенность AI: 45% < 65.0%","None","None","None"
"48040357","2025-10-28T02:30:07.423752+00:00","ENAUSDT","Ranging V5.0 (FB/PA)","Bullish PA (Hammer/Engulf) at Support (0.5031)","long","None","None","65","65.0","REJECTED","Исполнение сделки не удалось","0.5008","0.4951","0.5093"
"0bb5856d","2025-10-28T02:30:11.636299+00:00","ALGOUSDT","Trending_AI_Filtered","Pullback to EMA20","short","None","None","None","None","REJECTED","Gemini отклонил сделку (уверенность 45% < порога 66.0%)","None","None","None"
"b2ad99e8","2025-10-28T02:44:58.649589+00:00","WIFUSDT","Ranging V5.0 (FB/PA)","Bullish PA (Hammer/Engulf) at Support (0.5547)","long","None","None","55","65.0","REJECTED","Низкая уверенность AI: 55% < 65.0%","None","None","None"
"6383ee36","2025-10-28T02:45:02.830428+00:00","ADAUSDT","Trending_AI_Filtered","Pullback to EMA20","short","None","None","None","None","REJECTED","Gemini отклонил сделку (уверенность 55% < порога 66.0%)","None","None","None"
"56ca7ab7","2025-10-28T02:45:03.764712+00:00","AVAXUSDT","Trending_AI_Filtered","Pullback to EMA20","short","None","None","65","64.0","REJECTED","Исполнение сделки не удалось","20.333","20.583","19.783"
"8efaa129","2025-10-28T02:45:29.483641+00:00","APEUSDT","Ranging V5.0 (FB/PA)","False Breakout Resistance (0.4417)","short","None","None","45","65.0","REJECTED","Низкая уверенность AI: 45% < 65.0%","None","None","None"
"eea33057","2025-10-28T03:00:01.694177+00:00","CRVUSDT","Trending_AI_Filtered","Pullback to EMA20","short","None","None","None","None","REJECTED","Gemini отклонил сделку (уверенность 65% < порога 66.0%)","None","None","None"
"7e3a5a37","2025-10-28T03:00:12.951161+00:00","ALGOUSDT","Pullback Engine","EMA20 retest, RSI=48.3, OFI=-11.3, OBI=0.08","short","None","None","None","None","REJECTED","Низкий R:R (1.50 < 1.5) для отката.","None","None","None"
"3ca24c04","2025-10-28T03:00:13.732405+00:00","APEUSDT","Ranging V5.0 (FB/PA)","Bullish PA (Hammer/Engulf) at Support (0.4389)","long","None","None","45","65.0","REJECTED","Низкая уверенность AI: 45% < 65.0%","None","None","None"
"e253f99d","2025-10-28T03:00:41.845499+00:00","ALGOUSDT","Trending_AI_Filtered","Pullback to EMA20","short","None","None","None","None","REJECTED","Gemini отклонил сделку (уверенность 60% < порога 66.0%)","None","None","None"
"58f72988","2025-10-28T03:14:58.360544+00:00","SOLUSDT","Ranging V5.0 (FB/PA)","False Breakout Support (200.0066)","long","None","None","65","65.0","REJECTED","Исполнение сделки не удалось","199.86","198.54","201.84"
"ad7c0ac5","2025-10-28T03:15:02.957260+00:00","DOTUSDT","Trending_AI_Filtered","Pullback to EMA20","short","None","None","None","None","REJECTED","Gemini отклонил сделку (уверенность 65% < порога 66.0%)","None","None","None"
"c4bad939","2025-10-28T03:15:11.771258+00:00","XRPUSDT","Trending_AI_Filtered","Pullback to EMA20","short","None","None","65","64.0","REJECTED","Исполнение сделки не удалось","2.6205","2.6533","2.5713"
"a13a4a1f","2025-10-28T03:15:14.338497+00:00","XLMUSDT","Trending_AI_Filtered","Pullback to EMA20","short","None","None","80","64.0","REJECTED","Исполнение сделки не удалось","0.32106","0.32507","0.31504"
"ddab684d","2025-10-28T03:15:20.942353+00:00","ENJUSDT","Trending_AI_Filtered","Pullback to EMA20","short","None","None","85","66.0","REJECTED","Исполнение сделки не удалось","0.04332","0.04412","0.04212"
"dae50efe","2025-10-28T03:15:34.809558+00:00","AVAXUSDT","Trending_AI_Filtered","Pullback to EMA20","short","None","None","None","None","REJECTED","Gemini отклонил сделку (уверенность 40% < порога 66.0%)","None","None","None"
"e64bdc70","2025-10-28T03:16:05.300287+00:00","WIFUSDT","Ranging V5.0 (FB/PA)","False Breakout Support (0.5473)","long","None","None","65","65.0","REJECTED","Исполнение сделки не удалось","0.5452","0.5414","0.5509"
"37447a0f","2025-10-28T03:16:26.253941+00:00","OPUSDT","Trending_AI_Filtered","Pullback to EMA20","short","None","None","78","66.0","REJECTED","Исполнение сделки не удалось","0.4488","0.4559","0.4382"
"38bc6aaf","2025-10-28T03:16:57.206068+00:00","CRVUSDT","Trending_AI_Filtered","Pullback to EMA20","short","None","None","75","66.0","REJECTED","Исполнение сделки не удалось","0.554","0.565","0.537"
"fd00f81d","2025-10-28T03:17:13.318469+00:00","ALGOUSDT","Trending_AI_Filtered","Pullback to EMA20","short","None","None","70","66.0","REJECTED","Исполнение сделки не удалось","0.1856","0.1888","0.1808"
"7ec2572f","2025-10-28T03:17:25.037528+00:00","ANKRUSDT","Trending_AI_Filtered","Pullback to EMA20","short","None","None","None","None","REJECTED","Gemini отклонил сделку (уверенность 65% < порога 66.0%)","None","None","None"
"7235cede","2025-10-28T03:29:59.492554+00:00","LINKUSDT","Pullback Engine","EMA20 retest, RSI=47.9, OFI=-14.9, OBI=-0.00","short","None","None","None","None","REJECTED","Низкий R:R (1.50 < 1.5) для отката.","None","None","None"
"73b3d4f5","2025-10-28T03:29:59.660066+00:00","XRPUSDT","Trending_AI_Filtered","Pullback to EMA20","short","None","None","None","None","REJECTED","Gemini отклонил сделку (уверенность 45% < порога 64.0%)","None","None","None"
"e2e79212","2025-10-28T03:30:08.356804+00:00","SOLUSDT","Ranging V5.0 (FB/PA)","False Breakout Resistance (200.1048)","short","None","None","35","65.0","REJECTED","Низкая уверенность AI: 35% < 65.0%","None","None","None"
"5c9e08b8","2025-10-28T03:30:18.845301+00:00","LINKUSDT","Trending_AI_Filtered","Pullback to EMA20","short","None","None","80","66.0","REJECTED","Исполнение сделки не удалось","18.251","18.539","17.778"
"92fb886c","2025-10-28T03:44:58.202473+00:00","SOLUSDT","Ranging V5.0 (FB/PA)","False Breakout Support (200.1122)","long","None","None","65","65.0","REJECTED","Исполнение сделки не удалось","201.05","198.98","204.16"
"9260d0fa","2025-10-28T03:44:59.314334+00:00","LINKUSDT","Trending_AI_Filtered","Pullback to EMA20","short","None","None","85","66.0","REJECTED","Исполнение сделки не удалось","18.199","18.487","17.767"
"f304bb11","2025-10-28T03:45:04.185724+00:00","BCHUSDT","Ranging V5.0 (FB/PA)","False Breakout Support (556.6791)","long","None","None","75","65.0","REJECTED","Исполнение сделки не удалось","558.84","552.94","567.69"
"702b6385","2025-10-28T03:45:10.190285+00:00","XRPUSDT","Trending_AI_Filtered","Pullback to EMA20","short","None","None","None","None","REJECTED","Gemini отклонил сделку (уверенность 60% < порога 64.0%)","None","None","None"
"26df1a78","2025-10-28T03:45:17.868839+00:00","SUIUSDT","Trending_AI_Filtered","Pullback to EMA20","short","None","None","75","66.0","REJECTED","Исполнение сделки не удалось","2.6025","2.6465","2.5365"
"6c7223a5","2025-10-28T03:45:44.111834+00:00","WIFUSDT","Ranging V5.0 (FB/PA)","False Breakout Support (0.5477)","long","None","None","55","65.0","REJECTED","Низкая уверенность AI: 55% < 65.0%","None","None","None"
"ee5d5242","2025-10-28T03:45:48.325068+00:00","CRVUSDT","Trending_AI_Filtered","Pullback to EMA20","short","None","None","75","66.0","REJECTED","Исполнение сделки не удалось","0.557","0.568","0.54"
"0bd1530d","2025-10-28T03:46:04.644690+00:00","ALGOUSDT","Pullback Engine","EMA20 retest, RSI=47.6, OFI=-19.8, OBI=0.01","short","None","None","80","71.0","REJECTED","Исполнение не удалось (adaptive_execute_entry провалился)","0.1868039810042032","0.18931731633573085","0.18303397800691174"
"2e8113e8","2025-10-28T03:46:36.491320+00:00","APEUSDT","Ranging V5.0 (FB/PA)","False Breakout Support (0.4389)","long","None","None","45","65.0","REJECTED","Низкая уверенность AI: 45% < 65.0%","None","None","None"
"cbb2bfa2","2025-10-28T03:47:53.441449+00:00","ALGOUSDT","Trending_AI_Filtered","Pullback to EMA20","short","None","None","70","66.0","REJECTED","Исполнение сделки не удалось","0.1865","0.1898","0.1815"
"c5cabb9e","2025-10-28T04:00:02.958393+00:00","BNBUSDT","Pullback Engine","EMA20 retest, RSI=48.1, OFI=-76.9, OBI=-0.83","short","None","None","85","71.0","EXECUTED","None","1138.4121612694687","1148.4493788810482","1123.3563348520993"
"2631da7d","2025-10-28T04:00:07.568451+00:00","XLMUSDT","Pullback Engine","EMA20 retest, RSI=49.8, OFI=-17.2, OBI=-0.25","short","None","None","80","71.0","EXECUTED","None","0.32309661569753495","0.3262036594288357","0.3184360501005838"
"f49b8fa0","2025-10-28T04:00:10.585483+00:00","CRVUSDT","Trending_AI_Filtered","Pullback to EMA20","short","None","None","75","66.0","EXECUTED","None","0.556","0.567","0.539"
"e410f37d","2025-10-28T04:15:01.752542+00:00","BCHUSDT","Ranging V5.0 (FB/PA)","False Breakout Resistance (559.9438)","short","None","None","45","65.0","REJECTED","Низкая уверенность AI: 45% < 65.0%","None","None","None"
"59f16497","2025-10-28T04:15:21.416556+00:00","DOTUSDT","Pullback Engine","EMA20 retest, RSI=45.9, OFI=-20.9, OBI=-0.07","short","None","None","75","71.0","EXECUTED","None","3.138030041736048","3.1756544980987558","3.081593357191986"
"888e3205","2025-10-28T04:15:39.116058+00:00","WIFUSDT","Ranging V5.0 (FB/PA)","False Breakout Support (0.5480)","long","None","None","None","None","REJECTED","Лимит позиций (4/4)","None","None","None"
"a801636a","2025-10-28T04:15:43.609016+00:00","ENJUSDT","Pullback Engine","EMA20 retest, RSI=46.6, OFI=-20.6, OBI=-0.13","short","None","None","None","None","REJECTED","Достигнут лимит позиций (4/4)","None","None","None"
"c7df3101","2025-10-28T04:30:01.770341+00:00","TRXUSDT","Ranging V5.0 (FB/PA)","False Breakout Support (0.2986)","long","None","None","None","None","REJECTED","Лимит позиций (4/4)","None","None","None"
"baba23f0","2025-10-28T04:30:22.457173+00:00","LINKUSDT","Trending_AI_Filtered","Pullback to EMA20","short","None","None","None","None","REJECTED","Достигнут лимит позиций (4/4)","None","None","None"
"d86c4819","2025-10-28T04:30:23.124355+00:00","NEARUSDT","Trending_AI_Filtered","Pullback to EMA20","short","None","None","None","None","REJECTED","Достигнут лимит позиций (4/4)","None","None","None"
"8ba1896f","2025-10-28T04:30:43.778934+00:00","WIFUSDT","Ranging V5.0 (FB/PA)","False Breakout Support (0.5481)","long","None","None","None","None","REJECTED","Лимит позиций (4/4)","None","None","None"
"f089abaf","2025-10-28T04:30:43.820972+00:00","APEUSDT","Ranging V5.0 (FB/PA)","False Breakout Support (0.4388)","long","None","None","None","None","REJECTED","Лимит позиций (4/4)","None","None","None"
"c3073c26","2025-10-28T04:31:45.429090+00:00","APTUSDT","Trending_AI_Filtered","Pullback to EMA20","short","None","None","None","None","REJECTED","Достигнут лимит позиций (4/4)","None","None","None"
"60a7b79f","2025-10-28T04:32:06.533377+00:00","INJUSDT","Trending_AI_Filtered","Pullback to EMA20","short","None","None","None","None","REJECTED","Достигнут лимит позиций (4/4)","None","None","None"
"43d67efc","2025-10-28T04:32:28.726607+00:00","ENJUSDT","Pullback Engine","EMA20 retest, RSI=45.1, OFI=-72.5, OBI=-0.17","short","None","None","None","None","REJECTED","Достигнут лимит позиций (4/4)","None","None","None"
"98def5f1","2025-10-28T04:32:49.614888+00:00","ENJUSDT","Trending_AI_Filtered","Pullback to EMA20","short","None","None","None","None","REJECTED","Достигнут лимит позиций (4/4)","None","None","None"
"87fe5a3a","2025-10-28T04:32:50.080104+00:00","SEIUSDT","Trending_AI_Filtered","Pullback to EMA20","short","None","None","None","None","REJECTED","Достигнут лимит позиций (4/4)","None","None","None"
"bd028857","2025-10-28T04:33:31.887745+00:00","OPUSDT","Trending_AI_Filtered","Pullback to EMA20","short","None","None","None","None","REJECTED","Достигнут лимит позиций (4/4)","None","None","None"
"09bd313e","2025-10-28T04:33:54.928125+00:00","ICPUSDT","Trending_AI_Filtered","Pullback to EMA20","short","None","None","None","None","REJECTED","Достигнут лимит позиций (4/4)","None","None","None"
"e8dbcdfc","2025-10-28T04:33:55.092274+00:00","ONEUSDT","Trending_AI_Filtered","Pullback to EMA20","short","None","None","None","None","REJECTED","Достигнут лимит позиций (4/4)","None","None","None"
"ff88db1c","2025-10-28T04:45:00.833265+00:00","OPUSDT","Pullback Engine","EMA20 retest, RSI=47.8, OFI=-4.5, OBI=-0.11","short","None","None","None","None","REJECTED","Достигнут лимит позиций (4/4)","None","None","None"
"3d0fd2f0","2025-10-28T04:45:01.001299+00:00","TIAUSDT","Trending_AI_Filtered","Pullback to EMA20","short","None","None","None","None","REJECTED","Достигнут лимит позиций (4/4)","None","None","None"
"a7d2ce39","2025-10-28T04:45:21.776162+00:00","OPUSDT","Trending_AI_Filtered","Pullback to EMA20","short","None","None","None","None","REJECTED","Достигнут лимит позиций (4/4)","None","None","None"
"bab41679","2025-10-28T04:46:04.711363+00:00","BCHUSDT","Ranging V5.0 (FB/PA)","False Breakout Resistance (559.9862)","short","None","None","None","None","REJECTED","Лимит позиций (4/4)","None","None","None"
"c5bec4d9","2025-10-28T04:46:29.299032+00:00","SEIUSDT","Trending_AI_Filtered","Pullback to EMA20","short","None","None","None","None","REJECTED","Достигнут лимит позиций (4/4)","None","None","None"
"d51f943c","2025-10-28T04:46:51.089710+00:00","ENJUSDT","Trending_AI_Filtered","Pullback to EMA20","short","None","None","None","None","REJECTED","Достигнут лимит позиций (4/4)","None","None","None"
"35f7e3da","2025-10-28T04:47:12.360530+00:00","CHZUSDT","Pullback Engine","EMA20 retest, RSI=49.2, OFI=-13.4, OBI=-0.10","short","None","None","None","None","REJECTED","Достигнут лимит позиций (4/4)","None","None","None"
"42eba363","2025-10-28T04:59:58.031591+00:00","WIFUSDT","Ranging V5.0 (FB/PA)","False Breakout Support (0.5483)","long","None","None","None","None","REJECTED","Лимит позиций (4/4)","None","None","None"
"a8d1d25d","2025-10-28T05:00:19.593471+00:00","XRPUSDT","Trending_AI_Filtered","Pullback to EMA20","short","None","None","None","None","REJECTED","Достигнут лимит позиций (4/4)","None","None","None"
"a53fc84b","2025-10-28T05:00:19.730586+00:00","SUIUSDT","Pullback Engine","EMA20 retest, RSI=46.7, OFI=-79.3, OBI=-0.50","short","None","None","None","None","REJECTED","Достигнут лимит позиций (4/4)","None","None","None"
"274ed050","2025-10-28T05:00:19.831678+00:00","BTCUSDT","Trending_AI_Filtered","Pullback to EMA20","short","None","None","None","None","REJECTED","Достигнут лимит позиций (4/4)","None","None","None"
"3b37d1c5","2025-10-28T05:01:01.498041+00:00","SUIUSDT","Trending_AI_Filtered","Pullback to EMA20","short","None","None","None","None","REJECTED","Достигнут лимит позиций (4/4)","None","None","None"
"dcb512e5","2025-10-28T05:01:43.427211+00:00","LINKUSDT","Trending_AI_Filtered","Pullback to EMA20","short","None","None","None","None","REJECTED","Достигнут лимит позиций (4/4)","None","None","None"
"9d651035","2025-10-28T05:02:04.337976+00:00","ENAUSDT","Trending_AI_Filtered","Pullback to EMA20","short","None","None","None","None","REJECTED","Достигнут лимит позиций (4/4)","None","None","None"
"636d518d","2025-10-28T05:02:04.932880+00:00","ADAUSDT","Trending_AI_Filtered","Pullback to EMA20","short","None","None","None","None","REJECTED","Достигнут лимит позиций (4/4)","None","None","None"
"eb8cd7a5","2025-10-28T05:02:46.850953+00:00","DOGEUSDT","Pullback Engine","EMA20 retest, RSI=45.1, OFI=27.8, OBI=-0.22","short","None","None","None","None","REJECTED","Достигнут лимит позиций (4/4)","None","None","None"
"2ea44f17","2025-10-28T05:03:07.826176+00:00","DOGEUSDT","Trending_AI_Filtered","Pullback to EMA20","short","None","None","None","None","REJECTED","Достигнут лимит позиций (4/4)","None","None","None"
"108ae676","2025-10-28T05:03:32.256971+00:00","SEIUSDT","Pullback Engine","EMA20 retest, RSI=49.6, OFI=-14.7, OBI=0.13","short","None","None","None","None","REJECTED","Достигнут лимит позиций (4/4)","None","None","None"
"543b3519","2025-10-28T05:03:54.777295+00:00","ARBUSDT","Trending_AI_Filtered","Pullback to EMA20","short","None","None","None","None","REJECTED","Достигнут лимит позиций (4/4)","None","None","None"
"85833a57","2025-10-28T05:03:54.939645+00:00","ATOMUSDT","Pullback Engine","EMA20 retest, RSI=48.4, OFI=-12.4, OBI=0.03","short","None","None","None","None","REJECTED","Достигнут лимит позиций (4/4)","None","None","None"
"3951bd03","2025-10-28T05:15:01.241047+00:00","BCHUSDT","Ranging V5.0 (FB/PA)","Bearish PA (ShootingStar/Engulf) at Resistance (558.4033)","short","None","None","None","None","REJECTED","Лимит позиций (4/4)","None","None","None"
"9c8e4ae3","2025-10-28T05:15:41.923947+00:00","ADAUSDT","Trending_AI_Filtered","Pullback to EMA20","short","None","None","None","None","REJECTED","Достигнут лимит позиций (4/4)","None","None","None"
"84f9ebd0","2025-10-28T05:16:03.118958+00:00","DOGEUSDT","Trending_AI_Filtered","Pullback to EMA20","short","None","None","None","None","REJECTED","Достигнут лимит позиций (4/4)","None","None","None"
"3e649b59","2025-10-28T05:16:24.475412+00:00","LINKUSDT","Trending_AI_Filtered","Pullback to EMA20","short","None","None","None","None","REJECTED","Достигнут лимит позиций (4/4)","None","None","None"
"3518ff4e","2025-10-28T05:16:46.822325+00:00","SUIUSDT","Trending_AI_Filtered","Pullback to EMA20","short","None","None","None","None","REJECTED","Достигнут лимит позиций (4/4)","None","None","None"
"548331c9","2025-10-28T05:16:46.971014+00:00","INJUSDT","Pullback Engine","EMA20 retest, RSI=49.3, OFI=-4.2, OBI=-0.10","short","None","None","None","None","REJECTED","Достигнут лимит позиций (4/4)","None","None","None"
"86e4b948","2025-10-28T05:17:08.259744+00:00","ARBUSDT","Pullback Engine","EMA20 retest, RSI=48.0, OFI=-20.0, OBI=0.13","short","None","None","None","None","REJECTED","Достигнут лимит позиций (4/4)","None","None","None"
"3e7dd75f","2025-10-28T05:17:29.094552+00:00","IMXUSDT","Pullback Engine","EMA20 retest, RSI=46.1, OFI=-64.7, OBI=-0.11","short","None","None","None","None","REJECTED","Достигнут лимит позиций (4/4)","None","None","None"
"f8c1ba6e","2025-10-28T05:17:49.608588+00:00","SUSHIUSDT","Trending_AI_Filtered","Pullback to EMA20","short","None","None","None","None","REJECTED","Достигнут лимит позиций (4/4)","None","None","None"
"bcae3c5c","2025-10-28T05:18:10.624185+00:00","IMXUSDT","Trending_AI_Filtered","Pullback to EMA20","short","None","None","None","None","REJECTED","Достигнут лимит позиций (4/4)","None","None","None"
"fce37c26","2025-10-28T05:18:11.090578+00:00","ENAUSDT","Trending_AI_Filtered","Pullback to EMA20","short","None","None","None","None","REJECTED","Достигнут лимит позиций (4/4)","None","None","None"
"f979c1c3","2025-10-28T05:19:13.598276+00:00","ATOMUSDT","Pullback Engine","EMA20 retest, RSI=48.4, OFI=-22.3, OBI=-0.10","short","None","None","None","None","REJECTED","Достигнут лимит позиций (4/4)","None","None","None"
"a9a4794c","2025-10-28T05:19:14.152322+00:00","SEIUSDT","Pullback Engine","EMA20 retest, RSI=48.9, OFI=-18.1, OBI=0.09","short","None","None","None","None","REJECTED","Достигнут лимит позиций (4/4)","None","None","None"
"1d00af7a","2025-10-28T05:29:57.696866+00:00","BCHUSDT","Ranging V5.0 (FB/PA)","False Breakout Resistance (558.3204)","short","None","None","None","None","REJECTED","Лимит позиций (4/4)","None","None","None"
"5f40ce8e","2025-10-28T05:30:18.806892+00:00","BTCUSDT","Pullback Engine","EMA20 retest, RSI=45.4, OFI=-89.1, OBI=-0.91","short","None","None","None","None","REJECTED","Достигнут лимит позиций (4/4)","None","None","None"
"16ba4b64","2025-10-28T05:30:18.948011+00:00","OPUSDT","Pullback Engine","EMA20 retest, RSI=50.4, OFI=-18.1, OBI=-0.13","short","None","None","None","None","REJECTED","Достигнут лимит позиций (4/4)","None","None","None"
"2b6ed0a8","2025-10-28T05:30:19.018083+00:00","SUIUSDT","Pullback Engine","EMA20 retest, RSI=48.4, OFI=-35.1, OBI=-0.28","short","None","None","None","None","REJECTED","Достигнут лимит позиций (4/4)","None","None","None"
"195c7677","2025-10-28T05:31:21.357942+00:00","SUIUSDT","Trending_AI_Filtered","Pullback to EMA20","short","None","None","None","None","REJECTED","Достигнут лимит позиций (4/4)","None","None","None"
"f65111f6","2025-10-28T05:31:21.857323+00:00","DOGEUSDT","Pullback Engine","EMA20 retest, RSI=46.7, OFI=-58.9, OBI=-0.61","short","None","None","None","None","REJECTED","Достигнут лимит позиций (4/4)","None","None","None"
"ec2449e3","2025-10-28T05:32:03.138835+00:00","LINKUSDT","Trending_AI_Filtered","Pullback to EMA20","short","None","None","None","None","REJECTED","Достигнут лимит позиций (4/4)","None","None","None"
"be7ae2e1","2025-10-28T05:32:03.323011+00:00","DOGEUSDT","Trending_AI_Filtered","Pullback to EMA20","short","None","None","None","None","REJECTED","Достигнут лимит позиций (4/4)","None","None","None"
"2a540afd","2025-10-28T05:32:24.635918+00:00","AVAXUSDT","Trending_AI_Filtered","Pullback to EMA20","short","None","None","None","None","REJECTED","Достигнут лимит позиций (4/4)","None","None","None"
"af3fe81f","2025-10-28T05:32:45.055684+00:00","ADAUSDT","Pullback Engine","EMA20 retest, RSI=48.7, OFI=-21.6, OBI=-0.17","short","None","None","None","None","REJECTED","Достигнут лимит позиций (4/4)","None","None","None"
"71b12387","2025-10-28T05:33:27.816942+00:00","APTUSDT","Pullback Engine","EMA20 retest, RSI=47.0, OFI=-40.3, OBI=0.73","short","None","None","None","None","REJECTED","Достигнут лимит позиций (4/4)","None","None","None"
"00a2b711","2025-10-28T05:33:49.494421+00:00","APTUSDT","Trending_AI_Filtered","Pullback to EMA20","short","None","None","None","None","REJECTED","Достигнут лимит позиций (4/4)","None","None","None"
"7ef6b054","2025-10-28T05:33:50.047550+00:00","ATOMUSDT","Pullback Engine","EMA20 retest, RSI=48.4, OFI=-15.2, OBI=-0.09","short","None","None","None","None","REJECTED","Достигнут лимит позиций (4/4)","None","None","None"
"78479836","2025-10-28T05:34:31.940844+00:00","IMXUSDT","Trending_AI_Filtered","Pullback to EMA20","short","None","None","None","None","REJECTED","Достигнут лимит позиций (4/4)","None","None","None"
"89c69058","2025-10-28T05:34:32.427408+00:00","NEARUSDT","Pullback Engine","EMA20 retest, RSI=49.1, OFI=-13.9, OBI=0.05","short","None","None","None","None","REJECTED","Достигнут лимит позиций (4/4)","None","None","None"
"c9f49335","2025-10-28T05:35:15.366180+00:00","ENJUSDT","Pullback Engine","EMA20 retest, RSI=50.8, OFI=-58.4, OBI=-0.16","short","None","None","None","None","REJECTED","Достигнут лимит позиций (4/4)","None","None","None"
"f49c89a2","2025-10-28T05:35:36.626577+00:00","INJUSDT","Trending_AI_Filtered","Pullback to EMA20","short","None","None","None","None","REJECTED","Достигнут лимит позиций (4/4)","None","None","None"
"21a01569","2025-10-28T05:35:36.761722+00:00","ARBUSDT","Pullback Engine","EMA20 retest, RSI=47.5, OFI=-27.1, OBI=-0.15","short","None","None","None","None","REJECTED","Достигнут лимит позиций (4/4)","None","None","None"
"d3cd74d4","2025-10-28T05:36:19.195313+00:00","ARBUSDT","Trending_AI_Filtered","Pullback to EMA20","short","None","None","None","None","REJECTED","Достигнут лимит позиций (4/4)","None","None","None"
"e998e283","2025-10-28T05:44:58.775605+00:00","DOGEUSDT","Trending_AI_Filtered","Pullback to EMA20","short","None","None","None","None","REJECTED","Достигнут лимит позиций (4/4)","None","None","None"
"079d4585","2025-10-28T05:45:22.919522+00:00","SOLUSDT","Ranging V5.0 (FB/PA)","False Breakout Support (200.1879)","long","None","None","None","None","REJECTED","Лимит позиций (4/4)","None","None","None"
ne"
"0cad5723","2025-10-28T05:46:04.374410+00:00","SUIUSDT","Trending_AI_Filtered","Pullback to EMA20","short","None","None","None","None","REJECTED","Достигнут лимит позиций (4/4)","None","None","None"
"a7ba2053","2025-10-28T05:46:25.162893+00:00","AVAXUSDT","Trending_AI_Filtered","Pullback to EMA20","short","None","None","None","None","REJECTED","Достигнут лимит позиций (4/4)","None","None","None"
"06c5d048","2025-10-28T05:46:25.321703+00:00","INJUSDT","Trending_AI_Filtered","Pullback to EMA20","short","None","None","None","None","REJECTED","Достигнут лимит позиций (4/4)","None","None","None"
"b6bf0c2e","2025-10-28T05:46:46.298272+00:00","OPUSDT","Trending_AI_Filtered","Pullback to EMA20","short","None","None","None","None","REJECTED","Достигнут лимит позиций (4/4)","None","None","None"
"7f46334e","2025-10-28T05:46:46.441180+00:00","WIFUSDT","Ranging V5.0 (FB/PA)","False Breakout Support (0.5482)","long","None","None","None","None","REJECTED","Лимит позиций (4/4)","None","None","None"
"c7d7f11c","2025-10-28T05:47:48.671072+00:00","ARBUSDT","Trending_AI_Filtered","Pullback to EMA20","short","None","None","None","None","REJECTED","Достигнут лимит позиций (4/4)","None","None","None"
"32535244","2025-10-28T05:48:09.751008+00:00","FETUSDT","Trending_AI_Filtered","Pullback to EMA20","short","None","None","None","None","REJECTED","Достигнут лимит позиций (4/4)","None","None","None"
"444a242a","2025-10-28T05:48:10.057702+00:00","XRPUSDT","Trending_AI_Filtered","Pullback to EMA20","short","None","None","None","None","REJECTED","Достигнут лимит позиций (4/4)","None","None","None"
"5dc6aa12","2025-10-28T05:48:51.396049+00:00","ICPUSDT","Pullback Engine","EMA20 retest, RSI=48.0, OFI=-20.6, OBI=0.03","short","None","None","None","None","REJECTED","Достигнут лимит позиций (4/4)","None","None","None"
"1782aaa2","2025-10-28T05:48:52.365837+00:00","ENJUSDT","Trending_AI_Filtered","Pullback to EMA20","short","None","None","None","None","REJECTED","Достигнут лимит позиций (4/4)","None","None","None"
"a150dea1","2025-10-28T05:49:12.707411+00:00","ICPUSDT","Trending_AI_Filtered","Pullback to EMA20","short","None","None","None","None","REJECTED","Достигнут лимит позиций (4/4)","None","None","None"
"e7f5eb24","2025-10-28T05:49:55.436306+00:00","CHZUSDT","Trending_AI_Filtered","Pullback to EMA20","short","None","None","None","None","REJECTED","Достигнут лимит позиций (4/4)","None","None","None"
"c747ca51","2025-10-28T05:49:56.021520+00:00","NEARUSDT","Trending_AI_Filtered","Pullback to EMA20","short","None","None","None","None","REJECTED","Достигнут лимит позиций (4/4)","None","None","None"
"addb6f6b","2025-10-28T05:50:16.935154+00:00","FILUSDT","Trending_AI_Filtered","Pullback to EMA20","short","None","None","None","None","REJECTED","Достигнут лимит позиций (4/4)","None","None","None"
"34844b0d","2025-10-28T05:50:37.762874+00:00","ATOMUSDT","Trending_AI_Filtered","Pullback to EMA20","short","None","None","None","None","REJECTED","Достигнут лимит позиций (4/4)","None","None","None"
"0c1f87d9","2025-10-28T05:50:58.156027+00:00","SEIUSDT","Trending_AI_Filtered","Pullback to EMA20","short","None","None","None","None","REJECTED","Достигнут лимит позиций (4/4)","None","None","None"
"10b757e8","2025-10-28T05:51:19.378330+00:00","ONEUSDT","Trending_AI_Filtered","Pullback to EMA20","short","None","None","None","None","REJECTED","Достигнут лимит позиций (4/4)","None","None","None"
"b59e6e39","2025-10-28T05:59:57.335929+00:00","SOLUSDT","Ranging V5.0 (FB/PA)","False Breakout Resistance (200.1641)","short","None","None","None","None","REJECTED","Лимит позиций (4/4)","None","None","None"
"6b78c181","2025-10-28T06:15:02.361252+00:00","APEUSDT","Ranging V5.0 (FB/PA)","False Breakout Resistance (0.4446)","short","None","None","45","65.0","REJECTED","Низкая уверенность AI: 45% < 65.0%","None","None","None"
"cb5cf55e","2025-10-28T06:30:05.538032+00:00","LTCUSDT","Ranging V5.0 (FB/PA)","False Breakout Support (99.7167)","long","None","None","65","65.0","EXECUTED","None","99.93","99.06","101.24"
"57510faa","2025-10-28T09:31:52.314693+00:00","ENJUSDT","Ranging V5.0 (FB/PA)","False Breakout Resistance (0.0438)","short","None","None","45","65.0","REJECTED","Низкая уверенность AI: 45% < 65.0%","None","None","None"
"02ac25ab","2025-10-28T09:32:07.883165+00:00","SOLUSDT","Ranging V5.0 (FB/PA)","False Breakout Resistance (202.3960)","short","None","None","45","65.0","REJECTED","Низкая уверенность AI: 45% < 65.0%","None","None","None"
"d4ecb5d3","2025-10-28T09:32:08.223474+00:00","AVAXUSDT","Ranging V5.0 (FB/PA)","False Breakout Resistance (20.3392)","short","None","None","45","65.0","REJECTED","Низкая уверенность AI: 45% < 65.0%","None","None","None"
"94e231b2","2025-10-28T09:32:08.402638+00:00","NEARUSDT","Ranging V5.0 (FB/PA)","False Breakout Resistance (2.3340)","short","None","None","45","65.0","REJECTED","Низкая уверенность AI: 45% < 65.0%","None","None","None"
"b29f2415","2025-10-28T09:32:08.844127+00:00","IMXUSDT","Ranging V5.0 (FB/PA)","False Breakout Resistance (0.5293)","short","None","None","45","65.0","REJECTED","Низкая уверенность AI: 45% < 65.0%","None","None","None"
"4eb3cd1f","2025-10-28T09:32:09.371547+00:00","BCHUSDT","Ranging V5.0 (FB/PA)","Bullish PA (Hammer/Engulf) at Support (557.2342)","long","None","None","65","65.0","REJECTED","Отклонено фильтром качества: Низкий объем для режима 'Флэт' (66 < 60% от avg 5681).","None","None","None"
"eb4793f2","2025-10-28T09:32:09.625021+00:00","OPUSDT","Ranging V5.0 (FB/PA)","False Breakout Resistance (0.4544)","short","None","None","45","65.0","REJECTED","Низкая уверенность AI: 45% < 65.0%","None","None","None"
"2488ef4e","2025-10-28T09:32:09.798387+00:00","INJUSDT","Ranging V5.0 (FB/PA)","False Breakout Resistance (8.6202)","short","None","None","45","65.0","REJECTED","Низкая уверенность AI: 45% < 65.0%","None","None","None"
"63bbb722","2025-10-28T09:32:09.884465+00:00","SEIUSDT","Ranging V5.0 (FB/PA)","False Breakout Resistance (0.2008)","short","None","None","45","65.0","REJECTED","Низкая уверенность AI: 45% < 65.0%","None","None","None"
"ff932999","2025-10-28T09:32:10.389964+00:00","ENAUSDT","Trending_AI_Filtered","Pullback to EMA20","short","None","None","None","None","REJECTED","BTC state=UP, p_up=0.80","None","None","None"
"0d0ad87b","2025-10-28T09:32:13.193273+00:00","INJUSDT","Pullback Engine","EMA20 retest, RSI=50.2, OFI=14.2, OBI=-0.15","short","None","None","None","None","REJECTED","Глобальный фильтр: BTC state=UP, p_up=0.92","None","None","None"
"d67b45e5","2025-10-28T09:32:13.237355+00:00","APTUSDT","Pullback Engine","EMA20 retest, RSI=49.9, OFI=97.2, OBI=0.76","long","None","None","None","None","REJECTED","Strong OFI against long: -46.3","None","None","None"
"52471d65","2025-10-28T09:32:13.243351+00:00","SOLUSDT","Pullback Engine","EMA20 retest, RSI=51.2, OFI=17.5, OBI=-0.04","long","None","None","None","None","REJECTED","AI BTC filter: AI Заблокировано: Рынок BTC демонстрирует признаки локального разворота вверх после нисходящего тренда. Цена пробила краткосрочную структуру и закрепилась выше быстрой скользящей средней (синяя линия), которая теперь выступает поддержкой. Разворот у локального дна (~11350) был подтвержден всплеском покупательского объема. Однако цена столкнулась с сопротивлением у более медленной скользящей средней (оранжевая линия) и не смогла его уверенно пробить. Текущая фаза является переходной — между явным даунтрендом и еще не подтвержденным аптрендом. Это зона умеренной неопределенности, а не сильный бычий импульс. Открытие LONG позиций возможно, но сопряжено с риском, так как сильного подтверждения для роста пока нет. (conf: 60%)","None","None","None"
"782a4dda","2025-10-28T09:44:59.535524+00:00","SOLUSDT","Ranging V5.0 (FB/PA)","False Breakout Resistance (202.3748)","short","None","None","45","65.0","REJECTED","Низкая уверенность AI: 45% < 65.0%","None","None","None"
"b7a15759","2025-10-28T09:44:59.866727+00:00","ADAUSDT","Ranging V5.0 (FB/PA)","Bullish PA (Hammer/Engulf) at Support (0.6636)","long","None","None","65","65.0","EXECUTED","None","0.6644","0.6592","0.6721"
"db990517","2025-10-28T09:45:01.009619+00:00","LTCUSDT","Trending_AI_Filtered","Pullback to EMA20","long","None","None","75","64.0","EXECUTED","None","101.54","97.99","107.09"
"6bc906d9","2025-10-28T09:45:01.685872+00:00","AVAXUSDT","Ranging V5.0 (FB/PA)","False Breakout Support (20.2596)","long","None","None","55","65.0","REJECTED","Низкая уверенность AI: 55% < 65.0%","None","None","None"
"8d463401","2025-10-28T09:45:11.359617+00:00","ALGOUSDT","Trending_AI_Filtered","Pullback to EMA20","long","None","None","80","66.0","EXECUTED","None","0.1928","0.1873","0.201"
"3341fcd0","2025-10-28T09:45:21.735284+00:00","LINKUSDT","Trending_AI_Filtered","Pullback to EMA20","long","None","None","65","64.0","EXECUTED","None","18.397","18.112","18.825"
"6b65d799","2025-10-28T09:46:07.685628+00:00","ENJUSDT","Ranging V5.0 (FB/PA)","False Breakout Resistance (0.0438)","short","None","None","None","None","REJECTED","Лимит позиций (4/4)","None","None","None"
"381a614b","2025-10-28T09:47:02.057834+00:00","NEARUSDT","Ranging V5.0 (FB/PA)","False Breakout Resistance (2.3339)","short","None","None","None","None","REJECTED","Лимит позиций (4/4)","None","None","None"
"61023ec9","2025-10-28T09:48:29.317728+00:00","IMXUSDT","Ranging V5.0 (FB/PA)","False Breakout Resistance (0.5293)","short","None","None","None","None","REJECTED","Лимит позиций (4/4)","None","None","None"
"b2f18ead","2025-10-28T09:59:59.651149+00:00","FILUSDT","Ranging V5.0 (FB/PA)","False Breakout Support (1.6264)","long","None","None","65","65.0","REJECTED","Отклонено фильтром качества: Низкий объем для режима 'Флэт' (210151 < 60% от avg 591270).","None","None","None"
"3f0824b7","2025-10-28T10:00:15.038298+00:00","WIFUSDT","Ranging V5.0 (FB/PA)","False Breakout Support (0.5488)","long","None","None","55","65.0","REJECTED","Низкая уверенность AI: 55% < 65.0%","None","None","None"
"0b0d0cad","2025-10-28T10:00:17.034421+00:00","ADAUSDT","Ranging V5.0 (FB/PA)","False Breakout Support (0.6636)","long","None","None","65","65.0","REJECTED","Отклонено фильтром качества: Низкий объем для режима 'Флэт' (1855110 < 60% от avg 5533529).","None","None","None"
"51cdf352","2025-10-28T10:00:17.132322+00:00","AVAXUSDT","Ranging V5.0 (FB/PA)","False Breakout Support (20.2614)","long","None","None","55","65.0","REJECTED","Низкая уверенность AI: 55% < 65.0%","None","None","None"
"1c0870ea","2025-10-28T10:00:36.382463+00:00","TIAUSDT","Ranging V5.0 (FB/PA)","False Breakout Support (1.0434)","long","None","None","45","65.0","REJECTED","Низкая уверенность AI: 45% < 65.0%","None","None","None"
"65476b7c","2025-10-28T10:00:55.832555+00:00","ENAUSDT","Pullback Engine","EMA20 retest, RSI=46.0, OFI=-3.3, OBI=-0.14","short","None","None","None","None","REJECTED","Глобальный фильтр: BTC state=UP, p_up=1.00","None","None","None"
"820e7176","2025-10-28T10:01:14.845093+00:00","ARBUSDT","Ranging V5.0 (FB/PA)","False Breakout Support (0.3290)","long","None","None","65","65.0","REJECTED","Отклонено фильтром качества: Низкий объем для режима 'Флэт' (1104834 < 60% от avg 2994815).","None","None","None"
"f1a75b4f","2025-10-28T10:01:35.135800+00:00","OPUSDT","Ranging V5.0 (FB/PA)","False Breakout Support (0.4539)","long","None","None","55","65.0","REJECTED","Низкая уверенность AI: 55% < 65.0%","None","None","None"
"4f7ab359","2025-10-28T10:01:39.732322+00:00","NEARUSDT","Ranging V5.0 (FB/PA)","False Breakout Support (2.3268)","long","None","None","55","65.0","REJECTED","Низкая уверенность AI: 55% < 65.0%","None","None","None"
"7a73c0a3","2025-10-28T10:01:55.370151+00:00","ENAUSDT","Trending_AI_Filtered","Pullback to EMA20","short","None","None","None","None","REJECTED","BTC state=UP, p_up=1.00","None","None","None"
"80c62b84","2025-10-28T10:02:16.155907+00:00","SUSHIUSDT","Ranging V5.0 (FB/PA)","False Breakout Support (0.5361)","long","None","None","65","65.0","REJECTED","Отклонено фильтром качества: Низкий объем для режима 'Флэт' (44093 < 60% от avg 281654).","None","None","None"
"40499540","2025-10-28T10:02:37.034637+00:00","BCHUSDT","Ranging V5.0 (FB/PA)","Bearish PA (ShootingStar/Engulf) at Resistance (557.2607)","short","None","None","45","65.0","REJECTED","Низкая уверенность AI: 45% < 65.0%","None","None","None"
"3bec892f","2025-10-28T10:02:42.564259+00:00","ENJUSDT","Ranging V5.0 (FB/PA)","False Breakout Support (0.0437)","long","None","None","45","65.0","REJECTED","Низкая уверенность AI: 45% < 65.0%","None","None","None"
"3b027a0d","2025-10-28T10:02:59.341000+00:00","ANKRUSDT","Ranging V5.0 (FB/PA)","False Breakout Support (0.0102)","long","None","None","55","65.0","REJECTED","Низкая уверенность AI: 55% < 65.0%","None","None","None"
"c3190da7","2025-10-28T10:03:17.786801+00:00","ONEUSDT","Ranging V5.0 (FB/PA)","False Breakout Support (0.0064)","long","None","None","55","65.0","REJECTED","Низкая уверенность AI: 55% < 65.0%","None","None","None"
"15e2b19a","2025-10-28T10:14:59.319909+00:00","SOLUSDT","Ranging V5.0 (FB/PA)","False Breakout Resistance (202.0363)","short","None","None","40","65.0","REJECTED","Низкая уверенность AI: 40% < 65.0%","None","None","None"
"47e2bd8c","2025-10-28T10:15:14.466222+00:00","ADAUSDT","Ranging V5.0 (FB/PA)","False Breakout Resistance (0.6656)","short","None","None","55","65.0","REJECTED","Низкая уверенность AI: 55% < 65.0%","None","None","None"
"362b32b3","2025-10-28T10:15:14.500253+00:00","WIFUSDT","Ranging V5.0 (FB/PA)","False Breakout Support (0.5488)","long","None","None","55","65.0","REJECTED","Низкая уверенность AI: 55% < 65.0%","None","None","None"
"27d97d6a","2025-10-28T10:15:17.568165+00:00","HBARUSDT","Trending_AI_Filtered","Pullback to EMA20","long","None","None","75","66.0","EXECUTED","None","0.20773","0.19936","0.223"
"c3c34d57","2025-10-28T10:15:36.923906+00:00","AVAXUSDT","Ranging V5.0 (FB/PA)","False Breakout Resistance (20.3282)","short","None","None","None","None","REJECTED","Лимит позиций (4/4)","None","None","None"
"753ad0d4","2025-10-28T10:15:54.977899+00:00","IMXUSDT","Ranging V5.0 (FB/PA)","Bearish PA (ShootingStar/Engulf) at Resistance (0.5287)","short","None","None","None","None","REJECTED","Лимит позиций (4/4)","None","None","None"
"2ccd62eb","2025-10-28T10:15:59.499656+00:00","TIAUSDT","Ranging V5.0 (FB/PA)","False Breakout Support (1.0427)","long","None","None","None","None","REJECTED","Лимит позиций (4/4)","None","None","None"
"58d5cfe4","2025-10-28T10:18:05.289925+00:00","ARBUSDT","Ranging V5.0 (FB/PA)","False Breakout Support (0.3290)","long","None","None","None","None","REJECTED","Лимит позиций (4/4)","None","None","None"
"3689d648","2025-10-28T10:18:25.484096+00:00","CRVUSDT","Ranging V5.0 (FB/PA)","False Breakout Support (0.5590)","long","None","None","None","None","REJECTED","Лимит позиций (4/4)","None","None","None"
"ed74cc35","2025-10-28T10:18:45.596336+00:00","NEARUSDT","Ranging V5.0 (FB/PA)","False Breakout Support (2.3267)","long","None","None","None","None","REJECTED","Лимит позиций (4/4)","None","None","None"
"d34ff7f6","2025-10-28T10:19:05.767874+00:00","BCHUSDT","Ranging V5.0 (FB/PA)","Bullish PA (Hammer/Engulf) at Support (557.1054)","long","None","None","None","None","REJECTED","Лимит позиций (4/4)","None","None","None"
"67087494","2025-10-28T10:19:25.860259+00:00","APEUSDT","Ranging V5.0 (FB/PA)","False Breakout Support (0.4441)","long","None","None","None","None","REJECTED","Лимит позиций (4/4)","None","None","None"
"7ab12bbb","2025-10-28T10:19:46.104778+00:00","CHZUSDT","Ranging V5.0 (FB/PA)","False Breakout Resistance (0.0327)","short","None","None","None","None","REJECTED","Лимит позиций (4/4)","None","None","None"
"e71e08e1","2025-10-28T10:29:59.324140+00:00","AVAXUSDT","Ranging V5.0 (FB/PA)","False Breakout Support (20.2629)","long","None","None","None","None","REJECTED","Лимит позиций (4/4)","None","None","None"
"6c225981","2025-10-28T10:30:39.544185+00:00","CRVUSDT","Ranging V5.0 (FB/PA)","False Breakout Support (0.5590)","long","None","None","None","None","REJECTED","Лимит позиций (4/4)","None","None","None"
","None","None"
"5f056f8b","2025-10-28T10:30:59.699081+00:00","ADAUSDT","Ranging V5.0 (FB/PA)","False Breakout Support (0.6637)","long","None","None","None","None","REJECTED","Лимит позиций (4/4)","None","None","None"
"b049e5a3","2025-10-28T10:31:19.837657+00:00","SOLUSDT","Ranging V5.0 (FB/PA)","False Breakout Support (200.8945)","long","None","None","None","None","REJECTED","Лимит позиций (4/4)","None","None","None"
"71280ec8","2025-10-28T10:31:39.970796+00:00","ETHUSDT","Ranging V5.0 (FB/PA)","False Breakout Resistance (4115.5844)","short","None","None","None","None","REJECTED","Лимит позиций (4/4)","None","None","None"
"a10fb385","2025-10-28T10:32:00.092561+00:00","OPUSDT","Ranging V5.0 (FB/PA)","False Breakout Support (0.4536)","long","None","None","None","None","REJECTED","Лимит позиций (4/4)","None","None","None"
"c03fb4e8","2025-10-28T10:32:20.797350+00:00","APEUSDT","Ranging V5.0 (FB/PA)","False Breakout Resistance (0.4443)","short","None","None","None","None","REJECTED","Лимит позиций (4/4)","None","None","None"
"ae1135ee","2025-10-28T10:32:40.912751+00:00","IMXUSDT","Ranging V5.0 (FB/PA)","False Breakout Resistance (0.5283)","short","None","None","None","None","REJECTED","Лимит позиций (4/4)","None","None","None"
"cd3761b4","2025-10-28T10:33:00.980289+00:00","SUSHIUSDT","Ranging V5.0 (FB/PA)","False Breakout Support (0.5361)","long","None","None","None","None","REJECTED","Лимит позиций (4/4)","None","None","None"
"093590a9","2025-10-28T10:33:21.193278+00:00","ONEUSDT","Ranging V5.0 (FB/PA)","False Breakout Support (0.0064)","long","None","None","None","None","REJECTED","Лимит позиций (4/4)","None","None","None"
"0e1510f9","2025-10-28T10:33:41.359796+00:00","SEIUSDT","Ranging V5.0 (FB/PA)","False Breakout Resistance (0.2015)","short","None","None","None","None","REJECTED","Лимит позиций (4/4)","None","None","None"
"3426b620","2025-10-28T10:44:59.299602+00:00","SOLUSDT","Ranging V5.0 (FB/PA)","False Breakout Support (200.8684)","long","None","None","None","None","REJECTED","Лимит позиций (4/4)","None","None","None"
"bf2d0e75","2025-10-28T10:45:19.373751+00:00","AVAXUSDT","Ranging V5.0 (FB/PA)","False Breakout Support (20.2612)","long","None","None","None","None","REJECTED","Лимит позиций (4/4)","None","None","None"
"82f23187","2025-10-28T10:45:59.654563+00:00","OPUSDT","Ranging V5.0 (FB/PA)","False Breakout Support (0.4544)","long","None","None","None","None","REJECTED","Лимит позиций (4/4)","None","None","None"
"
"9797f5c4","2025-10-28T10:46:40.052157+00:00","DOTUSDT","Ranging V5.0 (FB/PA)","False Breakout Support (3.1356)","long","None","None","None","None","REJECTED","Лимит позиций (4/4)","None","None","None"
"a85fe8fa","2025-10-28T10:47:00.174533+00:00","INJUSDT","Ranging V5.0 (FB/PA)","Bearish PA (ShootingStar/Engulf) at Resistance (8.6112)","short","None","None","None","None","REJECTED","Лимит позиций (4/4)","None","None","None"
"d795a5ed","2025-10-28T10:47:20.231158+00:00","SUSHIUSDT","Ranging V5.0 (FB/PA)","False Breakout Support (0.5361)","long","None","None","None","None","REJECTED","Лимит позиций (4/4)","None","None","None"
"d8d0215f","2025-10-28T10:48:00.600642+00:00","TRXUSDT","Ranging V5.0 (FB/PA)","Bearish PA (ShootingStar/Engulf) at Resistance (0.2978)","short","None","None","None","None","REJECTED","Лимит позиций (4/4)","None","None","None"
"77be46d3","2025-10-28T10:48:41.038289+00:00","ATOMUSDT","Ranging V5.0 (FB/PA)","False Breakout Support (3.1727)","long","None","None","None","None","REJECTED","Лимит позиций (4/4)","None","None","None"
"08ec6cff","2025-10-28T10:49:21.214707+00:00","ONEUSDT","Ranging V5.0 (FB/PA)","False Breakout Support (0.0064)","long","None","None","None","None","REJECTED","Лимит позиций (4/4)","None","None","None"

"4bdde093","2025-10-28T10:50:01.690890+00:00","ANKRUSDT","Ranging V5.0 (FB/PA)","False Breakout Support (0.0102)","long","None","None","None","None","REJECTED","Лимит позиций (4/4)","None","None","None"
"aed59249","2025-10-28T11:00:19.378741+00:00","ETHUSDT","Ranging V5.0 (FB/PA)","False Breakout Resistance (4112.6019)","short","None","None","None","None","REJECTED","Лимит позиций (4/4)","None","None","None"
"80121613","2025-10-28T11:00:59.898070+00:00","SUIUSDT","Ranging V5.0 (FB/PA)","False Breakout Resistance (2.6228)","short","None","None","None","None","REJECTED","Лимит позиций (4/4)","None","None","None"

"85c19cf9","2025-10-28T11:01:20.272258+00:00","TRXUSDT","Ranging V5.0 (FB/PA)","False Breakout Resistance (0.2977)","short","None","None","None","None","REJECTED","Лимит позиций (4/4)","None","None","None"
"0c057de7","2025-10-28T11:01:40.461291+00:00","ADAUSDT","Ranging V5.0 (FB/PA)","False Breakout Resistance (0.6652)","short","None","None","None","None","REJECTED","Лимит позиций (4/4)","None","None","None"
"fbe18bfb","2025-10-28T11:02:21.509979+00:00","IMXUSDT","Ranging V5.0 (FB/PA)","False Breakout Resistance (0.5279)","short","None","None","None","None","REJECTED","Лимит позиций (4/4)","None","None","None"
"b527844c","2025-10-28T11:02:41.704977+00:00","ATOMUSDT","Ranging V5.0 (FB/PA)","False Breakout Resistance (3.1758)","short","None","None","None","None","REJECTED","Лимит позиций (4/4)","None","None","None"
"99e689bf","2025-10-28T11:03:03.117976+00:00","XLMUSDT","Trending_AI_Filtered","Pullback to EMA20","long","None","None","None","None","REJECTED","Достигнут лимит позиций (4/4)","None","None","None"
"bee76914","2025-10-28T11:15:19.111669+00:00","AVAXUSDT","Ranging V5.0 (FB/PA)","False Breakout Support (20.2613)","long","None","None","None","None","REJECTED","Лимит позиций (4/4)","None","None","None"
"b7c759bb","2025-10-28T11:15:59.461382+00:00","NEARUSDT","Ranging V5.0 (FB/PA)","False Breakout Support (2.3266)","long","None","None","None","None","REJECTED","Лимит позиций (4/4)","None","None","None"
"4c361751","2025-10-28T11:16:19.545432+00:00","ENAUSDT","Ranging V5.0 (FB/PA)","False Breakout Support (0.4932)","long","None","None","None","None","REJECTED","Лимит позиций (4/4)","None","None","None"
"c178ccf9","2025-10-28T11:16:39.627754+00:00","DOGEUSDT","Ranging V5.0 (FB/PA)","False Breakout Support (0.2001)","long","None","None","None","None","REJECTED","Лимит позиций (4/4)","None","None","None"
"91aa7c1a","2025-10-28T11:17:19.818430+00:00","WIFUSDT","Ranging V5.0 (FB/PA)","False Breakout Support (0.5488)","long","None","None","None","None","REJECTED","Лимит позиций (4/4)","None","None","None"
(4/4)","None","None","None"
"7c148a67","2025-10-28T11:17:40.085533+00:00","INJUSDT","Ranging V5.0 (FB/PA)","False Breakout Support (8.6093)","long","None","None","None","None","REJECTED","Лимит позиций (4/4)","None","None","None"
"8eb2ae0e","2025-10-28T11:18:20.462495+00:00","SUSHIUSDT","Ranging V5.0 (FB/PA)","False Breakout Support (0.5361)","long","None","None","None","None","REJECTED","Лимит позиций (4/4)","None","None","None"
"02a37748","2025-10-28T11:18:40.566420+00:00","ONEUSDT","Ranging V5.0 (FB/PA)","False Breakout Support (0.0064)","long","None","None","None","None","REJECTED","Лимит позиций (4/4)","None","None","None"
"f2f9ffc5","2025-10-28T11:19:00.656485+00:00","ANKRUSDT","Ranging V5.0 (FB/PA)","False Breakout Support (0.0102)","long","None","None","None","None","REJECTED","Лимит позиций (4/4)","None","None","None"
"acc7cf6f","2025-10-28T11:19:20.719521+00:00","CRVUSDT","Ranging V5.0 (FB/PA)","False Breakout Support (0.5589)","long","None","None","None","None","REJECTED","Лимит позиций (4/4)","None","None","None"
"d22e982a","2025-10-28T11:19:40.852236+00:00","APTUSDT","Ranging V5.0 (FB/PA)","False Breakout Support (3.4668)","long","None","None","None","None","REJECTED","Лимит позиций (4/4)","None","None","None"
"2c7d5037","2025-10-28T11:20:01.827118+00:00","XLMUSDT","Trending_AI_Filtered","Pullback to EMA20","long","None","None","None","None","REJECTED","Достигнут лимит позиций (4/4)","None","None","None"
"713f96b9","2025-10-28T11:29:58.882659+00:00","CRVUSDT","Ranging V5.0 (FB/PA)","False Breakout Support (0.5590)","long","None","None","None","None","REJECTED","Лимит позиций (4/4)","None","None","None"
"86d6de81","2025-10-28T11:30:39.263535+00:00","DOGEUSDT","Ranging V5.0 (FB/PA)","False Breakout Resistance (0.2002)","short","None","None","None","None","REJECTED","Лимит позиций (4/4)","None","None","None"
"8ea46360","2025-10-28T11:30:59.541122+00:00","ANKRUSDT","Ranging V5.0 (FB/PA)","False Breakout Support (0.0102)","long","None","None","None","None","REJECTED","Лимит позиций (4/4)","None","None","None"
"724c47ed","2025-10-28T11:31:39.996831+00:00","SUIUSDT","Ranging V5.0 (FB/PA)","False Breakout Resistance (2.6232)","short","None","None","None","None","REJECTED","Лимит позиций (4/4)","None","None","No"f4306f88","2025-10-28T11:32:00.128321+00:00","OPUSDT","Ranging V5.0 (FB/PA)","Bearish PA (ShootingStar/Engulf) at Resistance (0.4553)","short","None","None","None","None","REJECTED","Лимит позиций (4/4)","None","None","None"
"9831d880","2025-10-28T11:32:40.546248+00:00","WIFUSDT","Ranging V5.0 (FB/PA)","False Breakout Support (0.5490)","long","None","None","None","None","REJECTED","Лимит позиций (4/4)","None","None","None"
one"
"66695fff","2025-10-28T11:33:00.604711+00:00","APTUSDT","Ranging V5.0 (FB/PA)","False Breakout Resistance (3.4732)","short","None","None","None","None","REJECTED","Лимит позиций (4/4)","None","None","None"
"89d35967","2025-10-28T11:33:20.835390+00:00","ONEUSDT","Ranging V5.0 (FB/PA)","False Breakout Resistance (0.0065)","short","None","None","None","None","REJECTED","Лимит позиций (4/4)","None","None","None"
"f03170d6","2025-10-28T11:33:42.243177+00:00","XLMUSDT","Pullback Engine","EMA20 retest, RSI=51.9, OFI=76.2, OBI=0.00","long","None","None","None","None","REJECTED","Достигнут лимит позиций (4/4)","None","None","None"
"9d4a3324","2025-10-28T11:44:59.064003+00:00","APTUSDT","Ranging V5.0 (FB/PA)","False Breakout Resistance (3.4726)","short","None","None","None","None","REJECTED","Лимит позиций (4/4)","None","None","None"
"dd065c83","2025-10-28T11:45:39.281064+00:00","AVAXUSDT","Ranging V5.0 (FB/PA)","False Breakout Support (20.2612)","long","None","None","None","None","REJECTED","Лимит позиций (4/4)","None","None","None"
"f02bfc6f","2025-10-28T11:45:59.373980+00:00","DOTUSDT","Ranging V5.0 (FB/PA)","False Breakout Support (3.1359)","long","None","None","None","None","REJECTED","Лимит позиций (4/4)","None","None","None"
"61d51803","2025-10-28T11:46:39.738920+00:00","TRXUSDT","Ranging V5.0 (FB/PA)","False Breakout Support (0.2969)","long","None","None","None","None","REJECTED","Лимит позиций (4/4)","None","None","None"

"6d184343","2025-10-28T11:46:59.883793+00:00","ANKRUSDT","Ranging V5.0 (FB/PA)","False Breakout Resistance (0.0102)","short","None","None","None","None","REJECTED","Лимит позиций (4/4)","None","None","None"
"208fd4d8","2025-10-28T11:47:40.281500+00:00","ARBUSDT","Ranging V5.0 (FB/PA)","False Breakout Resistance (0.3295)","short","None","None","None","None","REJECTED","Лимит позиций (4/4)","None","None","No"f285d664","2025-10-28T11:48:00.338953+00:00","OPUSDT","Ranging V5.0 (FB/PA)","False Breakout Support (0.4543)","long","None","None","None","None","REJECTED","Лимит позиций (4/4)","None","None","None"
"c6e101dc","2025-10-28T11:48:40.539259+00:00","SUSHIUSDT","Ranging V5.0 (FB/PA)","False Breakout Resistance (0.5377)","short","None","None","None","None","REJECTED","Лимит позиций (4/4)","None","None","None"
"11356046","2025-10-28T11:49:40.875394+00:00","CHZUSDT","Ranging V5.0 (FB/PA)","False Breakout Support (0.0327)","long","None","None","None","None","REJECTED","Лимит позиций (4/4)","None","None","None"
4)","None","None","None"
"d0751ce1","2025-10-28T11:50:21.048083+00:00","FILUSDT","Ranging V5.0 (FB/PA)","Bearish PA (ShootingStar/Engulf) at Resistance (1.6292)","short","None","None","None","None","REJECTED","Лимит позиций (4/4)","None","None","None"
"a8f29d23","2025-10-28T12:00:18.743832+00:00","CRVUSDT","Ranging V5.0 (FB/PA)","False Breakout Support (0.5590)","long","None","None","None","None","REJECTED","Лимит позиций (4/4)","None","None","None"
,"None","None"
"f34b957d","2025-10-28T12:00:38.928343+00:00","ADAUSDT","Ranging V5.0 (FB/PA)","False Breakout Resistance (0.6643)","short","None","None","None","None","REJECTED","Лимит позиций (4/4)","None","None","None"
"be58d9d3","2025-10-28T12:00:59.205275+00:00","DOGEUSDT","Ranging V5.0 (FB/PA)","False Breakout Resistance (0.2002)","short","None","None","None","None","REJECTED","Лимит позиций (4/4)","None","None","None"
"f4330cac","2025-10-28T12:01:20.031043+00:00","SUSHIUSDT","Ranging V5.0 (FB/PA)","False Breakout Support (0.5361)","long","None","None","None","None","REJECTED","Лимит позиций (4/4)","None","None","None"
"7fe623ca","2025-10-28T12:01:40.259243+00:00","OPUSDT","Ranging V5.0 (FB/PA)","False Breakout Resistance (0.4551)","short","None","None","None","None","REJECTED","Лимит позиций (4/4)","None","None","None"
"d68d8e9c","2025-10-28T12:02:20.826057+00:00","APTUSDT","Ranging V5.0 (FB/PA)","Bullish PA (Hammer/Engulf) at Support (3.4657)","long","None","None","None","None","REJECTED","Лимит позиций (4/4)","None","None","None"
"62a44afe","2025-10-28T12:02:40.974452+00:00","INJUSDT","Ranging V5.0 (FB/PA)","False Breakout Resistance (8.6253)","short","None","None","None","None","REJECTED","Лимит позиций (4/4)","None","None","None"
"4181c356","2025-10-28T12:03:21.262249+00:00","NEARUSDT","Ranging V5.0 (FB/PA)","False Breakout Support (2.3266)","long","None","None","None","None","REJECTED","Лимит позиций (4/4)","None","None","None"
e"
"eb035fde","2025-10-28T12:03:41.411014+00:00","CHZUSDT","Ranging V5.0 (FB/PA)","False Breakout Support (0.0327)","long","None","None","None","None","REJECTED","Лимит позиций (4/4)","None","None","None"
"8f3173a6","2025-10-28T12:04:21.795465+00:00","ONEUSDT","Ranging V5.0 (FB/PA)","False Breakout Resistance (0.0065)","short","None","None","None","None","REJECTED","Лимит позиций (4/4)","None","None","None"
"f91dcf41","2025-10-28T12:04:41.977200+00:00","ARBUSDT","Ranging V5.0 (FB/PA)","False Breakout Resistance (0.3295)","short","None","None","None","None","REJECTED","Лимит позиций (4/4)","None","None","None"
"91d976b0","2025-10-28T12:05:22.302977+00:00","ANKRUSDT","Ranging V5.0 (FB/PA)","False Breakout Resistance (0.0102)","short","None","None","None","None","REJECTED","Лимит позиций (4/4)","None","None","None"
"eb0f8c17","2025-10-28T12:15:19.218568+00:00","XRPUSDT","Ranging V5.0 (FB/PA)","False Breakout Support (2.6397)","long","None","None","None","None","REJECTED","Лимит позиций (4/4)","None","None","None"
ne"
"e8823d24","2025-10-28T12:15:39.444440+00:00","SUIUSDT","Ranging V5.0 (FB/PA)","False Breakout Support (2.6085)","long","None","None","None","None","REJECTED","Лимит позиций (4/4)","None","None","None"
"766b973f","2025-10-28T12:15:59.572906+00:00","BNBUSDT","Ranging V5.0 (FB/PA)","False Breakout Resistance (1132.4425)","short","None","None","None","None","REJECTED","Лимит позиций (4/4)","None","None","None"
"18c620a7","2025-10-28T12:16:19.763418+00:00","WIFUSDT","Ranging V5.0 (FB/PA)","False Breakout Resistance (0.5501)","short","None","None","None","None","REJECTED","Лимит позиций (4/4)","None","None","None"
"2fba8431","2025-10-28T12:16:39.832055+00:00","ENJUSDT","Ranging V5.0 (FB/PA)","False Breakout Support (0.0438)","long","None","None","None","None","REJECTED","Лимит позиций (4/4)","None","None","None"
"883798f9","2025-10-28T12:17:20.000326+00:00","ONEUSDT","Ranging V5.0 (FB/PA)","False Breakout Support (0.0064)","long","None","None","None","None","REJECTED","Лимит позиций (4/4)","None","None","None"
"cf48778b","2025-10-28T12:18:00.174740+00:00","DOTUSDT","Ranging V5.0 (FB/PA)","False Breakout Resistance (3.1396)","short","None","None","None","None","REJECTED","Лимит позиций (4/4)","None","None","None"
"7af49f95","2025-10-28T12:18:40.433021+00:00","ICPUSDT","Ranging V5.0 (FB/PA)","Bullish PA (Hammer/Engulf) at Support (3.1739)","long","None","None","None","None","REJECTED","Лимит позиций (4/4)","None","None","None"
"f49246cb","2025-10-28T12:29:58.646470+00:00","ETHUSDT","Ranging V5.0 (FB/PA)","False Breakout Support (4106.5615)","long","None","None","None","None","REJECTED","Лимит позиций (4/4)","None","None","None"
"2413f4fe","2025-10-28T12:30:18.860051+00:00","AVAXUSDT","Ranging V5.0 (FB/PA)","False Breakout Resistance (20.2787)","short","None","None","None","None","REJECTED","Лимит позиций (4/4)","None","None","None"
"8be9ffc3","2025-10-28T12:30:39.028503+00:00","INJUSDT","Ranging V5.0 (FB/PA)","Bullish PA (Hammer/Engulf) at Support (8.6068)","long","None","None","None","None","REJECTED","Лимит позиций (4/4)","None","None","None"
"025eb20a","2025-10-28T12:30:59.169472+00:00","SUIUSDT","Ranging V5.0 (FB/PA)","False Breakout Support (2.6084)","long","None","None","None","None","REJECTED","Лимит позиций (4/4)","None","None","None"
"695557cf","2025-10-28T12:31:19.309591+00:00","XRPUSDT","Ranging V5.0 (FB/PA)","False Breakout Support (2.6398)","long","None","None","None","None","REJECTED","Лимит позиций (4/4)","None","None","None"
"f112b0df","2025-10-28T12:31:39.740294+00:00","CRVUSDT","Ranging V5.0 (FB/PA)","False Breakout Support (0.5589)","long","None","None","None","None","REJECTED","Лимит позиций (4/4)","None","None","None"
"64526f7a","2025-10-28T12:32:20.101813+00:00","IMXUSDT","Ranging V5.0 (FB/PA)","False Breakout Support (0.5256)","long","None","None","None","None","REJECTED","Лимит позиций (4/4)","None","None","None"

"199a0ee4","2025-10-28T12:32:40.279988+00:00","ENJUSDT","Ranging V5.0 (FB/PA)","False Breakout Support (0.0438)","long","None","None","None","None","REJECTED","Лимит позиций (4/4)","None","None","None"
"dd507c71","2025-10-28T12:33:00.359269+00:00","ONEUSDT","Ranging V5.0 (FB/PA)","False Breakout Support (0.0064)","long","None","None","None","None","REJECTED","Лимит позиций (4/4)","None","None","None"
"10ebdf64","2025-10-28T12:44:58.683911+00:00","ETHUSDT","Ranging V5.0 (FB/PA)","False Breakout Resistance (4106.9112)","short","None","None","None","None","REJECTED","Лимит позиций (4/4)","None","None","None"
"14e26a1e","2025-10-28T12:45:39.449931+00:00","CRVUSDT","Ranging V5.0 (FB/PA)","False Breakout Resistance (0.5600)","short","None","None","None","None","REJECTED","Лимит позиций (4/4)","None","None","None"
ne","None"
"b2321019","2025-10-28T12:45:59.551225+00:00","IMXUSDT","Ranging V5.0 (FB/PA)","False Breakout Resistance (0.5261)","short","None","None","None","None","REJECTED","Лимит позиций (4/4)","None","None","None"
"7efe27e4","2025-10-28T12:46:39.765249+00:00","NEARUSDT","Ranging V5.0 (FB/PA)","False Breakout Resistance (2.3280)","short","None","None","None","None","REJECTED","Лимит позиций (4/4)","None","None","None"
e","None"
"7669c85c","2025-10-28T12:47:00.043126+00:00","SUSHIUSDT","Ranging V5.0 (FB/PA)","Bullish PA (Hammer/Engulf) at Support (0.5360)","long","None","None","None","None","REJECTED","Лимит позиций (4/4)","None","None","None"
"57e964bd","2025-10-28T12:47:20.110807+00:00","ATOMUSDT","Ranging V5.0 (FB/PA)","Bullish PA (Hammer/Engulf) at Support (3.1751)","long","None","None","None","None","REJECTED","Лимит позиций (4/4)","None","None","None"
"0029f5f8","2025-10-28T12:47:40.182188+00:00","ENJUSDT","Ranging V5.0 (FB/PA)","False Breakout Support (0.0438)","long","None","None","None","None","REJECTED","Лимит позиций (4/4)","None","None","None"
"1ba44df4","2025-10-28T12:59:58.335851+00:00","ETHUSDT","Ranging V5.0 (FB/PA)","False Breakout Support (4106.9470)","long","None","None","None","None","REJECTED","Лимит позиций (4/4)","None","None","None"
"4d4cfca9","2025-10-28T13:00:38.829625+00:00","IMXUSDT","Ranging V5.0 (FB/PA)","False Breakout Support (0.5258)","long","None","None","None","None","REJECTED","Лимит позиций (4/4)","None","None","None"
one"
"8f9cbf9c","2025-10-28T13:00:59.022484+00:00","OPUSDT","Ranging V5.0 (FB/PA)","False Breakout Support (0.4543)","long","None","None","None","None","REJECTED","Лимит позиций (4/4)","None","None","None"
"dacba529","2025-10-28T13:01:39.920825+00:00","WIFUSDT","Ranging V5.0 (FB/PA)","False Breakout Support (0.5493)","long","None","None","None","None","REJECTED","Лимит позиций (4/4)","None","None","None"
"
"344dc52d","2025-10-28T13:02:00.152039+00:00","DOTUSDT","Ranging V5.0 (FB/PA)","False Breakout Support (3.1371)","long","None","None","None","None","REJECTED","Лимит позиций (4/4)","None","None","None"
"770b58f5","2025-10-28T13:02:20.307672+00:00","SUIUSDT","Ranging V5.0 (FB/PA)","False Breakout Support (2.6097)","long","None","None","None","None","REJECTED","Лимит позиций (4/4)","None","None","None"
"1073d7bf","2025-10-28T13:02:40.461005+00:00","BCHUSDT","Ranging V5.0 (FB/PA)","False Breakout Support (557.0362)","long","None","None","None","None","REJECTED","Лимит позиций (4/4)","None","None","None"
"e67f5589","2025-10-28T13:03:00.761885+00:00","TRXUSDT","Ranging V5.0 (FB/PA)","False Breakout Support (0.2969)","long","None","None","None","None","REJECTED","Лимит позиций (4/4)","None","None","None"
"3beb27f1","2025-10-28T13:03:20.871314+00:00","CRVUSDT","Ranging V5.0 (FB/PA)","False Breakout Support (0.5590)","long","None","None","None","None","REJECTED","Лимит позиций (4/4)","None","None","None"
"b87d4d0d","2025-10-28T13:03:40.983329+00:00","NEARUSDT","Ranging V5.0 (FB/PA)","False Breakout Support (2.3270)","long","None","None","None","None","REJECTED","Лимит позиций (4/4)","None","None","None"
"e322afe6","2025-10-28T13:04:01.201220+00:00","ICPUSDT","Ranging V5.0 (FB/PA)","False Breakout Support (3.1741)","long","None","None","None","None","REJECTED","Лимит позиций (4/4)","None","None","None"
"645ad49c","2025-10-28T13:04:21.304519+00:00","ENAUSDT","Ranging V5.0 (FB/PA)","False Breakout Support (0.4897)","long","None","None","None","None","REJECTED","Лимит позиций (4/4)","None","None","None"
"942e9ae6","2025-10-28T13:04:41.413494+00:00","CHZUSDT","Ranging V5.0 (FB/PA)","False Breakout Support (0.0327)","long","None","None","None","None","REJECTED","Лимит позиций (4/4)","None","None","None"
"f63bae7d","2025-10-28T13:05:01.585403+00:00","SEIUSDT","Ranging V5.0 (FB/PA)","False Breakout Support (0.2008)","long","None","None","None","None","REJECTED","Лимит позиций (4/4)","None","None","None"
"24b6b3f9","2025-10-28T13:05:41.781582+00:00","ONEUSDT","Ranging V5.0 (FB/PA)","False Breakout Support (0.0064)","long","None","None","None","None","REJECTED","Лимит позиций (4/4)","None","None","None"
"bdf3971e","2025-10-28T13:14:58.402842+00:00","ARBUSDT","Ranging V5.0 (FB/PA)","False Breakout Support (0.3289)","long","None","None","None","None","REJECTED","Лимит позиций (4/4)","None","None","None"
"d4d34e58","2025-10-28T13:15:38.847836+00:00","APTUSDT","Ranging V5.0 (FB/PA)","False Breakout Support (3.4659)","long","None","None","None","None","REJECTED","Лимит позиций (4/4)","None","None","None"

"20ea7e91","2025-10-28T13:15:58.931228+00:00","ADAUSDT","Ranging V5.0 (FB/PA)","False Breakout Support (0.6636)","long","None","None","None","None","REJECTED","Лимит позиций (4/4)","None","None","None"
"e10c9866","2025-10-28T13:16:19.041882+00:00","AVAXUSDT","Ranging V5.0 (FB/PA)","False Breakout Support (20.2562)","long","None","None","None","None","REJECTED","Лимит позиций (4/4)","None","None","None"
"efac1f93","2025-10-28T13:16:39.144424+00:00","FILUSDT","Ranging V5.0 (FB/PA)","False Breakout Support (1.6268)","long","None","None","None","None","REJECTED","Лимит позиций (4/4)","None","None","None"
"21857bce","2025-10-28T13:17:19.522604+00:00","INJUSDT","Ranging V5.0 (FB/PA)","False Breakout Support (8.6120)","long","None","None","None","None","REJECTED","Лимит позиций (4/4)","None","None","None"
"e230d20d","2025-10-28T13:17:39.630950+00:00","OPUSDT","Ranging V5.0 (FB/PA)","False Breakout Support (0.4547)","long","None","None","None","None","REJECTED","Лимит позиций (4/4)","None","None","None"
"fbfc6223","2025-10-28T13:18:19.929890+00:00","ANKRUSDT","Ranging V5.0 (FB/PA)","False Breakout Support (0.0102)","long","None","None","None","None","REJECTED","Лимит позиций (4/4)","None","None","None""22b1e883","2025-10-28T13:18:40.149920+00:00","ATOMUSDT","Ranging V5.0 (FB/PA)","False Breakout Support (3.1767)","long","None","None","None","None","REJECTED","Лимит позиций (4/4)","None","None","None"
"ac7b3a56","2025-10-28T13:19:00.250222+00:00","APEUSDT","Ranging V5.0 (FB/PA)","False Breakout Resistance (0.4433)","short","None","None","None","None","REJECTED","Лимит позиций (4/4)","None","None","None"
"4b45959a","2025-10-28T13:19:20.389538+00:00","CRVUSDT","Ranging V5.0 (FB/PA)","False Breakout Support (0.5591)","long","None","None","None","None","REJECTED","Лимит позиций (4/4)","None","None","None"
"5ace1edd","2025-10-28T13:29:58.432663+00:00","ENAUSDT","Ranging V5.0 (FB/PA)","False Breakout Support (0.4922)","long","None","None","None","None","REJECTED","Лимит позиций (4/4)","None","None","None"
"3a6ae07b","2025-10-28T13:30:39.135979+00:00","APEUSDT","Ranging V5.0 (FB/PA)","False Breakout Support (0.4432)","long","None","None","None","None","REJECTED","Лимит позиций (4/4)","None","None","None"
one"
"ba1f596c","2025-10-28T13:30:59.213941+00:00","ICPUSDT","Ranging V5.0 (FB/PA)","Bearish PA (ShootingStar/Engulf) at Resistance (3.1876)","short","None","None","None","None","REJECTED","Лимит позиций (4/4)","None","None","None"
"3c92f945","2025-10-28T13:31:19.622089+00:00","SUSHIUSDT","Ranging V5.0 (FB/PA)","Bearish PA (ShootingStar/Engulf) at Resistance (0.5370)","short","None","None","None","None","REJECTED","Лимит позиций (4/4)","None","None","None"
"ae8909b8","2025-10-28T13:44:58.167887+00:00","ETHUSDT","Ranging V5.0 (FB/PA)","False Breakout Resistance (4145.1251)","short","None","None","None","None","REJECTED","Лимит позиций (4/4)","None","None","None"
"f6029489","2025-10-28T13:45:18.526582+00:00","BCHUSDT","Ranging V5.0 (FB/PA)","False Breakout Resistance (563.3889)","short","None","None","None","None","REJECTED","Лимит позиций (4/4)","None","None","None"
"4ea81660","2025-10-28T13:45:58.862070+00:00","XLMUSDT","Ranging V5.0 (FB/PA)","False Breakout Resistance (0.3321)","short","None","None","None","None","REJECTED","Лимит позиций (4/4)","None","None","None"
"6ddc3124","2025-10-28T13:46:19.255892+00:00","OPUSDT","Ranging V5.0 (FB/PA)","False Breakout Resistance (0.4605)","short","None","None","None","None","REJECTED","Лимит позиций (4/4)","None","None","None"
"9e7da8cf","2025-10-28T13:46:39.434842+00:00","APEUSDT","Ranging V5.0 (FB/PA)","False Breakout Resistance (0.4432)","short","None","None","None","None","REJECTED","Лимит позиций (4/4)","None","None","None"
"d0157693","2025-10-28T13:59:58.614223+00:00","ADAUSDT","Ranging V5.0 (FB/PA)","False Breakout Resistance (0.6708)","short","None","None","None","None","REJECTED","Лимит позиций (4/4)","None","None","None"
"025cddee","2025-10-28T14:00:18.702690+00:00","ENAUSDT","Ranging V5.0 (FB/PA)","False Breakout Support (0.4939)","long","None","None","None","None","REJECTED","Лимит позиций (4/4)","None","None","None"
"c44d2104","2025-10-28T14:00:39.394402+00:00","XLMUSDT","Ranging V5.0 (FB/PA)","False Breakout Support (0.3307)","long","None","None","None","None","REJECTED","Лимит позиций (4/4)","None","None","None"
"6b92c51c","2025-10-28T14:14:58.342034+00:00","XLMUSDT","Ranging V5.0 (FB/PA)","False Breakout Resistance (0.3321)","short","None","None","None","None","REJECTED","Лимит позиций (4/4)","None","None","None"
"4c33edb9","2025-10-28T14:15:38.774666+00:00","ENJUSDT","Ranging V5.0 (FB/PA)","False Breakout Resistance (0.0445)","short","None","None","None","None","REJECTED","Лимит позиций (4/4)","None","None","None"
"0f39dbac","2025-10-28T14:15:59.002728+00:00","SUIUSDT","Ranging V5.0 (FB/PA)","False Breakout Resistance (2.6437)","short","None","None","None","None","REJECTED","Лимит позиций (4/4)","None","None","None"
"531371c9","2025-10-28T14:29:58.334631+00:00","AVAXUSDT","Ranging V5.0 (FB/PA)","False Breakout Support (20.2779)","long","None","None","None","None","REJECTED","Лимит позиций (4/4)","None","None","None"
"d6b4cb46","2025-10-28T14:30:18.604616+00:00","XLMUSDT","Ranging V5.0 (FB/PA)","False Breakout Support (0.3307)","long","None","None","None","None","REJECTED","Лимит позиций (4/4)","None","None","None"
"ff22b5ae","2025-10-28T14:30:38.701086+00:00","CRVUSDT","Ranging V5.0 (FB/PA)","False Breakout Support (0.5615)","long","None","None","None","None","REJECTED","Лимит позиций (4/4)","None","None","None"
"61e7a228","2025-10-28T23:25:21.099945+00:00","ENJUSDT","Trending_AI_Filtered","Pullback to EMA20","short","None","None","None","None","REJECTED","Достигнут лимит позиций (4/4)","None","None","None"
"6521cac1","2025-10-28T23:25:23.208402+00:00","BCHUSDT","Ranging V5.0 (FB/PA)","False Breakout Resistance (560.8612)","short","None","None","None","None","REJECTED","Лимит позиций (4/4)","None","None","None"
"
"524f96be","2025-10-28T23:30:04.545391+00:00","SUSHIUSDT","Trending_AI_Filtered","Pullback to EMA20","short","None","None","85","66.0","EXECUTED","None","0.5188","0.5308","0.4998"
"9931b767","2025-10-28T23:30:05.015537+00:00","XRPUSDT","Trending_AI_Filtered","Pullback to EMA20","short","None","None","80","64.0","EXECUTED","None","2.608","2.6601","2.5298"
"528148fc","2025-10-28T23:30:06.320745+00:00","BCHUSDT","Ranging V5.0 (FB/PA)","False Breakout Resistance (560.8516)","short","None","None","45","65.0","REJECTED","Низкая уверенность AI: 45% < 65.0%","None","None","None"
"f07f31f1","2025-10-28T23:30:07.269325+00:00","APEUSDT","Trending_AI_Filtered","Pullback to EMA20","short","None","None","85","66.0","EXECUTED","None","0.4207","0.4302","0.4064"
"43477ecb","2025-10-28T23:30:10.474611+00:00","ENJUSDT","Pullback Engine","EMA20 retest, RSI=47.3, OFI=-28.4, OBI=-0.09","short","None","None","None","None","REJECTED","Низкая ликвидность (скор: 2.0 < 3.0)","None","None","None"
"c97074e6","2025-10-28T23:30:10.542296+00:00","XRPUSDT","Pullback Engine","EMA20 retest, RSI=45.9, OFI=-48.6, OBI=-0.17","short","None","None","None","None","REJECTED","Позиция уже открыта","None","None","None"
"97e486b5","2025-10-28T23:45:10.277091+00:00","ENJUSDT","Pullback Engine","EMA20 retest, RSI=47.9, OFI=-33.0, OBI=-0.14","short","None","None","None","None","REJECTED","Низкая ликвидность (скор: 2.0 < 3.0)","None","None","None"
"2065dd45","2025-10-29T00:00:04.688416+00:00","TRXUSDT","Trending_AI_Filtered","Pullback to EMA20","short","None","None","75","66.0","EXECUTED","None","0.29528","0.29714","0.29249"
"4ef072db","2025-10-29T00:00:28.651764+00:00","IMXUSDT","Pullback Engine","EMA20 retest, RSI=45.5, OFI=-45.4, OBI=-0.01","short","None","None","None","None","REJECTED","Достигнут лимит позиций (4/4)","None","None","None"
"2f8f23f6","2025-10-29T00:01:05.080556+00:00","IMXUSDT","Trending_AI_Filtered","Pullback to EMA20","short","None","None","None","None","REJECTED","Достигнут лимит позиций (4/4)","None","None","None"
"c9261dbe","2025-10-29T00:14:59.697163+00:00","LINKUSDT","Pullback Engine","EMA20 retest, RSI=45.1, OFI=-18.1, OBI=-0.26","short","None","None","None","None","REJECTED","Достигнут лимит позиций (4/4)","None","None","None"
"25f55810","2025-10-29T00:15:00.171941+00:00","TIAUSDT","Pullback Engine","EMA20 retest, RSI=48.6, OFI=-51.8, OBI=-0.26","short","None","None","None","None","REJECTED","Достигнут лимит позиций (4/4)","None","None","None"
"69606b25","2025-10-29T00:15:42.723080+00:00","FETUSDT","Trending_AI_Filtered","Pullback to EMA20","short","None","None","None","None","REJECTED","Достигнут лимит позиций (4/4)","None","None","None"
"728f76ad","2025-10-29T00:16:10.289744+00:00","BCHUSDT","Ranging V5.0 (FB/PA)","Bullish PA (Hammer/Engulf) at Support (558.6561)","long","None","None","None","None","REJECTED","Лимит позиций (4/4)","None","None","None"
"4122db36","2025-10-29T00:16:32.741436+00:00","ANKRUSDT","Pullback Engine","EMA20 retest, RSI=46.2, OFI=-10.9, OBI=0.23","short","None","None","None","None","REJECTED","Достигнут лимит позиций (4/4)","None","None","None"
"54cb2b97","2025-10-29T00:16:53.878446+00:00","ANKRUSDT","Trending_AI_Filtered","Pullback to EMA20","short","None","None","None","None","REJECTED","Достигнут лимит позиций (4/4)","None","None","None"
"20879d52","2025-10-29T00:17:17.808374+00:00","CHZUSDT","Pullback Engine","EMA20 retest, RSI=46.0, OFI=-12.3, OBI=-0.17","short","None","None","None","None","REJECTED","Достигнут лимит позиций (4/4)","None","None","None"
"989665c1","2025-10-29T00:17:38.754461+00:00","CHZUSDT","Trending_AI_Filtered","Pullback to EMA20","short","None","None","None","None","REJECTED","Достигнут лимит позиций (4/4)","None","None","None"
"6454668f","2025-10-29T00:30:00.530858+00:00","LINKUSDT","Pullback Engine","EMA20 retest, RSI=46.2, OFI=-19.9, OBI=0.56","short","None","None","None","None","REJECTED","Достигнут лимит позиций (4/4)","None","None","None"
"6633151d","2025-10-29T00:30:21.366094+00:00","LINKUSDT","Trending_AI_Filtered","Pullback to EMA20","short","None","None","None","None","REJECTED","Достигнут лимит позиций (4/4)","None","None","None"
"2dfcaaaf","2025-10-29T00:30:42.890165+00:00","INJUSDT","Pullback Engine","EMA20 retest, RSI=46.6, OFI=-10.2, OBI=0.06","short","None","None","None","None","REJECTED","Достигнут лимит позиций (4/4)","None","None","None"
"548eb8d5","2025-10-29T00:31:03.697984+00:00","SOLUSDT","Trending_AI_Filtered","Pullback to EMA20","short","None","None","None","None","REJECTED","Достигнут лимит позиций (4/4)","None","None","None"
"dffd779b","2025-10-29T00:31:03.865614+00:00","INJUSDT","Trending_AI_Filtered","Pullback to EMA20","short","None","None","None","None","REJECTED","Достигнут лимит позиций (4/4)","None","None","None"
"08f22689","2025-10-29T00:31:47.879385+00:00","ENAUSDT","Pullback Engine","EMA20 retest, RSI=46.7, OFI=-16.6, OBI=-0.22","short","None","None","None","None","REJECTED","Достигнут лимит позиций (4/4)","None","None","None"
"a62fbcdb","2025-10-29T00:32:13.704662+00:00","ARBUSDT","Trending_AI_Filtered","Pullback to EMA20","short","None","None","None","None","REJECTED","Достигнут лимит позиций (4/4)","None","None","None"
"13059457","2025-10-29T00:32:34.798351+00:00","FETUSDT","Trending_AI_Filtered","Pullback to EMA20","short","None","None","None","None","REJECTED","Достигнут лимит позиций (4/4)","None","None","None"
"f6211a27","2025-10-29T00:32:58.376677+00:00","SEIUSDT","Trending_AI_Filtered","Pullback to EMA20","short","None","None","None","None","REJECTED","Достигнут лимит позиций (4/4)","None","None","None"
"8a057f78","2025-10-29T00:32:59.021248+00:00","CHZUSDT","Pullback Engine","EMA20 retest, RSI=45.6, OFI=-29.3, OBI=-0.21","short","None","None","None","None","REJECTED","Достигнут лимит позиций (4/4)","None","None","None"
"d3ec2edf","2025-10-29T00:33:40.045921+00:00","CHZUSDT","Trending_AI_Filtered","Pullback to EMA20","short","None","None","None","None","REJECTED","Достигнут лимит позиций (4/4)","None","None","None"
"facdd462","2025-10-29T00:44:58.874977+00:00","LINKUSDT","Trending_AI_Filtered","Pullback to EMA20","short","None","None","None","None","REJECTED","Достигнут лимит позиций (4/4)","None","None","None"
"3d9c4e68","2025-10-29T00:45:20.499290+00:00","ATOMUSDT","Trending_AI_Filtered","Pullback to EMA20","short","None","None","None","None","REJECTED","Достигнут лимит позиций (4/4)","None","None","None"
"bc61d2ca","2025-10-29T00:45:21.140749+00:00","SOLUSDT","Trending_AI_Filtered","Pullback to EMA20","short","None","None","None","None","REJECTED","Достигнут лимит позиций (4/4)","None","None","None"
"92850e09","2025-10-29T00:46:02.794458+00:00","INJUSDT","Trending_AI_Filtered","Pullback to EMA20","short","None","None","None","None","REJECTED","Достигнут лимит позиций (4/4)","None","None","None"
"53ef430f","2025-10-29T00:46:24.895852+00:00","AVAXUSDT","Trending_AI_Filtered","Pullback to EMA20","short","None","None","None","None","REJECTED","Достигнут лимит позиций (4/4)","None","None","None"
"8587f107","2025-10-29T00:46:46.239055+00:00","ENAUSDT","Pullback Engine","EMA20 retest, RSI=43.3, OFI=-2.8, OBI=-0.16","short","None","None","None","None","REJECTED","Достигнут лимит позиций (4/4)","None","None","None"
"d1180bfb","2025-10-29T00:47:07.225550+00:00","ENAUSDT","Trending_AI_Filtered","Pullback to EMA20","short","None","None","None","None","REJECTED","Достигнут лимит позиций (4/4)","None","None","None"
"aab00392","2025-10-29T00:47:29.294830+00:00","ARBUSDT","Pullback Engine","EMA20 retest, RSI=43.7, OFI=-11.3, OBI=-0.09","short","None","None","None","None","REJECTED","Достигнут лимит позиций (4/4)","None","None","None"
"3a514149","2025-10-29T00:47:50.327739+00:00","ARBUSDT","Trending_AI_Filtered","Pullback to EMA20","short","None","None","None","None","REJECTED","Достигнут лимит позиций (4/4)","None","None","None"
"c6cd5999","2025-10-29T00:48:12.269974+00:00","CHZUSDT","Trending_AI_Filtered","Pullback to EMA20","short","None","None","None","None","REJECTED","Достигнут лимит позиций (4/4)","None","None","None"
"ca9a532f","2025-10-29T00:48:33.012827+00:00","TIAUSDT","Pullback Engine","EMA20 retest, RSI=46.1, OFI=-35.6, OBI=0.13","short","None","None","None","None","REJECTED","Достигнут лимит позиций (4/4)","None","None","None"
"1441b3e4","2025-10-29T00:48:33.609933+00:00","DOTUSDT","Trending_AI_Filtered","Pullback to EMA20","short","None","None","None","None","REJECTED","Достигнут лимит позиций (4/4)","None","None","None"
"a805b433","2025-10-29T00:48:53.960413+00:00","TIAUSDT","Trending_AI_Filtered","Pullback to EMA20","short","None","None","None","None","REJECTED","Достигнут лимит позиций (4/4)","None","None","None"
"b1aa5868","2025-10-29T00:49:37.075030+00:00","ENJUSDT","Trending_AI_Filtered","Pullback to EMA20","short","None","None","None","None","REJECTED","Достигнут лимит позиций (4/4)","None","None","None"
"d4a4da7c","2025-10-29T00:59:57.621353+00:00","BCHUSDT","Ranging V5.0 (FB/PA)","False Breakout Support (558.9813)","long","None","None","None","None","REJECTED","Лимит позиций (4/4)","None","None","None"
"1a3eec55","2025-10-29T01:15:08.724706+00:00","ARBUSDT","Trending_AI_Filtered","Pullback to EMA20","short","None","None","None","None","REJECTED","Достигнут лимит позиций (4/4)","None","None","None"
"36951ea8","2025-10-29T01:29:58.458158+00:00","LINKUSDT","Pullback Engine","EMA20 retest, RSI=44.6, OFI=8.8, OBI=-0.26","short","None","None","None","None","REJECTED","Достигнут лимит позиций (4/4)","None","None","None"
"b7c88ef3","2025-10-29T01:44:58.361118+00:00","BTCUSDT","Trending_AI_Filtered","Pullback to EMA20","short","None","None","None","None","REJECTED","Достигнут лимит позиций (4/4)","None","None","None"
"97048395","2025-10-29T01:44:58.532831+00:00","SOLUSDT","Trending_AI_Filtered","Pullback to EMA20","short","None","None","None","None","REJECTED","Достигнут лимит позиций (4/4)","None","None","None"
"cbaf0d64","2025-10-29T01:44:58.559855+00:00","SUIUSDT","Trending_AI_Filtered","Pullback to EMA20","short","None","None","None","None","REJECTED","Достигнут лимит позиций (4/4)","None","None","None"
"5428c546","2025-10-29T01:44:58.587880+00:00","WIFUSDT","Trending_AI_Filtered","Pullback to EMA20","short","None","None","None","None","REJECTED","Достигнут лимит позиций (4/4)","None","None","None"
"68af6e7a","2025-10-29T01:46:01.567488+00:00","FETUSDT","Trending_AI_Filtered","Pullback to EMA20","short","None","None","None","None","REJECTED","Достигнут лимит позиций (4/4)","None","None","None"
"2d923798","2025-10-29T01:46:21.954701+00:00","ADAUSDT","Trending_AI_Filtered","Pullback to EMA20","short","None","None","None","None","REJECTED","Достигнут лимит позиций (4/4)","None","None","None"
"cdc8d6c4","2025-10-29T01:46:42.877501+00:00","DOTUSDT","Pullback Engine","EMA20 retest, RSI=48.6, OFI=-27.3, OBI=-0.05","short","None","None","None","None","REJECTED","Достигнут лимит позиций (4/4)","None","None","None"
"5a8399fd","2025-10-29T01:47:05.260111+00:00","ETHUSDT","Pullback Engine","EMA20 retest, RSI=45.6, OFI=-44.8, OBI=-0.79","short","None","None","None","None","REJECTED","Достигнут лимит позиций (4/4)","None","None","None"
"41e3053a","2025-10-29T01:47:26.205769+00:00","DOGEUSDT","Pullback Engine","EMA20 retest, RSI=45.0, OFI=-55.9, OBI=0.50","short","None","None","None","None","REJECTED","Достигнут лимит позиций (4/4)","None","None","None"
"0382e71b","2025-10-29T01:48:07.285218+00:00","DOGEUSDT","Trending_AI_Filtered","Pullback to EMA20","short","None","None","None","None","REJECTED","Достигнут лимит позиций (4/4)","None","None","None"
"73a243ba","2025-10-29T01:48:07.873838+00:00","AVAXUSDT","Trending_AI_Filtered","Pullback to EMA20","short","None","None","None","None","REJECTED","Достигнут лимит позиций (4/4)","None","None","None"
"5319439b","2025-10-29T01:48:28.666579+00:00","LTCUSDT","Trending_AI_Filtered","Pullback to EMA20","short","None","None","None","None","REJECTED","Достигнут лимит позиций (4/4)","None","None","None"
"132d7ae8","2025-10-29T01:48:49.749694+00:00","XLMUSDT","Trending_AI_Filtered","Pullback to EMA20","short","None","None","None","None","REJECTED","Достигнут лимит позиций (4/4)","None","None","None"
"b3dfdec0","2025-10-29T01:49:30.972157+00:00","ATOMUSDT","Pullback Engine","EMA20 retest, RSI=46.1, OFI=-28.9, OBI=-0.14","short","None","None","None","None","REJECTED","Достигнут лимит позиций (4/4)","None","None","None"
"489bd6a2","2025-10-29T01:49:51.904467+00:00","BCHUSDT","Ranging V5.0 (FB/PA)","False Breakout Resistance (560.7630)","short","None","None","None","None","REJECTED","Лимит позиций (4/4)","None","None","None"
"d4a41a16","2025-10-29T01:50:12.122094+00:00","ATOMUSDT","Trending_AI_Filtered","Pullback to EMA20","short","None","None","None","None","REJECTED","Достигнут лимит позиций (4/4)","None","None","None"
"c0e4fd96","2025-10-29T01:50:34.195669+00:00","BNBUSDT","Pullback Engine","EMA20 retest, RSI=45.9, OFI=99.9, OBI=-0.65","short","None","None","None","None","REJECTED","Достигнут лимит позиций (4/4)","None","None","None"
"919ae370","2025-10-29T01:50:55.759505+00:00","BNBUSDT","Trending_AI_Filtered","Pullback to EMA20","short","None","None","None","None","REJECTED","Достигнут лимит позиций (4/4)","None","None","None"
"e2cee4c7","2025-10-29T01:51:18.400471+00:00","CRVUSDT","Trending_AI_Filtered","Pullback to EMA20","short","None","None","None","None","REJECTED","Достигнут лимит позиций (4/4)","None","None","None"
"8ab00f63","2025-10-29T01:51:39.379259+00:00","TIAUSDT","Trending_AI_Filtered","Pullback to EMA20","short","None","None","None","None","REJECTED","Достигнут лимит позиций (4/4)","None","None","None"
"069c618c","2025-10-29T01:51:39.888962+00:00","ARBUSDT","Pullback Engine","EMA20 retest, RSI=47.9, OFI=-12.3, OBI=0.03","short","None","None","None","None","REJECTED","Достигнут лимит позиций (4/4)","None","None","None"
"486b497c","2025-10-29T01:52:21.215815+00:00","SEIUSDT","Trending_AI_Filtered","Pullback to EMA20","short","None","None","None","None","REJECTED","Достигнут лимит позиций (4/4)","None","None","None"
"c565a5c9","2025-10-29T01:52:43.284250+00:00","ONEUSDT","Trending_AI_Filtered","Pullback to EMA20","short","None","None","None","None","REJECTED","Достигнут лимит позиций (4/4)","None","None","None"
"549e77cc","2025-10-29T01:59:58.985988+00:00","BNBUSDT","Pullback Engine","EMA20 retest, RSI=44.2, OFI=49.2, OBI=-0.29","short","None","None","None","None","REJECTED","Достигнут лимит позиций (4/4)","None","None","None"
"79ffd73a","2025-10-29T01:59:59.135114+00:00","ETHUSDT","Trending_AI_Filtered","Pullback to EMA20","short","None","None","None","None","REJECTED","Достигнут лимит позиций (4/4)","None","None","None"
"1af31a30","2025-10-29T02:00:20.028491+00:00","BNBUSDT","Trending_AI_Filtered","Pullback to EMA20","short","None","None","None","None","REJECTED","Достигнут лимит позиций (4/4)","None","None","None"
"230ed4ab","2025-10-29T02:01:02.875990+00:00","DOTUSDT","Trending_AI_Filtered","Pullback to EMA20","short","None","None","None","None","REJECTED","Достигнут лимит позиций (4/4)","None","None","None"
"8cdc344e","2025-10-29T02:01:03.476105+00:00","FILUSDT","Trending_AI_Filtered","Pullback to EMA20","short","None","None","None","None","REJECTED","Достигнут лимит позиций (4/4)","None","None","None"
"b7cc0ccc","2025-10-29T02:01:24.308292+00:00","ARBUSDT","Pullback Engine","EMA20 retest, RSI=46.3, OFI=-15.2, OBI=-0.08","short","None","None","None","None","REJECTED","Достигнут лимит позиций (4/4)","None","None","None"
"5e260377","2025-10-29T02:02:05.659899+00:00","ARBUSDT","Trending_AI_Filtered","Pullback to EMA20","short","None","None","None","None","REJECTED","Достигнут лимит позиций (4/4)","None","None","None"
"66dfbc7b","2025-10-29T02:02:28.945067+00:00","NEARUSDT","Trending_AI_Filtered","Pullback to EMA20","short","None","None","None","None","REJECTED","Достигнут лимит позиций (4/4)","None","None","None"
"cb4a1a0e","2025-10-29T02:02:51.860104+00:00","APTUSDT","Trending_AI_Filtered","Pullback to EMA20","short","None","None","None","None","REJECTED","Достигнут лимит позиций (4/4)","None","None","None"
"bf33c4d3","2025-10-29T02:03:16.034591+00:00","SEIUSDT","Trending_AI_Filtered","Pullback to EMA20","short","None","None","None","None","REJECTED","Достигнут лимит позиций (4/4)","None","None","None"
"a68f7ac1","2025-10-29T02:03:16.153690+00:00","CHZUSDT","Pullback Engine","EMA20 retest, RSI=48.8, OFI=-4.3, OBI=-0.11","short","None","None","None","None","REJECTED","Достигнут лимит позиций (4/4)","None","None","None"
"21b792f8","2025-10-29T02:14:59.275496+00:00","OPUSDT","Trending_AI_Filtered","Pullback to EMA20","short","None","None","None","None","REJECTED","Достигнут лимит позиций (4/4)","None","None","None"
"76d62b54","2025-10-29T02:14:59.435765+00:00","DOGEUSDT","Pullback Engine","EMA20 retest, RSI=43.5, OFI=-78.7, OBI=-0.30","short","None","None","None","None","REJECTED","Достигнут лимит позиций (4/4)","None","None","None"
"8e4b4d1e","2025-10-29T02:15:43.663317+00:00","LINKUSDT","Trending_AI_Filtered","Pullback to EMA20","short","None","None","None","None","REJECTED","Достигнут лимит позиций (4/4)","None","None","None"
"240b7bdb","2025-10-29T02:16:04.848348+00:00","ARBUSDT","Trending_AI_Filtered","Pullback to EMA20","short","None","None","None","None","REJECTED","Достигнут лимит позиций (4/4)","None","None","None"
"11990598","2025-10-29T02:16:25.676542+00:00","INJUSDT","Trending_AI_Filtered","Pullback to EMA20","short","None","None","None","None","REJECTED","Достигнут лимит позиций (4/4)","None","None","None"
"77e0fac1","2025-10-29T02:16:47.118296+00:00","IMXUSDT","Ranging V5.0 (FB/PA)","Bullish PA (Hammer/Engulf) at Support (0.5168)","long","None","None","None","None","REJECTED","Лимит позиций (4/4)","None","None","None"
"0e6b8736","2025-10-29T02:17:10.253147+00:00","DOTUSDT","Trending_AI_Filtered","Pullback to EMA20","short","None","None","None","None","REJECTED","Достигнут лимит позиций (4/4)","None","None","None"
"f525428e","2025-10-29T02:17:10.818470+00:00","NEARUSDT","Pullback Engine","EMA20 retest, RSI=44.3, OFI=-25.5, OBI=-0.14","short","None","None","None","None","REJECTED","Достигнут лимит позиций (4/4)","None","None","None"
"31d30ce4","2025-10-29T02:17:31.109660+00:00","CHZUSDT","Pullback Engine","EMA20 retest, RSI=48.3, OFI=-20.7, OBI=-0.20","short","None","None","None","None","REJECTED","Достигнут лимит позиций (4/4)","None","None","None"
"730a9ac1","2025-10-29T02:29:58.162020+00:00","LINKUSDT","Pullback Engine","EMA20 retest, RSI=45.6, OFI=-42.6, OBI=-0.02","short","None","None","None","None","REJECTED","Достигнут лимит позиций (4/4)","None","None","None"
"6902b1eb","2025-10-29T02:29:59.405343+00:00","XLMUSDT","Trending_AI_Filtered","Pullback to EMA20","short","None","None","None","None","REJECTED","Достигнут лимит позиций (4/4)","None","None","None"
"fc2f8e98","2025-10-29T02:30:19.924672+00:00","FILUSDT","Trending_AI_Filtered","Pullback to EMA20","short","None","None","None","None","REJECTED","Достигнут лимит позиций (4/4)","None","None","None"
"afc6897b","2025-10-29T02:31:02.188827+00:00","ETHUSDT","Pullback Engine","EMA20 retest, RSI=47.1, OFI=-31.7, OBI=-0.17","short","None","None","None","None","REJECTED","Достигнут лимит позиций (4/4)","None","None","None"
"f7342cfa","2025-10-29T02:31:24.572332+00:00","BCHUSDT","Ranging V5.0 (FB/PA)","False Breakout Resistance (560.7743)","short","None","None","None","None","REJECTED","Лимит позиций (4/4)","None","None","None"
"8a99686e","2025-10-29T02:31:45.303477+00:00","AVAXUSDT","Trending_AI_Filtered","Pullback to EMA20","short","None","None","None","None","REJECTED","Достигнут лимит позиций (4/4)","None","None","None"
"d0f92b39","2025-10-29T02:32:07.365605+00:00","APTUSDT","Pullback Engine","EMA20 retest, RSI=45.1, OFI=-73.8, OBI=-0.09","short","None","None","None","None","REJECTED","Достигнут лимит позиций (4/4)","None","None","None"
"a7bd3b93","2025-10-29T02:32:07.633858+00:00","SUIUSDT","Pullback Engine","EMA20 retest, RSI=44.1, OFI=-22.4, OBI=0.55","short","None","None","None","None","REJECTED","Достигнут лимит позиций (4/4)","None","None","None"
"de70daed","2025-10-29T02:32:28.309410+00:00","APTUSDT","Trending_AI_Filtered","Pullback to EMA20","short","None","None","None","None","REJECTED","Достигнут лимит позиций (4/4)","None","None","None"
"7244c4a5","2025-10-29T02:32:49.217955+00:00","SUIUSDT","Trending_AI_Filtered","Pullback to EMA20","short","None","None","None","None","REJECTED","Достигнут лимит позиций (4/4)","None","None","None"
"585041b6","2025-10-29T02:33:11.143678+00:00","INJUSDT","Pullback Engine","EMA20 retest, RSI=46.5, OFI=12.4, OBI=-0.13","short","None","None","None","None","REJECTED","Достигнут лимит позиций (4/4)","None","None","None"
"32ac4ec8","2025-10-29T02:33:52.715918+00:00","OPUSDT","Trending_AI_Filtered","Pullback to EMA20","short","None","None","None","None","REJECTED","Достигнут лимит позиций (4/4)","None","None","None"
"7ef964b0","2025-10-29T02:33:52.903781+00:00","INJUSDT","Trending_AI_Filtered","Pullback to EMA20","short","None","None","None","None","REJECTED","Достигнут лимит позиций (4/4)","None","None","None"
"e3119a8c","2025-10-29T02:34:13.978738+00:00","NEARUSDT","Trending_AI_Filtered","Pullback to EMA20","short","None","None","None","None","REJECTED","Достигнут лимит позиций (4/4)","None","None","None"
"e1cd1af9","2025-10-29T02:34:14.529731+00:00","CHZUSDT","Pullback Engine","EMA20 retest, RSI=48.3, OFI=-27.4, OBI=-0.10","short","None","None","None","None","REJECTED","Достигнут лимит позиций (4/4)","None","None","None"
"f0b0568d","2025-10-29T02:35:17.105387+00:00","ARBUSDT","Trending_AI_Filtered","Pullback to EMA20","short","None","None","None","None","REJECTED","Достигнут лимит позиций (4/4)","None","None","None"
"83ebd54c","2025-10-29T02:44:58.219635+00:00","DOGEUSDT","Pullback Engine","EMA20 retest, RSI=44.0, OFI=-35.7, OBI=-0.45","short","None","None","None","None","REJECTED","Достигнут лимит позиций (4/4)","None","None","None"
"dc6b54b8","2025-10-29T02:44:58.436832+00:00","ETHUSDT","Pullback Engine","EMA20 retest, RSI=48.1, OFI=-38.4, OBI=-0.09","short","None","None","None","None","REJECTED","Достигнут лимит позиций (4/4)","None","None","None"
"8ad2b7bd","2025-10-29T02:45:41.938714+00:00","SOLUSDT","Pullback Engine","EMA20 retest, RSI=48.7, OFI=-10.9, OBI=-0.22","short","None","None","None","None","REJECTED","Достигнут лимит позиций (4/4)","None","None","None"
"fafd5bb7","2025-10-29T02:45:42.114574+00:00","XLMUSDT","Pullback Engine","EMA20 retest, RSI=47.8, OFI=-30.6, OBI=0.29","short","None","None","None","None","REJECTED","Достигнут лимит позиций (4/4)","None","None","None"
"2ebdac00","2025-10-29T02:45:42.168085+00:00","BNBUSDT","Pullback Engine","EMA20 retest, RSI=46.5, OFI=-41.6, OBI=0.20","short","None","None","None","None","REJECTED","Достигнут лимит позиций (4/4)","None","None","None"
"70c55970","2025-10-29T02:46:03.235769+00:00","APTUSDT","Pullback Engine","EMA20 retest, RSI=45.1, OFI=-49.1, OBI=0.54","short","None","None","None","None","REJECTED","Достигнут лимит позиций (4/4)","None","None","None"
"c42d67fb","2025-10-29T02:46:44.516097+00:00","BNBUSDT","Trending_AI_Filtered","Pullback to EMA20","short","None","None","None","None","REJECTED","Достигнут лимит позиций (4/4)","None","None","None"
"9a85291b","2025-10-29T02:47:28.894359+00:00","SUIUSDT","Trending_AI_Filtered","Pullback to EMA20","short","None","None","None","None","REJECTED","Достигнут лимит позиций (4/4)","None","None","None"
"5696c24a","2025-10-29T02:47:49.722641+00:00","IMXUSDT","Ranging V5.0 (FB/PA)","False Breakout Support (0.5169)","long","None","None","None","None","REJECTED","Лимит позиций (4/4)","None","None","None"
"3e78c083","2025-10-29T02:48:11.795415+00:00","ARBUSDT","Trending_AI_Filtered","Pullback to EMA20","short","None","None","None","None","REJECTED","Достигнут лимит позиций (4/4)","None","None","None"
"ea468e66","2025-10-29T02:48:32.741179+00:00","OPUSDT","Trending_AI_Filtered","Pullback to EMA20","short","None","None","None","None","REJECTED","Достигнут лимит позиций (4/4)","None","None","None"
"77f54193","2025-10-29T02:59:59.761572+00:00","FILUSDT","Trending_AI_Filtered","Pullback to EMA20","short","None","None","None","None","REJECTED","Достигнут лимит позиций (4/4)","None","None","None"
"f7d2559a","2025-10-29T02:59:59.949742+00:00","DOGEUSDT","Pullback Engine","EMA20 retest, RSI=44.1, OFI=-12.5, OBI=-0.12","short","None","None","None","None","REJECTED","Достигнут лимит позиций (4/4)","None","None","None"
"edb797f1","2025-10-29T03:00:41.554381+00:00","XLMUSDT","Trending_AI_Filtered","Pullback to EMA20","short","None","None","None","None","REJECTED","Достигнут лимит позиций (4/4)","None","None","None"
"cf470b6f","2025-10-29T03:00:41.807611+00:00","DOGEUSDT","Trending_AI_Filtered","Pullback to EMA20","short","None","None","None","None","REJECTED","Достигнут лимит позиций (4/4)","None","None","None"
"6dcb370c","2025-10-29T03:01:25.545255+00:00","SUIUSDT","Trending_AI_Filtered","Pullback to EMA20","short","None","None","None","None","REJECTED","Достигнут лимит позиций (4/4)","None","None","None"
"b0572e55","2025-10-29T03:01:26.072643+00:00","BCHUSDT","Ranging V5.0 (FB/PA)","Bearish PA (ShootingStar/Engulf) at Resistance (560.8112)","short","None","None","None","None","REJECTED","Лимит позиций (4/4)","None","None","None"
"90325c48","2025-10-29T03:02:08.686745+00:00","ONEUSDT","Trending_AI_Filtered","Pullback to EMA20","short","None","None","None","None","REJECTED","Достигнут лимит позиций (4/4)","None","None","None"
"27ff764e","2025-10-29T03:02:09.225908+00:00","APTUSDT","Trending_AI_Filtered","Pullback to EMA20","short","None","None","None","None","REJECTED","Достигнут лимит позиций (4/4)","None","None","None"
"b58d535c","2025-10-29T03:02:29.605028+00:00","LTCUSDT","Trending_AI_Filtered","Pullback to EMA20","short","None","None","None","None","REJECTED","Достигнут лимит позиций (4/4)","None","None","None"
"4aed98ed","2025-10-29T03:02:51.070667+00:00","NEARUSDT","Trending_AI_Filtered","Pullback to EMA20","short","None","None","None","None","REJECTED","Достигнут лимит позиций (4/4)","None","None","None"
"87499f14","2025-10-29T03:03:33.766551+00:00","OPUSDT","Pullback Engine","EMA20 retest, RSI=44.9, OFI=-25.2, OBI=-0.15","short","None","None","None","None","REJECTED","Достигнут лимит позиций (4/4)","None","None","None"
"18286c74","2025-10-29T03:03:54.686250+00:00","OPUSDT","Trending_AI_Filtered","Pullback to EMA20","short","None","None","None","None","REJECTED","Достигнут лимит позиций (4/4)","None","None","None"
"fefde850","2025-10-29T03:04:15.958741+00:00","ARBUSDT","Trending_AI_Filtered","Pullback to EMA20","short","None","None","None","None","REJECTED","Достигнут лимит позиций (4/4)","None","None","None"
"666f5fdc","2025-10-29T03:15:00.683788+00:00","ETHUSDT","Pullback Engine","EMA20 retest, RSI=47.5, OFI=-53.4, OBI=-1.00","short","None","None","None","None","REJECTED","Достигнут лимит позиций (4/4)","None","None","None"
"8c75e542","2025-10-29T03:15:22.103647+00:00","SOLUSDT","Trending_AI_Filtered","Pullback to EMA20","short","None","None","None","None","REJECTED","Достигнут лимит позиций (4/4)","None","None","None"
"a5ded6cc","2025-10-29T03:15:44.965688+00:00","AVAXUSDT","Trending_AI_Filtered","Pullback to EMA20","short","None","None","None","None","REJECTED","Достигнут лимит позиций (4/4)","None","None","None"
"2f7b8c57","2025-10-29T03:15:45.130838+00:00","BNBUSDT","Trending_AI_Filtered","Pullback to EMA20","short","None","None","None","None","REJECTED","Достигнут лимит позиций (4/4)","None","None","None"
"7e889bf0","2025-10-29T03:16:06.480683+00:00","CRVUSDT","Trending_AI_Filtered","Pullback to EMA20","short","None","None","None","None","REJECTED","Достигнут лимит позиций (4/4)","None","None","None"
"dcd60e1f","2025-10-29T03:16:49.690904+00:00","DOTUSDT","Trending_AI_Filtered","Pullback to EMA20","short","None","None","None","None","REJECTED","Достигнут лимит позиций (4/4)","None","None","None"
"8e5551bb","2025-10-29T03:17:11.694233+00:00","ENJUSDT","Ranging V5.0 (FB/PA)","False Breakout Resistance (0.0430)","short","None","None","None","None","REJECTED","Лимит позиций (4/4)","None","None","None"
"
"72377326","2025-10-29T03:29:57.759193+00:00","ETHUSDT","Trending_AI_Filtered","Pullback to EMA20","short","None","None","None","None","REJECTED","Достигнут лимит позиций (4/4)","None","None","None"
"2a67004d","2025-10-29T03:30:21.217035+00:00","BCHUSDT","Ranging V5.0 (FB/PA)","Bearish PA (ShootingStar/Engulf) at Resistance (560.8461)","short","None","None","None","None","REJECTED","Лимит позиций (4/4)","None","None","None"
"c193cbfa","2025-10-29T03:30:41.375030+00:00","AVAXUSDT","Trending_AI_Filtered","Pullback to EMA20","short","None","None","None","None","REJECTED","Достигнут лимит позиций (4/4)","None","None","None"
"79b26238","2025-10-29T03:31:06.000759+00:00","ENJUSDT","Ranging V5.0 (FB/PA)","False Breakout Resistance (0.0430)","short","None","None","None","None","REJECTED","Лимит позиций (4/4)","None","None","None"
"667c26f7","2025-10-29T03:31:26.311975+00:00","IMXUSDT","Ranging V5.0 (FB/PA)","False Breakout Support (0.5169)","long","None","None","None","None","REJECTED","Лимит позиций (4/4)","None","None","None"
None"
"d1e86510","2025-10-29T03:44:59.276415+00:00","SOLUSDT","Pullback Engine","EMA20 retest, RSI=44.8, OFI=-14.5, OBI=0.03","short","None","None","None","None","REJECTED","Достигнут лимит позиций (4/4)","None","None","None"
"872e2597","2025-10-29T03:44:59.485774+00:00","BNBUSDT","Pullback Engine","EMA20 retest, RSI=46.2, OFI=-88.2, OBI=0.89","short","None","None","None","None","REJECTED","Достигнут лимит позиций (4/4)","None","None","None"
"757ed0b1","2025-10-29T03:45:41.237377+00:00","BNBUSDT","Trending_AI_Filtered","Pullback to EMA20","short","None","None","None","None","REJECTED","Достигнут лимит позиций (4/4)","None","None","None"
"7edd9b9a","2025-10-29T03:46:03.157899+00:00","HBARUSDT","Ranging V5.0 (FB/PA)","False Breakout Support (0.1938)","long","None","None","None","None","REJECTED","Лимит позиций (4/4)","None","None","None"
"2d82e127","2025-10-29T03:46:25.577374+00:00","ENJUSDT","Ranging V5.0 (FB/PA)","False Breakout Resistance (0.0430)","short","None","None","None","None","REJECTED","Лимит позиций (4/4)","None","None","None"
"6135b864","2025-10-29T03:46:47.999846+00:00","ONEUSDT","Trending_AI_Filtered","Pullback to EMA20","short","None","None","None","None","REJECTED","Достигнут лимит позиций (4/4)","None","None","None"
"7233d591","2025-10-29T03:59:57.906244+00:00","FILUSDT","Trending_AI_Filtered","Pullback to EMA20","short","None","None","None","None","REJECTED","Достигнут лимит позиций (4/4)","None","None","None"
"714a346f","2025-10-29T04:00:19.453055+00:00","ETHUSDT","Pullback Engine","EMA20 retest, RSI=48.9, OFI=-3.4, OBI=-0.78","short","None","None","None","None","REJECTED","Достигнут лимит позиций (4/4)","None","None","None"
"024df6c9","2025-10-29T04:01:25.164255+00:00","ONEUSDT","Trending_AI_Filtered","Pullback to EMA20","short","None","None","None","None","REJECTED","Достигнут лимит позиций (4/4)","None","None","None"
"c66f1d1e","2025-10-29T04:01:46.327834+00:00","HBARUSDT","Ranging V5.0 (FB/PA)","False Breakout Support (0.1940)","long","None","None","None","None","REJECTED","Лимит позиций (4/4)","None","None","None"
"3e7366c0","2025-10-29T04:02:06.382164+00:00","BNBUSDT","Pullback Engine","EMA20 retest, RSI=45.9, OFI=-78.0, OBI=0.00","short","None","None","None","None","REJECTED","Достигнут лимит позиций (4/4)","None","None","None"
"f767a19e","2025-10-29T04:02:28.207577+00:00","BNBUSDT","Trending_AI_Filtered","Pullback to EMA20","short","None","None","None","None","REJECTED","Достигнут лимит позиций (4/4)","None","None","None"
"4ddd6c27","2025-10-29T04:02:51.163226+00:00","INJUSDT","Ranging V5.0 (FB/PA)","False Breakout Support (8.3611)","long","None","None","None","None","REJECTED","Лимит позиций (4/4)","None","None","None"
"0577fd45","2025-10-29T04:03:12.023788+00:00","IMXUSDT","Ranging V5.0 (FB/PA)","False Breakout Support (0.5169)","long","None","None","None","None","REJECTED","Лимит позиций (4/4)","None","None","None"
"99f163ed","2025-10-29T04:15:03.247994+00:00","ONEUSDT","Trending_AI_Filtered","Pullback to EMA20","short","None","None","None","None","REJECTED","Достигнут лимит позиций (4/4)","None","None","None"
"2a00edf1","2025-10-29T04:15:24.265823+00:00","SUIUSDT","Pullback Engine","EMA20 retest, RSI=43.2, OFI=-36.3, OBI=-0.05","short","None","None","None","None","REJECTED","Достигнут лимит позиций (4/4)","None","None","None"
"314916b8","2025-10-29T04:30:00.900237+00:00","XLMUSDT","Pullback Engine","EMA20 retest, RSI=45.4, OFI=-65.9, OBI=-0.65","short","None","None","None","None","REJECTED","Достигнут лимит позиций (4/4)","None","None","None"
"b1528f90","2025-10-29T04:30:23.617951+00:00","LTCUSDT","Trending_AI_Filtered","Pullback to EMA20","short","None","None","None","None","REJECTED","Достигнут лимит позиций (4/4)","None","None","None"
"6bda8d0e","2025-10-29T04:41:04.582485+00:00","CHZUSDT","Trending_AI_Filtered","Pullback to EMA20","short","None","None","None","None","REJECTED","Достигнут лимит позиций (4/4)","None","None","None"
"34f3de7a","2025-10-29T04:41:04.977217+00:00","CRVUSDT","Trending_AI_Filtered","Pullback to EMA20","short","None","None","None","None","REJECTED","Достигнут лимит позиций (4/4)","None","None","None"
"21867f5e","2025-10-29T04:41:05.330080+00:00","ADAUSDT","Trending_AI_Filtered","Pullback to EMA20","short","None","None","None","None","REJECTED","Достигнут лимит позиций (4/4)","None","None","None"
"3337e17f","2025-10-29T04:41:05.773480+00:00","LINKUSDT","Trending_AI_Filtered","Pullback to EMA20","short","None","None","None","None","REJECTED","Достигнут лимит позиций (4/4)","None","None","None"
"f532b640","2025-10-29T04:41:05.866393+00:00","ICPUSDT","Trending_AI_Filtered","Pullback to EMA20","short","None","None","None","None","REJECTED","Достигнут лимит позиций (4/4)","None","None","None"
"d7fc8ecc","2025-10-29T04:41:06.490301+00:00","LTCUSDT","Trending_AI_Filtered","Pullback to EMA20","short","None","None","None","None","REJECTED","Достигнут лимит позиций (4/4)","None","None","None"
"8dacb92f","2025-10-29T04:41:06.673176+00:00","XLMUSDT","Trending_AI_Filtered","Pullback to EMA20","short","None","None","None","None","REJECTED","Достигнут лимит позиций (4/4)","None","None","None"
"124bef27","2025-10-29T04:41:06.678181+00:00","HBARUSDT","Ranging V5.0 (FB/PA)","False Breakout Support (0.1942)","long","None","None","None","None","REJECTED","Лимит позиций (4/4)","None","None","None"
"42f364a9","2025-10-29T04:41:06.852440+00:00","SUIUSDT","Trending_AI_Filtered","Pullback to EMA20","short","None","None","None","None","REJECTED","Достигнут лимит позиций (4/4)","None","None","None"
"a175f260","2025-10-29T04:41:06.942522+00:00","OPUSDT","Trending_AI_Filtered","Pullback to EMA20","short","None","None","None","None","REJECTED","Достигнут лимит позиций (4/4)","None","None","None"
"258d38f3","2025-10-29T04:41:07.207754+00:00","SEIUSDT","Trending_AI_Filtered","Pullback to EMA20","short","None","None","None","None","REJECTED","Достигнут лимит позиций (4/4)","None","None","None"
"a71affb0","2025-10-29T04:41:07.294834+00:00","TIAUSDT","Trending_AI_Filtered","Pullback to EMA20","short","None","None","None","None","REJECTED","Достигнут лимит позиций (4/4)","None","None","None"
"515c97b3","2025-10-29T04:41:29.622688+00:00","CHZUSDT","Pullback Engine","EMA20 retest, RSI=46.5, OFI=-23.6, OBI=-0.18","short","None","None","None","None","REJECTED","Достигнут лимит позиций (4/4)","None","None","None"
"18f9e153","2025-10-29T04:41:29.627692+00:00","HBARUSDT","Pullback Engine","EMA20 retest, RSI=47.8, OFI=-69.6, OBI=-0.24","short","None","None","None","None","REJECTED","Достигнут лимит позиций (4/4)","None","None","None"
"58d06347","2025-10-29T04:41:29.663724+00:00","ADAUSDT","Pullback Engine","EMA20 retest, RSI=45.7, OFI=-12.9, OBI=-0.06","short","None","None","None","None","REJECTED","Достигнут лимит позиций (4/4)","None","None","None"
"a9907f01","2025-10-29T04:41:29.680740+00:00","ENJUSDT","Pullback Engine","EMA20 retest, RSI=51.1, OFI=-54.5, OBI=-0.26","short","None","None","None","None","REJECTED","Достигнут лимит позиций (4/4)","None","None","None"
"36deaba4","2025-10-29T04:41:29.696755+00:00","DOGEUSDT","Pullback Engine","EMA20 retest, RSI=46.5, OFI=-2.8, OBI=-0.12","short","None","None","None","None","REJECTED","Достигнут лимит позиций (4/4)","None","None","None"
"65b16efe","2025-10-29T04:59:58.013972+00:00","SOLUSDT","Pullback Engine","EMA20 retest, RSI=50.2, OFI=1.2, OBI=-0.11","short","None","None","None","None","REJECTED","Достигнут лимит позиций (4/4)","None","None","None"
"f48020c7","2025-10-29T04:59:58.267202+00:00","APTUSDT","Trending_AI_Filtered","Pullback to EMA20","short","None","None","None","None","REJECTED","Достигнут лимит позиций (4/4)","None","None","None"
"927ad9d7","2025-10-29T05:00:42.516229+00:00","XLMUSDT","Trending_AI_Filtered","Pullback to EMA20","short","None","None","None","None","REJECTED","Достигнут лимит позиций (4/4)","None","None","None"
"aa860c7a","2025-10-29T05:14:57.435434+00:00","TIAUSDT","Trending_AI_Filtered","Pullback to EMA20","short","None","None","None","None","REJECTED","Достигнут лимит позиций (4/4)","None","None","None"
"d6f65408","2025-10-29T05:14:57.628619+00:00","XLMUSDT","Trending_AI_Filtered","Pullback to EMA20","short","None","None","None","None","REJECTED","Достигнут лимит позиций (4/4)","None","None","None"
"0002999d","2025-10-29T05:15:40.441231+00:00","ADAUSDT","Pullback Engine","EMA20 retest, RSI=43.9, OFI=-17.2, OBI=-0.02","short","None","None","None","None","REJECTED","Достигнут лимит позиций (4/4)","None","None","None"
"3d73ca4d","2025-10-29T05:16:01.482830+00:00","ADAUSDT","Trending_AI_Filtered","Pullback to EMA20","short","None","None","None","None","REJECTED","Достигнут лимит позиций (4/4)","None","None","None"
"8ba8dbe9","2025-10-29T05:16:24.366901+00:00","SEIUSDT","Trending_AI_Filtered","Pullback to EMA20","short","None","None","None","None","REJECTED","Достигнут лимит позиций (4/4)","None","None","None"
"f90544c2","2025-10-29T05:16:45.608890+00:00","ONEUSDT","Trending_AI_Filtered","Pullback to EMA20","short","None","None","None","None","REJECTED","Достигнут лимит позиций (4/4)","None","None","None"
"86967a1b","2025-10-29T05:29:56.320546+00:00","LINKUSDT","Ranging V5.0 (FB/PA)","False Breakout Support (17.7871)","long","None","None","None","None","REJECTED","Лимит позиций (4/4)","None","None","None"
"75cdfbb8","2025-10-29T05:30:19.626645+00:00","ALGOUSDT","Trending_AI_Filtered","Pullback to EMA20","short","None","None","None","None","REJECTED","Достигнут лимит позиций (4/4)","None","None","None"
"0a008a3e","2025-10-29T05:30:20.312533+00:00","INJUSDT","Ranging V5.0 (FB/PA)","False Breakout Resistance (8.4092)","short","None","None","None","None","REJECTED","Лимит позиций (4/4)","None","None","None"
","None","None","None"
"5e27af98","2025-10-29T05:31:21.717781+00:00","FETUSDT","Ranging V5.0 (FB/PA)","False Breakout Support (0.2569)","long","None","None","None","None","REJECTED","Лимит позиций (4/4)","None","None","None"
"63181bfa","2025-10-29T05:31:43.228073+00:00","ICPUSDT","Trending_AI_Filtered","Pullback to EMA20","short","None","None","None","None","REJECTED","Достигнут лимит позиций (4/4)","None","None","None"
"8ce35350","2025-10-29T05:44:55.872342+00:00","LINKUSDT","Ranging V5.0 (FB/PA)","False Breakout Support (17.7899)","long","None","None","None","None","REJECTED","Лимит позиций (4/4)","None","None","None"
"2dae7526","2025-10-29T05:45:17.293859+00:00","SUIUSDT","Trending_AI_Filtered","Pullback to EMA20","short","None","None","None","None","REJECTED","Достигнут лимит позиций (4/4)","None","None","None"
"47de4cc6","2025-10-29T05:45:17.960382+00:00","HBARUSDT","Ranging V5.0 (FB/PA)","False Breakout Support (0.1941)","long","None","None","None","None","REJECTED","Лимит позиций (4/4)","None","None","None"
"fa17299f","2025-10-29T05:45:59.674540+00:00","WIFUSDT","Trending_AI_Filtered","Pullback to EMA20","short","None","None","None","None","REJECTED","Достигнут лимит позиций (4/4)","None","None","None"
"8e88b620","2025-10-29T05:46:00.128078+00:00","ICPUSDT","Pullback Engine","EMA20 retest, RSI=45.9, OFI=-22.0, OBI=0.18","short","None","None","None","None","REJECTED","Достигнут лимит позиций (4/4)","None","None","None"
"8611ef4c","2025-10-29T05:46:41.814315+00:00","ICPUSDT","Trending_AI_Filtered","Pullback to EMA20","short","None","None","None","None","REJECTED","Достигнут лимит позиций (4/4)","None","None","None"
"674d4f38","2025-10-29T06:00:15.846013+00:00","CRVUSDT","Ranging V5.0 (FB/PA)","False Breakout Resistance (0.5361)","short","None","None","None","None","REJECTED","Лимит позиций (4/4)","None","None","None"
","None","None","None"
"cf0fcb52","2025-10-29T06:00:36.418644+00:00","FETUSDT","Ranging V5.0 (FB/PA)","False Breakout Resistance (0.2583)","short","None","None","None","None","REJECTED","Лимит позиций (4/4)","None","None","None"
"7d9c7917","2025-10-29T06:00:57.811220+00:00","SUIUSDT","Trending_AI_Filtered","Pullback to EMA20","short","None","None","None","None","REJECTED","Достигнут лимит позиций (4/4)","None","None","None"
"9f372431","2025-10-29T06:00:57.933326+00:00","ALGOUSDT","Pullback Engine","EMA20 retest, RSI=45.1, OFI=-12.0, OBI=0.04","short","None","None","None","None","REJECTED","Достигнут лимит позиций (4/4)","None","None","None"
"a6170325","2025-10-29T06:01:40.713930+00:00","ALGOUSDT","Trending_AI_Filtered","Pullback to EMA20","short","None","None","None","None","REJECTED","Достигнут лимит позиций (4/4)","None","None","None"
"c9fff260","2025-10-29T06:01:41.186765+00:00","ICPUSDT","Trending_AI_Filtered","Pullback to EMA20","short","None","None","None","None","REJECTED","Достигнут лимит позиций (4/4)","None","None","None"
"613990aa","2025-10-29T06:14:55.583203+00:00","AVAXUSDT","Ranging V5.0 (FB/PA)","False Breakout Resistance (19.5362)","short","None","None","None","None","REJECTED","Лимит позиций (4/4)","None","None","None"
"1d5289ba","2025-10-29T06:15:15.884016+00:00","BCHUSDT","Ranging V5.0 (FB/PA)","False Breakout Support (560.7183)","long","None","None","None","None","REJECTED","Лимит позиций (4/4)","None","None","None"
"a44cfa77","2025-10-29T06:15:35.987226+00:00","LINKUSDT","Ranging V5.0 (FB/PA)","False Breakout Resistance (17.8849)","short","None","None","None","None","REJECTED","Лимит позиций (4/4)","None","None","None"
"66f847ec","2025-10-29T06:15:56.118926+00:00","HBARUSDT","Ranging V5.0 (FB/PA)","False Breakout Support (0.1942)","long","None","None","None","None","REJECTED","Лимит позиций (4/4)","None","None","None"
"05cf3ba0","2025-10-29T06:16:16.577836+00:00","APTUSDT","Ranging V5.0 (FB/PA)","False Breakout Support (3.3417)","long","None","None","None","None","REJECTED","Лимит позиций (4/4)","None","None","None"
"12a1229d","2025-10-29T06:16:37.871860+00:00","SUIUSDT","Pullback Engine","EMA20 retest, RSI=44.2, OFI=7.8, OBI=-0.20","short","None","None","None","None","REJECTED","AI BTC filter: AI Заблокировано: Сделка SHORT крайне рискованна. Несмотря на то, что общая структура после сильного падения 28 октября остается медвежьей, в данный момент наблюдается сильный локальный бычий импульс. Цена пробила краткосрочную скользящую среднюю и движется к более долгосрочной (оранжевая линия) на растущем объеме. Вход в шорт прямо сейчас — это попытка торговать против текущего импульса без какого-либо подтверждения разворота или отбоя от сопротивления. Рынок находится в зоне неопределенности, где пробой уровня ~11350 может спровоцировать дальнейший рост (short squeeze). Рекомендуется дождаться явных признаков слабости покупателей. (conf: 25%)","None","None","None"
"d2bfb279","2025-10-29T06:16:56.903963+00:00","ALGOUSDT","Trending_AI_Filtered","Pullback to EMA20","short","None","None","85","67.0","EXECUTED","None","0.1829","0.1848","0.18"
"753d01c1","2025-10-29T06:17:17.978592+00:00","SUIUSDT","Trending_AI_Filtered","Pullback to EMA20","short","None","None","None","None","REJECTED","Достигнут лимит позиций (4/4)","None","None","None"
"5c7453be","2025-10-29T06:29:55.853505+00:00","AVAXUSDT","Ranging V5.0 (FB/PA)","False Breakout Resistance (19.5360)","short","None","None","None","None","REJECTED","Лимит позиций (4/4)","None","None","None"
"16e7deba","2025-10-29T06:30:15.928437+00:00","BCHUSDT","Ranging V5.0 (FB/PA)","False Breakout Support (560.7248)","long","None","None","None","None","REJECTED","Лимит позиций (4/4)","None","None","None"
"3221eafc","2025-10-29T06:30:36.138294+00:00","LINKUSDT","Ranging V5.0 (FB/PA)","False Breakout Resistance (17.8847)","short","None","None","None","None","REJECTED","Лимит позиций (4/4)","None","None","None"
"373adb9e","2025-10-29T06:30:59.421341+00:00","FETUSDT","Ranging V5.0 (FB/PA)","False Breakout Resistance (0.2583)","short","None","None","None","None","REJECTED","Лимит позиций (4/4)","None","None","None"
"9c42b29c","2025-10-29T06:31:19.541267+00:00","IMXUSDT","Ranging V5.0 (FB/PA)","False Breakout Resistance (0.5197)","short","None","None","None","None","REJECTED","Лимит позиций (4/4)","None","None","None"
"20fc3402","2025-10-29T06:31:40.705358+00:00","SUIUSDT","Trending_AI_Filtered","Pullback to EMA20","short","None","None","None","None","REJECTED","Достигнут лимит позиций (4/4)","None","None","None"
"e8c38ecc","2025-10-29T06:31:40.851499+00:00","ICPUSDT","Trending_AI_Filtered","Pullback to EMA20","short","None","None","None","None","REJECTED","Достигнут лимит позиций (4/4)","None","None","None"
"a02af93e","2025-10-29T06:45:00.197492+00:00","AVAXUSDT","Ranging V5.0 (FB/PA)","False Breakout Resistance (19.5358)","short","None","None","None","None","REJECTED","Лимит позиций (4/4)","None","None","None"
"1d387827","2025-10-29T06:45:20.486739+00:00","BCHUSDT","Ranging V5.0 (FB/PA)","False Breakout Resistance (563.2633)","short","None","None","None","None","REJECTED","Лимит позиций (4/4)","None","None","None"
"1cf6d888","2025-10-29T06:45:43.901457+00:00","ENAUSDT","Pullback Engine","EMA20 retest, RSI=48.7, OFI=-18.5, OBI=-0.06","short","None","None","None","None","REJECTED","Достигнут лимит позиций (4/4)","None","None","None"
"61e57a1b","2025-10-29T06:46:05.305349+00:00","IMXUSDT","Ranging V5.0 (FB/PA)","False Breakout Resistance (0.5197)","short","None","None","None","None","REJECTED","Лимит позиций (4/4)","None","None","None"
"fc2f2238","2025-10-29T06:46:25.414930+00:00","ENAUSDT","Trending_AI_Filtered","Pullback to EMA20","short","None","None","None","None","REJECTED","Достигнут лимит позиций (4/4)","None","None","None"
"ef6813f7","2025-10-29T06:46:46.723723+00:00","ICPUSDT","Pullback Engine","EMA20 retest, RSI=45.6, OFI=-10.0, OBI=0.04","short","None","None","None","None","REJECTED","Достигнут лимит позиций (4/4)","None","None","None"
"2ab2a100","2025-10-29T06:47:07.846742+00:00","ICPUSDT","Trending_AI_Filtered","Pullback to EMA20","short","None","None","None","None","REJECTED","Достигнут лимит позиций (4/4)","None","None","None"
"5538dc3c","2025-10-29T07:00:00.898574+00:00","FETUSDT","Ranging V5.0 (FB/PA)","False Breakout Resistance (0.2584)","short","None","None","None","None","REJECTED","Лимит позиций (4/4)","None","None","None"
"64a779fb","2025-10-29T07:15:20.343454+00:00","BCHUSDT","Ranging V5.0 (FB/PA)","False Breakout Support (560.7288)","long","None","None","None","None","REJECTED","Лимит позиций (4/4)","None","None","None"
ne"
"35d7cc4b","2025-10-29T07:15:40.518201+00:00","HBARUSDT","Ranging V5.0 (FB/PA)","False Breakout Support (0.1941)","long","None","None","None","None","REJECTED","Лимит позиций (4/4)","None","None","None"
"e56d4acd","2025-10-29T07:16:00.954469+00:00","APTUSDT","Ranging V5.0 (FB/PA)","False Breakout Support (3.3417)","long","None","None","None","None","REJECTED","Лимит позиций (4/4)","None","None","None"
"9f59cab7","2025-10-29T07:29:59.916815+00:00","LINKUSDT","Ranging V5.0 (FB/PA)","False Breakout Resistance (17.8851)","short","None","None","None","None","REJECTED","Лимит позиций (4/4)","None","None","None"
"c75960c9","2025-10-29T07:30:20.462870+00:00","BCHUSDT","Ranging V5.0 (FB/PA)","False Breakout Support (560.7292)","long","None","None","None","None","REJECTED","Лимит позиций (4/4)","None","None","None"
"aca52de1","2025-10-29T07:30:40.604153+00:00","HBARUSDT","Ranging V5.0 (FB/PA)","False Breakout Support (0.1942)","long","None","None","None","None","REJECTED","Лимит позиций (4/4)","None","None","None"
"5d12b9de","2025-10-29T07:31:03.069881+00:00","IMXUSDT","Ranging V5.0 (FB/PA)","False Breakout Resistance (0.5197)","short","None","None","None","None","REJECTED","Лимит позиций (4/4)","None","None","None"
"0962cba7","2025-10-29T07:45:20.326774+00:00","NEARUSDT","Ranging V5.0 (FB/PA)","False Breakout Resistance (2.2505)","short","None","None","None","None","REJECTED","Лимит позиций (4/4)","None","None","None"
"32702c89","2025-10-29T07:45:40.529011+00:00","APTUSDT","Ranging V5.0 (FB/PA)","False Breakout Support (3.3418)","long","None","None","None","None","REJECTED","Лимит позиций (4/4)","None","None","None"
"83c75279","2025-10-29T07:46:01.759604+00:00","ENAUSDT","Pullback Engine","EMA20 retest, RSI=47.5, OFI=0.9, OBI=-0.16","short","None","None","None","None","REJECTED","Достигнут лимит позиций (4/4)","None","None","None"
"618058e3","2025-10-29T07:46:22.688896+00:00","TIAUSDT","Ranging V5.0 (FB/PA)","False Breakout Support (1.0008)","long","None","None","None","None","REJECTED","Лимит позиций (4/4)","None","None","None"
"1dffb122","2025-10-29T07:46:42.793573+00:00","ENAUSDT","Trending_AI_Filtered","Pullback to EMA20","short","None","None","None","None","REJECTED","Достигнут лимит позиций (4/4)","None","None","None"
"fc74ea77","2025-10-29T07:46:43.006788+00:00","INJUSDT","Ranging V5.0 (FB/PA)","Bearish PA (ShootingStar/Engulf) at Resistance (8.4106)","short","None","None","None","None","REJECTED","Лимит позиций (4/4)","None","None","None"
"6905cfc3","2025-10-29T07:46:43.042843+00:00","CRVUSDT","Ranging V5.0 (FB/PA)","False Breakout Resistance (0.5358)","short","None","None","None","None","REJECTED","Лимит позиций (4/4)","None","None","None"
"1f488085","2025-10-29T08:00:40.644631+00:00","NEARUSDT","Ranging V5.0 (FB/PA)","False Breakout Resistance (2.2489)","short","None","None","None","None","REJECTED","Лимит позиций (4/4)","None","None","None"
e","None"
"95a82117","2025-10-29T08:01:01.355913+00:00","CRVUSDT","Ranging V5.0 (FB/PA)","False Breakout Resistance (0.5355)","short","None","None","None","None","REJECTED","Лимит позиций (4/4)","None","None","None"
"aa4b3027","2025-10-29T08:01:24.644441+00:00","LTCUSDT","Impulse_AI_Filtered","BBW↑0.84, ADX=29.6, OFI=-10.7, OBI=-0.04","short","None","None","None","None","REJECTED","BTC state=UP, p_up=0.83","None","None","None"
"1215b0a8","2025-10-29T08:01:25.240968+00:00","ANKRUSDT","Trending_AI_Filtered","Pullback to EMA20","long","None","None","None","None","REJECTED","Достигнут лимит позиций (4/4)","None","None","None"
"f71501b9","2025-10-29T12:45:18.596548+00:00","NEARUSDT","Ranging V5.0 (FB/PA)","False Breakout Resistance (2.2481)","short","None","None","None","None","REJECTED","Лимит позиций (4/4)","None","None","None"

"d0797b59","2025-10-29T12:45:38.780202+00:00","DOTUSDT","Ranging V5.0 (FB/PA)","Bearish PA (ShootingStar/Engulf) at Resistance (3.0555)","short","None","None","None","None","REJECTED","Лимит позиций (4/4)","None","None","None"
"f155a9a9","2025-10-29T12:46:00.641151+00:00","CRVUSDT","Ranging V5.0 (FB/PA)","False Breakout Resistance (0.5352)","short","None","None","None","None","REJECTED","Лимит позиций (4/4)","None","None","None"

"3922e1f7","2025-10-29T12:46:40.906700+00:00","ONEUSDT","Ranging V5.0 (FB/PA)","False Breakout Support (0.0061)","long","None","None","None","None","REJECTED","Лимит позиций (4/4)","None","None","None"
"3d5ab7df","2025-10-29T13:14:59.997192+00:00","DOGEUSDT","Impulse_AI_Filtered","BBW↑1.04, ADX=27.1, OFI=-44.9, OBI=-0.24","short","None","None","None","None","REJECTED","BTC state=UP, p_up=0.99","None","None","None"
"cad60769","2025-10-29T13:15:02.586486+00:00","CRVUSDT","Ranging V5.0 (FB/PA)","False Breakout Resistance (0.5345)","short","None","None","None","None","REJECTED","Лимит позиций (4/4)","None","None","None"
"615e8640","2025-10-29T13:15:24.504898+00:00","WIFUSDT","Impulse_AI_Filtered","BBW↑4.64, ADX=30.5, OFI=-7.9, OBI=-0.20","short","None","None","None","None","REJECTED","BTC state=UP, p_up=0.99","None","None","None"
"ef52263a","2025-10-29T13:45:00.755871+00:00","BTCUSDT","Trending_AI_Filtered","Pullback to EMA20","short","None","None","None","None","REJECTED","BTC state=UP, p_up=1.00","None","None","None"
"b8d7a575","2025-10-29T13:45:01.417486+00:00","DOGEUSDT","Impulse_AI_Filtered","BBW↑0.66, ADX=28.0, OFI=-42.5, OBI=-0.11","short","None","None","None","None","REJECTED","BTC state=UP, p_up=1.00","None","None","None"
"086e4b55","2025-10-29T13:45:04.345750+00:00","TRXUSDT","Trending_AI_Filtered","Pullback to EMA20","long","None","None","None","None","REJECTED","Достигнут лимит позиций (4/4)","None","None","None"
"10810dc0","2025-10-29T13:45:28.619146+00:00","CRVUSDT","Ranging V5.0 (FB/PA)","False Breakout Resistance (0.5339)","short","None","None","None","None","REJECTED","Лимит позиций (4/4)","None","None","None"
"cb1316f4","2025-10-29T13:59:59.226984+00:00","DOGEUSDT","Trending_AI_Filtered","Pullback to EMA20","short","None","None","None","None","REJECTED","BTC state=UP, p_up=1.00","None","None","None"
"b69b9813","2025-10-29T14:00:00.690360+00:00","DOGEUSDT","Impulse_AI_Filtered","BBW↑0.37, ADX=27.1, OFI=-18.7, OBI=-0.19","short","None","None","None","None","REJECTED","BTC state=UP, p_up=1.00","None","None","None"
"abfdef16","2025-10-29T14:00:25.904334+00:00","ATOMUSDT","Trending_AI_Filtered","Pullback to EMA20","long","None","None","None","None","REJECTED","BTC state=DOWN, p_up=0.16","None","None","None"
"8f8ee538","2025-10-29T14:00:30.992079+00:00","CRVUSDT","Ranging V5.0 (FB/PA)","False Breakout Support (0.5302)","long","None","None","None","None","REJECTED","Лимит позиций (4/4)","None","None","None"
"34b8caac","2025-10-29T14:14:59.124984+00:00","AVAXUSDT","Pullback Engine","EMA20 retest, RSI=53.2, OFI=16.3, OBI=-0.27","long","None","None","None","None","REJECTED","Глобальный фильтр: BTC state=DOWN, p_up=0.06","None","None","None"
"3dc76687","2025-10-29T14:14:59.913567+00:00","AVAXUSDT","Trending_AI_Filtered","Pullback to EMA20","long","None","None","None","None","REJECTED","BTC state=DOWN, p_up=0.03","None","None","None"
"25b5dc54","2025-10-29T14:15:03.945530+00:00","XLMUSDT","Trending_AI_Filtered","Pullback to EMA20","long","None","None","None","None","REJECTED","BTC state=DOWN, p_up=0.01","None","None","None"
"c98e22f9","2025-10-29T14:15:05.017758+00:00","ONEUSDT","Ranging V5.0 (FB/PA)","False Breakout Resistance (0.0062)","short","None","None","None","None","REJECTED","Лимит позиций (4/4)","None","None","None"
"85445357","2025-10-29T14:15:26.186084+00:00","ATOMUSDT","Trending_AI_Filtered","Pullback to EMA20","long","None","None","None","None","REJECTED","BTC state=DOWN, p_up=0.00","None","None","None"
"1f25d752","2025-10-29T14:29:59.105149+00:00","APTUSDT","Pullback Engine","EMA20 retest, RSI=52.3, OFI=42.9, OBI=0.16","long","None","None","None","None","REJECTED","Глобальный фильтр: BTC state=DOWN, p_up=0.00","None","None","None"
"45e3b098","2025-10-29T14:29:59.603217+00:00","APTUSDT","Trending_AI_Filtered","Pullback to EMA20","long","None","None","None","None","REJECTED","BTC state=DOWN, p_up=0.00","None","None","None"
"b8715fd4","2025-10-29T14:30:01.129944+00:00","ICPUSDT","Ranging V5.0 (FB/PA)","False Breakout Support (3.0666)","long","None","None","None","None","REJECTED","Лимит позиций (4/4)","None","None","None"
"986ad6b9","2025-10-29T14:30:24.046823+00:00","SUIUSDT","Trending_AI_Filtered","Pullback to EMA20","short","None","None","None","None","REJECTED","Достигнут лимит позиций (4/4)","None","None","None"
"1e89ae2b","2025-10-29T14:30:46.194326+00:00","ANKRUSDT","Pullback Engine","EMA20 retest, RSI=52.2, OFI=7.1, OBI=0.25","long","None","None","None","None","REJECTED","Глобальный фильтр: BTC state=DOWN, p_up=0.00","None","None","None"
"4f01ddf1","2025-10-29T14:30:47.100609+00:00","LTCUSDT","Pullback Engine","EMA20 retest, RSI=54.2, OFI=15.7, OBI=0.00","long","None","None","None","None","REJECTED","Глобальный фильтр: BTC state=DOWN, p_up=0.00","None","None","None"
"800c729b","2025-10-29T14:30:47.784460+00:00","FETUSDT","Pullback Engine","EMA20 retest, RSI=51.5, OFI=1.1, OBI=0.14","long","None","None","None","None","REJECTED","Глобальный фильтр: BTC state=DOWN, p_up=0.00","None","None","None"
"f8f352df","2025-10-29T14:30:48.283705+00:00","FETUSDT","Trending_AI_Filtered","Pullback to EMA20","long","None","None","None","None","REJECTED","BTC state=DOWN, p_up=0.00","None","None","None"
"a9ee9891","2025-10-29T14:44:58.696124+00:00","AVAXUSDT","Trending_AI_Filtered","Pullback to EMA20","short","None","None","None","None","REJECTED","Достигнут лимит позиций (4/4)","None","None","None"
"74917389","2025-10-29T14:45:21.608102+00:00","BNBUSDT","Ranging V5.0 (FB/PA)","False Breakout Support (1103.6616)","long","None","None","None","None","REJECTED","Лимит позиций (4/4)","None","None","None"
"d087d49c","2025-10-29T14:45:43.038152+00:00","XLMUSDT","Trending_AI_Filtered","Pullback to EMA20","long","None","None","None","None","REJECTED","BTC state=DOWN, p_up=0.00","None","None","None"
"b1d6f1ec","2025-10-29T14:45:44.384956+00:00","ICPUSDT","Ranging V5.0 (FB/PA)","False Breakout Resistance (3.0766)","short","None","None","None","None","REJECTED","Лимит позиций (4/4)","None","None","None"
"bcd84475","2025-10-29T14:46:05.724260+00:00","FETUSDT","Trending_AI_Filtered","Pullback to EMA20","long","None","None","None","None","REJECTED","BTC state=DOWN, p_up=0.00","None","None","None"
"5262881d","2025-10-29T14:46:06.072613+00:00","LTCUSDT","Trending_AI_Filtered","Pullback to EMA20","long","None","None","None","None","REJECTED","BTC state=DOWN, p_up=0.00","None","None","None"
"07e70841","2025-10-29T14:46:08.728461+00:00","CHZUSDT","Trending_AI_Filtered","Pullback to EMA20","long","None","None","None","None","REJECTED","BTC state=DOWN, p_up=0.00","None","None","None"
"f598e01b","2025-10-29T14:46:08.910626+00:00","ANKRUSDT","Trending_AI_Filtered","Pullback to EMA20","long","None","None","None","None","REJECTED","BTC state=DOWN, p_up=0.00","None","None","None"
"718314de","2025-10-29T14:59:57.560916+00:00","BNBUSDT","Ranging V5.0 (FB/PA)","False Breakout Support (1103.7008)","long","None","None","None","None","REJECTED","Лимит позиций (4/4)","None","None","None"
"406447ad","2025-10-29T15:00:23.024121+00:00","ATOMUSDT","Pullback Engine","EMA20 retest, RSI=51.2, OFI=12.1, OBI=0.19","long","None","None","None","None","REJECTED","Глобальный фильтр: BTC state=DOWN, p_up=0.00","None","None","None"
"149fdea2","2025-10-29T15:00:24.417534+00:00","ICPUSDT","Ranging V5.0 (FB/PA)","False Breakout Support (3.0673)","long","None","None","None","None","REJECTED","Лимит позиций (4/4)","None","None","None"
"efb0c648","2025-10-29T15:00:44.705011+00:00","SEIUSDT","Ranging V5.0 (FB/PA)","False Breakout Support (0.1952)","long","None","None","None","None","REJECTED","Лимит позиций (4/4)","None","None","None"
"58722c66","2025-10-29T15:01:04.819983+00:00","LTCUSDT","Trending_AI_Filtered","Pullback to EMA20","long","None","None","None","None","REJECTED","BTC state=DOWN, p_up=0.00","None","None","None"
"1572d638","2025-10-29T15:01:07.854783+00:00","ANKRUSDT","Trending_AI_Filtered","Pullback to EMA20","long","None","None","None","None","REJECTED","BTC state=DOWN, p_up=0.00","None","None","None"
"ba3930d9","2025-10-29T15:15:00.206905+00:00","ADAUSDT","Ranging V5.0 (FB/PA)","False Breakout Support (0.6448)","long","None","None","None","None","REJECTED","Лимит позиций (4/4)","None","None","None"
"e74d3b97","2025-10-29T15:15:22.010118+00:00","SEIUSDT","Ranging V5.0 (FB/PA)","False Breakout Resistance (0.1964)","short","None","None","None","None","REJECTED","Лимит позиций (4/4)","None","None","None"
"e804090a","2025-10-29T15:15:43.117484+00:00","ICPUSDT","Ranging V5.0 (FB/PA)","False Breakout Support (3.0683)","long","None","None","None","None","REJECTED","Лимит позиций (4/4)","None","None","None"
"ef19d5df","2025-10-29T15:16:04.192726+00:00","CRVUSDT","Ranging V5.0 (FB/PA)","False Breakout Resistance (0.5319)","short","None","None","None","None","REJECTED","Лимит позиций (4/4)","None","None","None"
"0dffddad","2025-10-29T15:29:57.311196+00:00","SUIUSDT","Ranging V5.0 (FB/PA)","False Breakout Resistance (2.5236)","short","None","None","None","None","REJECTED","Лимит позиций (4/4)","None","None","None"
"35cc104c","2025-10-29T15:30:21.383285+00:00","ADAUSDT","Ranging V5.0 (FB/PA)","False Breakout Resistance (0.6462)","short","None","None","None","None","REJECTED","Лимит позиций (4/4)","None","None","None"
"9e3e8576","2025-10-29T15:30:42.335014+00:00","IMXUSDT","Pullback Engine","EMA20 retest, RSI=53.2, OFI=17.6, OBI=0.33","long","None","None","None","None","REJECTED","Глобальный фильтр: BTC state=DOWN, p_up=0.00","None","None","None"
"cfe600ac","2025-10-29T15:30:43.343795+00:00","DOTUSDT","Ranging V5.0 (FB/PA)","False Breakout Resistance (3.1008)","short","None","None","None","None","REJECTED","Лимит позиций (4/4)","None","None","None"
"4efeabc1","2025-10-29T15:31:03.442272+00:00","SEIUSDT","Ranging V5.0 (FB/PA)","False Breakout Resistance (0.1963)","short","None","None","None","None","REJECTED","Лимит позиций (4/4)","None","None","None"
"c7c87602","2025-10-29T15:31:24.741793+00:00","ANKRUSDT","Pullback Engine","EMA20 retest, RSI=53.0, OFI=-0.6, OBI=0.36","long","None","None","None","None","REJECTED","Глобальный фильтр: BTC state=DOWN, p_up=0.00","None","None","None"
"88fd5f9c","2025-10-29T15:31:25.575792+00:00","ANKRUSDT","Trending_AI_Filtered","Pullback to EMA20","long","None","None","None","None","REJECTED","BTC state=DOWN, p_up=0.00","None","None","None"
"756fb25d","2025-10-29T15:44:58.700152+00:00","HBARUSDT","Pullback Engine","EMA20 retest, RSI=49.7, OFI=22.2, OBI=0.05","long","None","None","None","None","REJECTED","Глобальный фильтр: BTC state=DOWN, p_up=0.00","None","None","None"
"c151bff9","2025-10-29T15:45:02.903528+00:00","FILUSDT","Pullback Engine","EMA20 retest, RSI=54.1, OFI=15.6, OBI=0.12","long","None","None","None","None","REJECTED","Глобальный фильтр: BTC state=DOWN, p_up=0.00","None","None","None"
"fd101f0b","2025-10-29T15:45:03.241430+00:00","SUIUSDT","Ranging V5.0 (FB/PA)","False Breakout Resistance (2.5199)","short","None","None","None","None","REJECTED","Лимит позиций (4/4)","None","None","None"
"bc9f1727","2025-10-29T15:45:23.828422+00:00","FILUSDT","Trending_AI_Filtered","Pullback to EMA20","long","None","None","None","None","REJECTED","BTC state=DOWN, p_up=0.00","None","None","None"
"56a628c4","2025-10-29T15:45:24.016592+00:00","DOTUSDT","Ranging V5.0 (FB/PA)","False Breakout Resistance (3.0935)","short","None","None","None","None","REJECTED","Лимит позиций (4/4)","None","None","None"
"517116b9","2025-10-29T15:45:45.498819+00:00","SEIUSDT","Ranging V5.0 (FB/PA)","False Breakout Support (0.1952)","long","None","None","None","None","REJECTED","Лимит позиций (4/4)","None","None","None"
"b6105218","2025-10-29T16:00:04.576865+00:00","ICPUSDT","Ranging V5.0 (FB/PA)","False Breakout Resistance (3.0679)","short","None","None","None","None","REJECTED","Лимит позиций (4/4)","None","None","None"
"48e508d6","2025-10-29T16:00:24.691325+00:00","FILUSDT","Pullback Engine","EMA20 retest, RSI=51.9, OFI=17.0, OBI=0.19","long","None","None","None","None","REJECTED","Глобальный фильтр: BTC state=DOWN, p_up=0.00","None","None","None"
"0ee066da","2025-10-29T16:30:00.987897+00:00","INJUSDT","Trending_AI_Filtered","Pullback to EMA20","long","None","None","None","None","REJECTED","BTC state=DOWN, p_up=0.00","None","None","None"
"378ebdd9","2025-10-29T16:30:22.405465+00:00","NEARUSDT","Trending_AI_Filtered","Pullback to EMA20","long","None","None","None","None","REJECTED","BTC state=DOWN, p_up=0.00","None","None","None"
"f7285a88","2025-10-29T16:30:23.504484+00:00","LTCUSDT","Pullback Engine","EMA20 retest, RSI=52.8, OFI=5.3, OBI=0.24","long","None","None","None","None","REJECTED","Глобальный фильтр: BTC state=DOWN, p_up=0.00","None","None","None"
"41308a59","2025-10-29T16:30:24.333520+00:00","LTCUSDT","Trending_AI_Filtered","Pullback to EMA20","long","None","None","None","None","REJECTED","BTC state=DOWN, p_up=0.00","None","None","None"
"488ee1dd","2025-10-29T16:30:25.912987+00:00","ENAUSDT","Trending_AI_Filtered","Pullback to EMA20","short","None","None","None","None","REJECTED","Достигнут лимит позиций (4/4)","None","None","None"
"8fb62447","2025-10-29T16:30:47.219820+00:00","FILUSDT","Pullback Engine","EMA20 retest, RSI=55.1, OFI=3.2, OBI=0.10","long","None","None","None","None","REJECTED","Глобальный фильтр: BTC state=DOWN, p_up=0.00","None","None","None"
"7759bb11","2025-10-29T16:30:48.130923+00:00","FILUSDT","Trending_AI_Filtered","Pullback to EMA20","long","None","None","None","None","REJECTED","BTC state=DOWN, p_up=0.00","None","None","None"
"f192e87f","2025-10-29T16:44:56.731648+00:00","SUIUSDT","Ranging V5.0 (FB/PA)","False Breakout Support (2.5058)","long","None","None","None","None","REJECTED","Отклонено: LONG против STRONG_DOWN BTC","None","None","None"
"5ed16213","2025-10-29T16:45:14.950650+00:00","HBARUSDT","Pullback Engine","EMA20 retest, RSI=49.8, OFI=47.4, OBI=0.32","long","None","None","None","None","REJECTED","Глобальный фильтр: BTC state=DOWN, p_up=0.00","None","None","None"
"65c8ee3e","2025-10-29T16:45:16.700505+00:00","LTCUSDT","Pullback Engine","EMA20 retest, RSI=53.9, OFI=29.0, OBI=0.09","long","None","None","None","None","REJECTED","Глобальный фильтр: BTC state=DOWN, p_up=0.00","None","None","None"
"f61ae632","2025-10-29T16:45:17.343780+00:00","NEARUSDT","Pullback Engine","EMA20 retest, RSI=51.8, OFI=13.7, OBI=0.16","long","None","None","None","None","REJECTED","Глобальный фильтр: BTC state=DOWN, p_up=0.00","None","None","None"
"13522ff2","2025-10-29T16:45:17.555322+00:00","LTCUSDT","Trending_AI_Filtered","Pullback to EMA20","long","None","None","None","None","REJECTED","BTC state=DOWN, p_up=0.00","None","None","None"
"8c2c93de","2025-10-29T16:45:17.593577+00:00","ICPUSDT","Ranging V5.0 (FB/PA)","False Breakout Support (3.0658)","long","None","None","None","None","REJECTED","Отклонено: LONG против STRONG_DOWN BTC","None","None","None"
"e14b59eb","2025-10-29T16:45:18.081363+00:00","APTUSDT","Ranging V5.0 (FB/PA)","False Breakout Support (3.3649)","long","None","None","None","None","REJECTED","Отклонено: LONG против STRONG_DOWN BTC","None","None","None"
"99396aaa","2025-10-29T16:45:18.109388+00:00","NEARUSDT","Trending_AI_Filtered","Pullback to EMA20","long","None","None","None","None","REJECTED","BTC state=DOWN, p_up=0.00","None","None","None"
"48e19173","2025-10-29T16:45:50.087626+00:00","FILUSDT","Pullback Engine","EMA20 retest, RSI=53.6, OFI=10.5, OBI=0.10","long","None","None","None","None","REJECTED","Глобальный фильтр: BTC state=DOWN, p_up=0.00","None","None","None"
"cd8b5aae","2025-10-29T16:45:50.295996+00:00","SEIUSDT","Ranging V5.0 (FB/PA)","False Breakout Support (0.1945)","long","None","None","None","None","REJECTED","Отклонено: LONG против STRONG_DOWN BTC","None","None","None"
"a3121eee","2025-10-29T16:46:06.031684+00:00","FILUSDT","Trending_AI_Filtered","Pullback to EMA20","long","None","None","None","None","REJECTED","BTC state=DOWN, p_up=0.00","None","None","None"
"4ab5ac19","2025-10-29T17:00:14.941835+00:00","APTUSDT","Ranging V5.0 (FB/PA)","False Breakout Support (3.3658)","long","None","None","None","None","REJECTED","Отклонено: LONG против STRONG_DOWN BTC","None","None","None"
�м для режима 'Флэт' (3745861 < 60% от avg 7453344).","None","None","None"
"680234ad","2025-10-29T17:00:15.042787+00:00","SEIUSDT","Ranging V5.0 (FB/PA)","False Breakout Resistance (0.1954)","short","None","None","65","65.0","REJECTED","Отклонено фильтром качества: Низкий объем для режима 'Флэт' (869094 < 60% от avg 2187503).","None","None","None"
"52d61d2e","2025-10-29T17:00:50.120915+00:00","DOTUSDT","Ranging V5.0 (FB/PA)","False Breakout Resistance (3.0805)","short","None","None","65","65.0","REJECTED","Отклонено фильтром качества: Низкий объем для режима 'Флэт' (166913 < 60% от avg 504542).","None","None","None"
"78b38925","2025-10-29T17:13:48.929818+00:00","CRVUSDT","Trending_AI_Filtered","Pullback to EMA20","short","None","None","90","65.0","EXECUTED","None","0.527","0.54","0.508"
"a6d55da5","2025-10-29T17:13:49.057935+00:00","ALGOUSDT","Ranging V5.0 (FB/PA)","False Breakout Resistance (0.1835)","short","None","None","None","None","REJECTED","Лимит позиций (4/4)","None","None","None"
"a9e13aed","2025-10-29T17:14:56.872466+00:00","AVAXUSDT","Ranging V5.0 (FB/PA)","False Breakout Support (19.5003)","long","None","None","None","None","REJECTED","Отклонено: LONG против STRONG_DOWN BTC","None","None","None"
"60c5bc24","2025-10-29T17:15:12.048659+00:00","DOTUSDT","Ranging V5.0 (FB/PA)","False Breakout Support (3.0694)","long","None","None","None","None","REJECTED","Отклонено: LONG против STRONG_DOWN BTC","None","None","None"
"b50db575","2025-10-29T17:13:49.395993+00:00","ADAUSDT","Trending_AI_Filtered","Pullback to EMA20","short","None","None","None","None","REJECTED","Достигнут лимит позиций (4/4)","None","None","None"
"344a8c39","2025-10-29T17:13:49.575146+00:00","ATOMUSDT","Ranging V5.0 (FB/PA)","Bullish PA (Hammer/Engulf) at Support (3.0899)","long","None","None","None","None","REJECTED","Лимит позиций (4/4)","None","None","None"
"06237896","2025-10-29T17:13:49.843390+00:00","ICPUSDT","Ranging V5.0 (FB/PA)","False Breakout Resistance (3.0699)","short","None","None","None","None","REJECTED","Лимит позиций (4/4)","None","None","None"
"9499b97b","2025-10-29T17:13:50.790070+00:00","XLMUSDT","Trending_AI_Filtered","Pullback to EMA20","short","None","None","None","None","REJECTED","Достигнут лимит позиций (4/4)","None","None","None"
"632139fb","2025-10-29T17:13:50.794074+00:00","HBARUSDT","Ranging V5.0 (FB/PA)","False Breakout Support (0.1986)","long","None","None","None","None","REJECTED","Лимит позиций (4/4)","None","None","None"
"25b3ae4a","2025-10-29T17:13:51.475444+00:00","APTUSDT","Trending_AI_Filtered","Pullback to EMA20","long","None","None","None","None","REJECTED","BTC state=DOWN, p_up=0.00","None","None","None"
"5592a7bf","2025-10-29T17:14:10.003539+00:00","DOGEUSDT","Pullback Engine","EMA20 retest, RSI=47.4, OFI=7.3, OBI=-0.16","short","None","None","None","None","REJECTED","Достигнут лимит позиций (4/4)","None","None","None"
"1bd1ce8f","2025-10-29T17:14:10.005541+00:00","SUIUSDT","Pullback Engine","EMA20 retest, RSI=49.6, OFI=-45.3, OBI=-0.42","short","None","None","None","None","REJECTED","Достигнут лимит позиций (4/4)","None","None","None"
"fca6c14f","2025-10-29T17:14:10.009544+00:00","APTUSDT","Pullback Engine","EMA20 retest, RSI=51.7, OFI=95.1, OBI=0.54","long","None","None","None","None","REJECTED","Глобальный фильтр: BTC state=DOWN, p_up=0.00","None","None","None"
"fac0d3a9","2025-10-29T17:14:10.009544+00:00","AVAXUSDT","Pullback Engine","EMA20 retest, RSI=50.8, OFI=-47.9, OBI=-0.17","short","None","None","None","None","REJECTED","Достигнут лимит позиций (4/4)","None","None","None"
"59d720d6","2025-10-29T17:14:10.016551+00:00","CHZUSDT","Pullback Engine","EMA20 retest, RSI=50.1, OFI=-37.8, OBI=-0.27","short","None","None","None","None","REJECTED","Достигнут лимит позиций (4/4)","None","None","None"
"6550010f","2025-10-29T17:22:19.289083+00:00","CHZUSDT","Trending_AI_Filtered","Pullback to EMA20","short","None","None","None","None","REJECTED","Достигнут лимит позиций (4/4)","None","None","None"
"1ea76989","2025-10-29T17:22:19.942101+00:00","ADAUSDT","Ranging V5.0 (FB/PA)","False Breakout Support (0.6409)","long","None","None","None","None","REJECTED","Лимит позиций (4/4)","None","None","None"
None"
"526a5601","2025-10-29T17:22:20.026177+00:00","ADAUSDT","Trending_AI_Filtered","Pullback to EMA20","short","None","None","None","None","REJECTED","Достигнут лимит позиций (4/4)","None","None","None"
"803ac5b2","2025-10-29T17:22:20.110254+00:00","AVAXUSDT","Trending_AI_Filtered","Pullback to EMA20","short","None","None","None","None","REJECTED","Достигнут лимит позиций (4/4)","None","None","None"
"df612851","2025-10-29T17:22:20.375487+00:00","LINKUSDT","Ranging V5.0 (FB/PA)","Bullish PA (Hammer/Engulf) at Support (18.0712)","long","None","None","None","None","REJECTED","Лимит позиций (4/4)","None","None","None"
"81504e0b","2025-10-29T17:22:20.464567+00:00","ICPUSDT","Ranging V5.0 (FB/PA)","False Breakout Resistance (3.0699)","short","None","None","None","None","REJECTED","Лимит позиций (4/4)","None","None","None"
"8cc5f9fa","2025-10-29T17:22:21.069449+00:00","LTCUSDT","Ranging V5.0 (FB/PA)","False Breakout Resistance (99.0046)","short","None","None","None","None","REJECTED","Лимит позиций (4/4)","None","None","None"
"7612af20","2025-10-29T17:22:21.420210+00:00","SUIUSDT","Ranging V5.0 (FB/PA)","False Breakout Resistance (2.5148)","short","None","None","None","None","REJECTED","Лимит позиций (4/4)","None","None","None"
"6cb85b45","2025-10-29T17:22:21.501284+00:00","SUIUSDT","Trending_AI_Filtered","Pullback to EMA20","short","None","None","None","None","REJECTED","Достигнут лимит позиций (4/4)","None","None","None"
"cdb18b73","2025-10-29T17:22:21.931558+00:00","APTUSDT","Ranging V5.0 (FB/PA)","False Breakout Support (3.3757)","long","None","None","None","None","REJECTED","Лимит позиций (4/4)","None","None","None"
"0fe17c14","2025-10-29T17:22:44.261172+00:00","AVAXUSDT","Pullback Engine","EMA20 retest, RSI=48.3, OFI=-13.2, OBI=0.07","short","None","None","None","None","REJECTED","Достигнут лимит позиций (4/4)","None","None","None"
"f8d5d564","2025-10-29T17:47:13.296353+00:00","ANKRUSDT","Trending_AI_Filtered","Pullback to EMA20","long","None","None","None","None","REJECTED","BTC state=DOWN, p_up=0.13","None","None","None"
"1837a87f","2025-10-29T17:47:13.754697+00:00","ADAUSDT","Ranging V5.0 (FB/PA)","False Breakout Support (0.6429)","long","None","None","None","None","REJECTED","Лимит позиций (4/4)","None","None","None"
"db72ad72","2025-10-29T17:47:14.425133+00:00","FILUSDT","Trending_AI_Filtered","Pullback to EMA20","long","None","None","None","None","REJECTED","BTC state=DOWN, p_up=0.01","None","None","None"
"743f854b","2025-10-29T17:47:14.772385+00:00","TRXUSDT","Ranging V5.0 (FB/PA)","False Breakout Support (0.2954)","long","None","None","None","None","REJECTED","Лимит позиций (4/4)","None","None","None"
"22fa70f7","2025-10-29T17:47:14.857264+00:00","TRXUSDT","Trending_AI_Filtered","Pullback to EMA20","short","None","None","None","None","REJECTED","Достигнут лимит позиций (4/4)","None","None","None"
"5769b804","2025-10-29T17:47:14.862269+00:00","LTCUSDT","Ranging V5.0 (FB/PA)","False Breakout Support (98.5160)","long","None","None","None","None","REJECTED","Лимит позиций (4/4)","None","None","None"
"e8bc6b81","2025-10-29T17:59:59.343343+00:00","AVAXUSDT","Impulse_AI_Filtered","BBW↑0.41, ADX=25.1, OFI=73.4, OBI=0.49","long","None","None","None","None","REJECTED","BTC state=DOWN, p_up=0.00","None","None","None"
"3b108cd4","2025-10-29T17:59:59.729695+00:00","DOTUSDT","Impulse_AI_Filtered","BBW↑0.44, ADX=26.0, OFI=37.9, OBI=0.32","long","None","None","None","None","REJECTED","BTC state=DOWN, p_up=0.00","None","None","None"
"a0c2c426","2025-10-29T18:00:00.316511+00:00","XRPUSDT","Ranging V5.0 (FB/PA)","False Breakout Support (2.6345)","long","None","None","None","None","REJECTED","Отклонено: LONG против STRONG_DOWN BTC","None","None","None"
"4ee37d99","2025-10-29T18:00:11.739894+00:00","SOLUSDT","Trending_AI_Filtered","Pullback to EMA20","long","None","None","None","None","REJECTED","BTC state=DOWN, p_up=0.00","None","None","None"
"f68440aa","2025-10-29T18:00:12.302976+00:00","LTCUSDT","Ranging V5.0 (FB/PA)","False Breakout Support (98.5255)","long","None","None","None","None","REJECTED","Отклонено: LONG против STRONG_DOWN BTC","None","None","None"
"5dac3b0f","2025-10-29T18:00:22.882093+00:00","BTCUSDT","Pullback Engine","EMA20 retest, RSI=45.9, OFI=70.6, OBI=-0.98","short","None","None","None","None","REJECTED","Strong OFI against short: 50.7","None","None","None"
"c3aea5d6","2025-10-29T18:00:34.433533+00:00","BTCUSDT","Trending_AI_Filtered","Pullback to EMA20","short","None","None","None","None","REJECTED","Расчетный объем равен нулю","None","None","None"
"8519b9e0","2025-10-29T18:14:58.349693+00:00","AVAXUSDT","Impulse_AI_Filtered","BBW↑0.53, ADX=26.4, OFI=99.3, OBI=-0.02","long","None","None","None","None","REJECTED","BTC state=DOWN, p_up=0.00","None","None","None"
"30b0a2b0","2025-10-29T18:14:59.605772+00:00","BTCUSDT","Trending_AI_Filtered","Pullback to EMA20","short","None","None","None","None","REJECTED","Расчетный объем равен нулю","None","None","None"
"d9a90038","2025-10-29T18:14:59.806586+00:00","ETHUSDT","Pullback Engine","EMA20 retest, RSI=49.0, OFI=-99.0, OBI=0.77","short","None","None","None","None","REJECTED","Низкий R:R (1.50 < 1.5) для отката.","None","None","None"
"28ec7409","2025-10-29T18:15:16.660264+00:00","DOTUSDT","Impulse_AI_Filtered","BBW↑0.47, ADX=27.0, OFI=18.6, OBI=0.14","long","None","None","None","None","REJECTED","BTC state=DOWN, p_up=0.00","None","None","None"
"6860494e","2025-10-29T18:15:18.755836+00:00","LTCUSDT","Ranging V5.0 (FB/PA)","Bearish PA (ShootingStar/Engulf) at Resistance (99.0042)","short","None","None","45","65.0","REJECTED","Низкая уверенность AI: 45% < 65.0%","None","None","None"
"ebd2421a","2025-10-29T18:15:44.371074+00:00","NEARUSDT","Impulse_AI_Filtered","BBW↑0.32, ADX=30.2, OFI=14.0, OBI=0.08","long","None","None","None","None","REJECTED","BTC state=DOWN, p_up=0.00","None","None","None"
"011369b6","2025-10-29T18:16:03.754515+00:00","ETHUSDT","Trending_AI_Filtered","Pullback to EMA20","short","None","None","85","65.0","EXECUTED","None","3981.01","4042.73","3888.44"
"507da628","2025-10-29T18:16:19.404196+00:00","ARBUSDT","Pullback Engine","EMA20 retest, RSI=51.0, OFI=18.9, OBI=0.03","long","None","None","None","None","REJECTED","Глобальный фильтр: BTC state=DOWN, p_up=0.00","None","None","None"
"c997b479","2025-10-29T18:16:59.852057+00:00","ARBUSDT","Trending_AI_Filtered","Pullback to EMA20","long","None","None","None","None","REJECTED","BTC state=DOWN, p_up=0.00","None","None","None"
"06f4273a","2025-10-29T19:05:48.810866+00:00","CHZUSDT","Trending_AI_Filtered","Pullback to EMA20","long","None","None","None","None","REJECTED","BTC state=DOWN, p_up=0.12","None","None","None"
"f5574ba2","2025-10-29T19:05:50.056764+00:00","LINKUSDT","Trending_AI_Filtered","Pullback to EMA20","long","None","None","None","None","REJECTED","BTC state=DOWN, p_up=0.03","None","None","None"
"1cc4080e","2025-10-29T19:05:50.226928+00:00","FILUSDT","Trending_AI_Filtered","Pullback to EMA20","long","None","None","None","None","REJECTED","BTC state=DOWN, p_up=0.01","None","None","None"
"a16f0c02","2025-10-29T19:05:50.679371+00:00","LTCUSDT","Trending_AI_Filtered","Pullback to EMA20","long","None","None","None","None","REJECTED","BTC state=DOWN, p_up=0.00","None","None","None"
"97f1386f","2025-10-29T19:05:50.850025+00:00","XLMUSDT","Trending_AI_Filtered","Pullback to EMA20","short","None","None","90","65.0","EXECUTED","None","0.31913","0.32733","0.30683"
"4b5bf30d","2025-10-29T19:05:51.791774+00:00","ENAUSDT","Trending_AI_Filtered","Pullback to EMA20","short","None","None","None","None","REJECTED","Достигнут лимит позиций (4/4)","None","None","None"
"cb2641fd","2025-10-29T19:05:53.864139+00:00","ARBUSDT","Pullback Engine","EMA20 retest, RSI=48.1, OFI=-4.1, OBI=0.18","long","None","None","None","None","REJECTED","Глобальный фильтр: BTC state=DOWN, p_up=0.00","None","None","None"
"9331d254","2025-10-29T19:05:54.069690+00:00","LINKUSDT","Pullback Engine","EMA20 retest, RSI=52.3, OFI=-59.2, OBI=0.14","long","None","None","None","None","REJECTED","Глобальный фильтр: BTC state=DOWN, p_up=0.00","None","None","None"
"2d14f16d","2025-10-29T19:05:54.078698+00:00","FILUSDT","Pullback Engine","EMA20 retest, RSI=50.8, OFI=2.9, OBI=0.11","long","None","None","None","None","REJECTED","Глобальный фильтр: BTC state=DOWN, p_up=0.00","None","None","None"
"1e13936a","2025-10-29T19:05:54.081701+00:00","CHZUSDT","Pullback Engine","EMA20 retest, RSI=51.7, OFI=14.6, OBI=0.05","long","None","None","None","None","REJECTED","Глобальный фильтр: BTC state=DOWN, p_up=0.00","None","None","None"
"196d537c","2025-10-29T19:05:54.083703+00:00","XLMUSDT","Pullback Engine","EMA20 retest, RSI=48.2, OFI=-23.9, OBI=-0.16","short","None","None","None","None","REJECTED","Достигнут лимит позиций (4/4)","None","None","None"
"a89d6106","2025-10-29T19:14:58.904874+00:00","ARBUSDT","Trending_AI_Filtered","Pullback to EMA20","long","None","None","None","None","REJECTED","BTC state=DOWN, p_up=0.00","None","None","None"
"2cb103ec","2025-10-29T19:14:59.409721+00:00","BCHUSDT","Pullback Engine","EMA20 retest, RSI=51.8, OFI=91.9, OBI=0.84","long","None","None","None","None","REJECTED","Глобальный фильтр: BTC state=DOWN, p_up=0.00","None","None","None"
"c4fc8d13","2025-10-29T19:15:00.138634+00:00","BCHUSDT","Trending_AI_Filtered","Pullback to EMA20","long","None","None","None","None","REJECTED","BTC state=DOWN, p_up=0.00","None","None","None"
"9b192360","2025-10-29T19:15:03.404756+00:00","SUIUSDT","Trending_AI_Filtered","Pullback to EMA20","long","None","None","None","None","REJECTED","BTC state=DOWN, p_up=0.00","None","None","None"
"73123f97","2025-10-29T19:15:04.524400+00:00","HBARUSDT","Trending_AI_Filtered","Pullback to EMA20","long","None","None","None","None","REJECTED","BTC state=DOWN, p_up=0.00","None","None","None"
"30969111","2025-10-29T19:15:07.238165+00:00","CHZUSDT","Trending_AI_Filtered","Pullback to EMA20","long","None","None","None","None","REJECTED","BTC state=DOWN, p_up=0.00","None","None","None"
"7a1b87b7","2025-10-29T19:15:07.765053+00:00","OPUSDT","Trending_AI_Filtered","Pullback to EMA20","long","None","None","None","None","REJECTED","BTC state=DOWN, p_up=0.00","None","None","None"
"92147ba9","2025-10-29T19:15:09.415731+00:00","INJUSDT","Trending_AI_Filtered","Pullback to EMA20","long","None","None","None","None","REJECTED","BTC state=DOWN, p_up=0.00","None","None","None"
"82063712","2025-10-29T19:15:10.438654+00:00","FILUSDT","Trending_AI_Filtered","Pullback to EMA20","long","None","None","None","None","REJECTED","BTC state=DOWN, p_up=0.00","None","None","None"
"6d7346d7","2025-10-29T19:15:10.962939+00:00","ANKRUSDT","Trending_AI_Filtered","Pullback to EMA20","long","None","None","None","None","REJECTED","BTC state=DOWN, p_up=0.00","None","None","None"
"a6758adf","2025-10-29T19:30:03.238017+00:00","ENAUSDT","Pullback Engine","EMA20 retest, RSI=48.1, OFI=-10.7, OBI=0.02","short","None","None","None","None","REJECTED","AI BTC filter: AI Заблокировано: Хотя общий тренд на графике является сильно нисходящим, что благоприятствует коротким позициям, вход в сделку в данный момент крайне рискован. На графике видна кульминация продаж: огромная красная свеча с длинной нижней тенью на аномально высоком объеме. Это классический признак истощения продавцов и высокой вероятности резкого отскока (short squeeze). Цена находится далеко от скользящих средних, что также указывает на перепроданность и возможную коррекцию вверх. Открытие SHORT сейчас — это погоня за уходящим движением с очень плохим соотношением риска к прибыли. СДЕЛКА БЛОКИРУЕТСЯ. Рекомендуется дождаться отката к уровням сопротивления (~11100-11200). (conf: 15%)","None","None","None"
"f2146f69","2025-10-29T19:30:03.478244+00:00","XRPUSDT","Trending_AI_Filtered","Pullback to EMA20","short","None","None","85","65.0","EXECUTED","None","2.6114","2.6786","2.5106"
"75d990bd","2025-10-29T19:30:16.134004+00:00","BCHUSDT","Pullback Engine","EMA20 retest, RSI=49.0, OFI=-73.5, OBI=0.15","long","None","None","None","None","REJECTED","Глобальный фильтр: BTC state=DOWN, p_up=0.00","None","None","None"
"e677fb54","2025-10-29T19:30:39.652340+00:00","ENAUSDT","Trending_AI_Filtered","Pullback to EMA20","short","None","None","90","67.0","EXECUTED","None","0.4505","0.4673","0.4253"
"7779dcb5","2025-10-29T19:44:57.185811+00:00","ADAUSDT","Trending_AI_Filtered","Pullback to EMA20","long","None","None","None","None","REJECTED","BTC state=DOWN, p_up=0.00","None","None","None"
"8cf65c25","2025-10-29T19:44:57.332952+00:00","DOGEUSDT","Pullback Engine","EMA20 retest, RSI=48.8, OFI=68.6, OBI=-0.13","short","None","None","None","None","REJECTED","Достигнут лимит позиций (4/4)","None","None","None"
"b52f89d7","2025-10-29T19:45:18.734153+00:00","DOGEUSDT","Trending_AI_Filtered","Pullback to EMA20","short","None","None","None","None","REJECTED","Достигнут лимит позиций (4/4)","None","None","None"
"06d2b12d","2025-10-29T19:45:19.266812+00:00","SUSHIUSDT","Trending_AI_Filtered","Pullback to EMA20","long","None","None","None","None","REJECTED","BTC state=DOWN, p_up=0.00","None","None","None"
"17ad838c","2025-10-29T19:45:19.271816+00:00","SUIUSDT","Pullback Engine","EMA20 retest, RSI=49.6, OFI=-47.4, OBI=0.33","long","None","None","None","None","REJECTED","Глобальный фильтр: BTC state=DOWN, p_up=0.00","None","None","None"
"e0ad0559","2025-10-29T19:45:41.975863+00:00","ANKRUSDT","Pullback Engine","EMA20 retest, RSI=50.3, OFI=0.7, OBI=0.15","long","None","None","None","None","REJECTED","Глобальный фильтр: BTC state=DOWN, p_up=0.00","None","None","None"
"8318503c","2025-10-29T19:45:43.471555+00:00","BNBUSDT","Pullback Engine","EMA20 retest, RSI=48.1, OFI=-4.7, OBI=-0.21","short","None","None","None","None","REJECTED","Достигнут лимит позиций (4/4)","None","None","None"
"cc481287","2025-10-29T19:46:04.280205+00:00","BNBUSDT","Trending_AI_Filtered","Pullback to EMA20","short","None","None","None","None","REJECTED","Достигнут лимит позиций (4/4)","None","None","None"
"6113c796","2025-10-29T19:46:04.789265+00:00","TRXUSDT","Trending_AI_Filtered","Pullback to EMA20","short","None","None","None","None","REJECTED","Достигнут лимит позиций (4/4)","None","None","None"
"e9a724ac","2025-10-29T19:46:47.089807+00:00","CHZUSDT","Pullback Engine","EMA20 retest, RSI=49.3, OFI=13.3, OBI=0.10","long","None","None","None","None","REJECTED","Глобальный фильтр: BTC state=DOWN, p_up=0.00","None","None","None"
"041e9a02","2025-10-29T19:46:47.898469+00:00","NEARUSDT","Pullback Engine","EMA20 retest, RSI=50.0, OFI=14.3, OBI=0.12","long","None","None","None","None","REJECTED","Глобальный фильтр: BTC state=DOWN, p_up=0.00","None","None","None"
"cd734ca7","2025-10-29T19:46:48.381926+00:00","ENJUSDT","Pullback Engine","EMA20 retest, RSI=50.1, OFI=22.7, OBI=0.04","long","None","None","None","None","REJECTED","Глобальный фильтр: BTC state=DOWN, p_up=0.00","None","None","None"
"97fff129","2025-10-29T19:59:58.990009+00:00","DOGEUSDT","Pullback Engine","EMA20 retest, RSI=51.7, OFI=-62.0, OBI=-0.48","short","None","None","None","None","REJECTED","Достигнут лимит позиций (4/4)","None","None","None"
"bd0f99a1","2025-10-29T19:59:59.183209+00:00","SUIUSDT","Trending_AI_Filtered","Pullback to EMA20","long","None","None","None","None","REJECTED","BTC state=DOWN, p_up=0.00","None","None","None"
"5ed6decd","2025-10-29T19:59:59.324075+00:00","ADAUSDT","Trending_AI_Filtered","Pullback to EMA20","long","None","None","None","None","REJECTED","BTC state=DOWN, p_up=0.00","None","None","None"
"2545a617","2025-10-29T20:00:20.382658+00:00","ICPUSDT","Ranging V5.0 (FB/PA)","False Breakout Resistance (3.1380)","short","None","None","None","None","REJECTED","Лимит позиций (4/4)","None","None","None"
"0d6ec6cf","2025-10-29T20:00:43.283565+00:00","SUSHIUSDT","Trending_AI_Filtered","Pullback to EMA20","long","None","None","None","None","REJECTED","BTC state=DOWN, p_up=0.00","None","None","None"
"e92f87a4","2025-10-29T20:00:44.407664+00:00","ARBUSDT","Trending_AI_Filtered","Pullback to EMA20","long","None","None","None","None","REJECTED","BTC state=DOWN, p_up=0.00","None","None","None"
"1ee3c1ea","2025-10-29T20:00:44.568814+00:00","BCHUSDT","Pullback Engine","EMA20 retest, RSI=48.9, OFI=43.8, OBI=0.55","long","None","None","None","None","REJECTED","Глобальный фильтр: BTC state=DOWN, p_up=0.00","None","None","None"
"8d183ce4","2025-10-29T20:00:44.974442+00:00","HBARUSDT","Pullback Engine","EMA20 retest, RSI=50.0, OFI=22.4, OBI=0.18","long","None","None","None","None","REJECTED","Глобальный фильтр: BTC state=DOWN, p_up=0.00","None","None","None"
"1647fd53","2025-10-29T20:00:45.656300+00:00","FILUSDT","Trending_AI_Filtered","Pullback to EMA20","long","None","None","None","None","REJECTED","BTC state=DOWN, p_up=0.00","None","None","None"
"369c0d3d","2025-10-29T20:00:47.115958+00:00","NEARUSDT","Trending_AI_Filtered","Pullback to EMA20","long","None","None","None","None","REJECTED","BTC state=DOWN, p_up=0.00","None","None","None"
"0bfbd3a9","2025-10-29T20:00:47.936682+00:00","TRXUSDT","Trending_AI_Filtered","Pullback to EMA20","short","None","None","None","None","REJECTED","Достигнут лимит позиций (4/4)","None","None","None"
"3b92a316","2025-10-29T20:01:09.231607+00:00","OPUSDT","Trending_AI_Filtered","Pullback to EMA20","long","None","None","None","None","REJECTED","BTC state=DOWN, p_up=0.00","None","None","None"
"671e64f2","2025-10-29T20:01:10.143705+00:00","CHZUSDT","Trending_AI_Filtered","Pullback to EMA20","long","None","None","None","None","REJECTED","BTC state=DOWN, p_up=0.00","None","None","None"
"811a68ec","2025-10-29T20:14:57.260234+00:00","SUIUSDT","Trending_AI_Filtered","Pullback to EMA20","long","None","None","None","None","REJECTED","BTC state=DOWN, p_up=0.00","None","None","None"
"2eac90ec","2025-10-29T20:14:57.883122+00:00","ADAUSDT","Trending_AI_Filtered","Pullback to EMA20","long","None","None","None","None","REJECTED","BTC state=DOWN, p_up=0.00","None","None","None"
"9c5e0055","2025-10-29T20:14:58.740566+00:00","NEARUSDT","Pullback Engine","EMA20 retest, RSI=52.1, OFI=12.5, OBI=0.05","long","None","None","None","None","REJECTED","Глобальный фильтр: BTC state=DOWN, p_up=0.00","None","None","None"
"07d1089f","2025-10-29T20:14:59.592171+00:00","NEARUSDT","Trending_AI_Filtered","Pullback to EMA20","long","None","None","None","None","REJECTED","BTC state=DOWN, p_up=0.00","None","None","None"
"c96e4534","2025-10-29T20:15:00.570245+00:00","ARBUSDT","Trending_AI_Filtered","Pullback to EMA20","long","None","None","None","None","REJECTED","BTC state=DOWN, p_up=0.00","None","None","None"
"8e50c4e8","2025-10-29T20:15:01.659446+00:00","HBARUSDT","Pullback Engine","EMA20 retest, RSI=50.4, OFI=23.7, OBI=0.08","long","None","None","None","None","REJECTED","Глобальный фильтр: BTC state=DOWN, p_up=0.00","None","None","None"
"a06123c6","2025-10-29T20:15:04.203648+00:00","TRXUSDT","Pullback Engine","EMA20 retest, RSI=47.5, OFI=-36.2, OBI=-0.38","short","None","None","None","None","REJECTED","Достигнут лимит позиций (4/4)","None","None","None"
"5c7241ce","2025-10-29T20:15:25.092668+00:00","CHZUSDT","Trending_AI_Filtered","Pullback to EMA20","long","None","None","None","None","REJECTED","BTC state=DOWN, p_up=0.00","None","None","None"
"08803e4e","2025-10-29T20:15:25.278837+00:00","TRXUSDT","Trending_AI_Filtered","Pullback to EMA20","short","None","None","None","None","REJECTED","Достигнут лимит позиций (4/4)","None","None","None"
"04cf6ee8","2025-10-29T20:29:57.025832+00:00","ADAUSDT","Trending_AI_Filtered","Pullback to EMA20","long","None","None","None","None","REJECTED","BTC state=DOWN, p_up=0.00","None","None","None"
"b8e9af6b","2025-10-29T20:29:59.466490+00:00","BCHUSDT","Trending_AI_Filtered","Pullback to EMA20","long","None","None","None","None","REJECTED","BTC state=DOWN, p_up=0.00","None","None","None"
"9a1e0d88","2025-10-29T20:29:59.635653+00:00","ARBUSDT","Trending_AI_Filtered","Pullback to EMA20","long","None","None","None","None","REJECTED","BTC state=DOWN, p_up=0.00","None","None","None"
"04cbf55f","2025-10-29T20:30:01.765764+00:00","FETUSDT","Ranging V5.0 (FB/PA)","False Breakout Resistance (0.2685)","short","None","None","None","None","REJECTED","Лимит позиций (4/4)","None","None","None"
"12a73259","2025-10-29T20:30:22.588847+00:00","HBARUSDT","Trending_AI_Filtered","Pullback to EMA20","long","None","None","None","None","REJECTED","BTC state=DOWN, p_up=0.00","None","None","None"
"c37de531","2025-10-29T20:30:23.113788+00:00","FILUSDT","Trending_AI_Filtered","Pullback to EMA20","long","None","None","None","None","REJECTED","BTC state=DOWN, p_up=0.00","None","None","None"
"081529f3","2025-10-29T20:45:00.554661+00:00","BTCUSDT","Pullback Engine","EMA20 retest, RSI=48.3, OFI=-97.1, OBI=-0.94","short","None","None","None","None","REJECTED","Достигнут лимит позиций (4/4)","None","None","None"
"b3999a0a","2025-10-29T20:59:57.703160+00:00","BTCUSDT","Pullback Engine","EMA20 retest, RSI=50.1, OFI=-86.9, OBI=0.00","short","None","None","None","None","REJECTED","Достигнут лимит позиций (4/4)","None","None","None"
"011f913f","2025-10-29T21:00:19.474065+00:00","APTUSDT","Ranging V5.0 (FB/PA)","False Breakout Resistance (3.4903)","short","None","None","None","None","REJECTED","Лимит позиций (4/4)","None","None","None"
"560a0211","2025-10-29T21:00:41.044502+00:00","SOLUSDT","Pullback Engine","EMA20 retest, RSI=50.2, OFI=-12.6, OBI=-0.06","short","None","None","None","None","REJECTED","Достигнут лимит позиций (4/4)","None","None","None"
"0e309db0","2025-10-29T21:15:01.818281+00:00","BTCUSDT","Pullback Engine","EMA20 retest, RSI=49.6, OFI=-51.2, OBI=-0.67","short","None","None","None","None","REJECTED","Достигнут лимит позиций (4/4)","None","None","None"
"2f49b456","2025-10-29T21:15:24.551172+00:00","SEIUSDT","Ranging V5.0 (FB/PA)","False Breakout Resistance (0.2010)","short","None","None","None","None","REJECTED","Лимит позиций (4/4)","None","None","None"
"50e35790","2025-10-29T21:30:00.364203+00:00","TIAUSDT","Ranging V5.0 (FB/PA)","False Breakout Resistance (1.0412)","short","None","None","None","None","REJECTED","Лимит позиций (4/4)","None","None","None"
"5ee30b3d","2025-10-29T21:30:20.424201+00:00","APTUSDT","Ranging V5.0 (FB/PA)","False Breakout Resistance (3.4837)","short","None","None","None","None","REJECTED","Лимит позиций (4/4)","None","None","None"
"25df5523","2025-10-29T21:31:00.648084+00:00","WIFUSDT","Ranging V5.0 (FB/PA)","False Breakout Resistance (0.5669)","short","None","None","None","None","REJECTED","Лимит позиций (4/4)","None","None","None"
"1edb9bb9","2025-10-29T21:31:20.792747+00:00","APEUSDT","Ranging V5.0 (FB/PA)","False Breakout Resistance (0.4364)","short","None","None","None","None","REJECTED","Лимит позиций (4/4)","None","None","None"
"4bf8f36e","2025-10-29T21:31:41.167716+00:00","INJUSDT","Ranging V5.0 (FB/PA)","False Breakout Resistance (8.7011)","short","None","None","None","None","REJECTED","Лимит позиций (4/4)","None","None","None"
"2b85f5e9","2025-10-29T21:32:01.366288+00:00","ICPUSDT","Ranging V5.0 (FB/PA)","False Breakout Resistance (3.1578)","short","None","None","None","None","REJECTED","Лимит позиций (4/4)","None","None","None"
"fa88eb65","2025-10-29T21:32:21.521698+00:00","FETUSDT","Ranging V5.0 (FB/PA)","False Breakout Resistance (0.2689)","short","None","None","None","None","REJECTED","Лимит позиций (4/4)","None","None","None"
"f926d404","2025-10-29T21:32:43.824657+00:00","SEIUSDT","Ranging V5.0 (FB/PA)","False Breakout Resistance (0.2010)","short","None","None","None","None","REJECTED","Лимит позиций (4/4)","None","None","None"
"25bdb583","2025-10-29T21:33:04.091618+00:00","ATOMUSDT","Ranging V5.0 (FB/PA)","False Breakout Resistance (3.1521)","short","None","None","None","None","REJECTED","Лимит позиций (4/4)","None","None","None"
"07039483","2025-10-29T21:33:24.295677+00:00","DOTUSDT","Ranging V5.0 (FB/PA)","False Breakout Resistance (3.1504)","short","None","None","None","None","REJECTED","Лимит позиций (4/4)","None","None","None"
"ebd5f5cb","2025-10-29T21:33:44.384513+00:00","ENJUSDT","Ranging V5.0 (FB/PA)","False Breakout Resistance (0.0441)","short","None","None","None","None","REJECTED","Лимит позиций (4/4)","None","None","None"
"fb4f42ec","2025-10-29T21:45:00.515502+00:00","ANKRUSDT","Ranging V5.0 (FB/PA)","False Breakout Resistance (0.0104)","short","None","None","None","None","REJECTED","Лимит позиций (4/4)","None","None","None"
"fe57e276","2025-10-29T21:45:20.724736+00:00","APEUSDT","Ranging V5.0 (FB/PA)","False Breakout Resistance (0.4362)","short","None","None","None","None","REJECTED","Лимит позиций (4/4)","None","None","None"
"d47f81f2","2025-10-29T21:45:41.243104+00:00","APTUSDT","Ranging V5.0 (FB/PA)","False Breakout Resistance (3.4824)","short","None","None","None","None","REJECTED","Лимит позиций (4/4)","None","None","None"
"5078d1f1","2025-10-29T21:46:01.501523+00:00","SEIUSDT","Ranging V5.0 (FB/PA)","False Breakout Resistance (0.2009)","short","None","None","None","None","REJECTED","Лимит позиций (4/4)","None","None","None"
"7f9af2a9","2025-10-29T21:46:21.794368+00:00","OPUSDT","Ranging V5.0 (FB/PA)","Bearish PA (ShootingStar/Engulf) at Resistance (0.4510)","short","None","None","None","None","REJECTED","Лимит позиций (4/4)","None","None","None"
"6feacc70","2025-10-29T22:00:00.181627+00:00","WIFUSDT","Ranging V5.0 (FB/PA)","False Breakout Resistance (0.5651)","short","None","None","None","None","REJECTED","Лимит позиций (4/4)","None","None","None"
"a6e01129","2025-10-29T22:00:20.723725+00:00","OPUSDT","Ranging V5.0 (FB/PA)","False Breakout Resistance (0.4510)","short","None","None","None","None","REJECTED","Лимит позиций (4/4)","None","None","None"
"5556026f","2025-10-29T22:00:41.164000+00:00","ATOMUSDT","Ranging V5.0 (FB/PA)","False Breakout Resistance (3.1498)","short","None","None","None","None","REJECTED","Лимит позиций (4/4)","None","None","None"
"deaa8502","2025-10-29T22:01:01.412649+00:00","TIAUSDT","Ranging V5.0 (FB/PA)","False Breakout Resistance (1.0397)","short","None","None","None","None","REJECTED","Лимит позиций (4/4)","None","None","None"
"7c2a880f","2025-10-29T22:01:21.629509+00:00","ENJUSDT","Ranging V5.0 (FB/PA)","False Breakout Resistance (0.0441)","short","None","None","None","None","REJECTED","Лимит позиций (4/4)","None","None","None"
"4ab9da0e","2025-10-29T22:01:41.977325+00:00","IMXUSDT","Ranging V5.0 (FB/PA)","False Breakout Resistance (0.5373)","short","None","None","None","None","REJECTED","Лимит позиций (4/4)","None","None","None"
"0009f82e","2025-10-29T22:02:02.150399+00:00","INJUSDT","Ranging V5.0 (FB/PA)","False Breakout Resistance (8.6952)","short","None","None","None","None","REJECTED","Лимит позиций (4/4)","None","None","None"
"994aefc1","2025-10-29T22:02:22.648808+00:00","APTUSDT","Ranging V5.0 (FB/PA)","False Breakout Resistance (3.4819)","short","None","None","None","None","REJECTED","Лимит позиций (4/4)","None","None","None"
"9c919091","2025-10-29T22:02:42.773031+00:00","ANKRUSDT","Ranging V5.0 (FB/PA)","False Breakout Resistance (0.0104)","short","None","None","None","None","REJECTED","Лимит позиций (4/4)","None","None","None"
"cb9ac45d","2025-10-29T22:03:02.975368+00:00","DOTUSDT","Ranging V5.0 (FB/PA)","False Breakout Resistance (3.1495)","short","None","None","None","None","REJECTED","Лимит позиций (4/4)","None","None","None"
"fa9af8f0","2025-10-29T22:03:23.113213+00:00","SEIUSDT","Ranging V5.0 (FB/PA)","False Breakout Resistance (0.2009)","short","None","None","None","None","REJECTED","Лимит позиций (4/4)","None","None","None"
"ebc7a768","2025-10-29T22:03:43.285987+00:00","APEUSDT","Ranging V5.0 (FB/PA)","False Breakout Resistance (0.4361)","short","None","None","None","None","REJECTED","Лимит позиций (4/4)","None","None","None"
"4908a1a8","2025-10-29T22:04:04.278620+00:00","ICPUSDT","Ranging V5.0 (FB/PA)","False Breakout Resistance (3.1561)","short","None","None","None","None","REJECTED","Лимит позиций (4/4)","None","None","None"
"aea9a782","2025-10-29T22:15:00.029759+00:00","LINKUSDT","Ranging V5.0 (FB/PA)","False Breakout Resistance (18.5294)","short","None","None","None","None","REJECTED","Лимит позиций (4/4)","None","None","None"
"dc9faece","2025-10-29T22:15:20.423381+00:00","CHZUSDT","Ranging V5.0 (FB/PA)","False Breakout Resistance (0.0326)","short","None","None","None","None","REJECTED","Лимит позиций (4/4)","None","None","None"
"ebb7b117","2025-10-29T22:15:40.591917+00:00","DOTUSDT","Ranging V5.0 (FB/PA)","False Breakout Resistance (3.1485)","short","None","None","None","None","REJECTED","Лимит позиций (4/4)","None","None","None"
"8fb9f2bd","2025-10-29T22:16:00.663138+00:00","SEIUSDT","Ranging V5.0 (FB/PA)","False Breakout Resistance (0.2009)","short","None","None","None","None","REJECTED","Лимит позиций (4/4)","None","None","None"
"1a99d723","2025-10-29T22:16:20.984057+00:00","INJUSDT","Ranging V5.0 (FB/PA)","False Breakout Resistance (8.6938)","short","None","None","None","None","REJECTED","Лимит позиций (4/4)","None","None","None"
"e72fb720","2025-10-29T22:16:42.744743+00:00","ARBUSDT","Trending_AI_Filtered","Pullback to EMA20","long","None","None","None","None","REJECTED","BTC state=DOWN, p_up=0.00","None","None","None"
"c170bdb9","2025-10-29T22:29:59.756912+00:00","IMXUSDT","Ranging V5.0 (FB/PA)","False Breakout Resistance (0.5371)","short","None","None","None","None","REJECTED","Лимит позиций (4/4)","None","None","None"
"2204f862","2025-10-29T22:30:19.943349+00:00","LINKUSDT","Ranging V5.0 (FB/PA)","False Breakout Resistance (18.5083)","short","None","None","None","None","REJECTED","Лимит позиций (4/4)","None","None","None"
"f95b5ba0","2025-10-29T22:31:00.466649+00:00","INJUSDT","Ranging V5.0 (FB/PA)","False Breakout Resistance (8.6930)","short","None","None","None","None","REJECTED","Лимит позиций (4/4)","None","None","None"
"0f9f8e77","2025-10-29T22:31:20.750714+00:00","FETUSDT","Ranging V5.0 (FB/PA)","False Breakout Resistance (0.2689)","short","None","None","None","None","REJECTED","Лимит позиций (4/4)","None","None","None"
"daa49e3c","2025-10-29T22:31:40.910857+00:00","DOTUSDT","Ranging V5.0 (FB/PA)","False Breakout Resistance (3.1476)","short","None","None","None","None","REJECTED","Лимит позиций (4/4)","None","None","None"
"635ac9ee","2025-10-29T22:32:01.066856+00:00","APEUSDT","Ranging V5.0 (FB/PA)","False Breakout Resistance (0.4359)","short","None","None","None","None","REJECTED","Лимит позиций (4/4)","None","None","None"
"98a31d37","2025-10-29T22:32:21.225502+00:00","OPUSDT","Ranging V5.0 (FB/PA)","False Breakout Resistance (0.4508)","short","None","None","None","None","REJECTED","Лимит позиций (4/4)","None","None","None"
"7e3a9696","2025-10-29T22:32:41.638527+00:00","CRVUSDT","Ranging V5.0 (FB/PA)","False Breakout Resistance (0.5554)","short","None","None","None","None","REJECTED","Лимит позиций (4/4)","None","None","None"
"
"12872e90","2025-10-29T22:33:22.811738+00:00","ARBUSDT","Trending_AI_Filtered","Pullback to EMA20","long","None","None","None","None","REJECTED","BTC state=DOWN, p_up=0.00","None","None","None"
"ef62b421","2025-10-29T22:33:23.142275+00:00","CHZUSDT","Ranging V5.0 (FB/PA)","False Breakout Resistance (0.0326)","short","None","None","None","None","REJECTED","Лимит позиций (4/4)","None","None","None"
"d3540855","2025-10-29T22:33:43.815706+00:00","ENJUSDT","Ranging V5.0 (FB/PA)","False Breakout Resistance (0.0441)","short","None","None","None","None","REJECTED","Лимит позиций (4/4)","None","None","None"
"600ab2c7","2025-10-29T22:34:04.606396+00:00","BCHUSDT","Pullback Engine","EMA20 retest, RSI=52.1, OFI=18.1, OBI=0.42","long","None","None","None","None","REJECTED","Глобальный фильтр: BTC state=DOWN, p_up=0.00","None","None","None"
"0583c94d","2025-10-29T22:44:59.649914+00:00","SEIUSDT","Ranging V5.0 (FB/PA)","False Breakout Resistance (0.2009)","short","None","None","None","None","REJECTED","Лимит позиций (4/4)","None","None","None"
"dcc81f14","2025-10-29T22:45:19.727426+00:00","HBARUSDT","Ranging V5.0 (FB/PA)","False Breakout Resistance (0.2047)","short","None","None","None","None","REJECTED","Лимит позиций (4/4)","None","None","None"
"81653859","2025-10-29T22:45:40.057704+00:00","ONEUSDT","Ranging V5.0 (FB/PA)","False Breakout Resistance (0.0063)","short","None","None","None","None","REJECTED","Лимит позиций (4/4)","None","None","None"
"3ad31845","2025-10-29T22:46:00.364925+00:00","IMXUSDT","Ranging V5.0 (FB/PA)","False Breakout Resistance (0.5366)","short","None","None","None","None","REJECTED","Лимит позиций (4/4)","None","None","None"
"2a403aa5","2025-10-29T22:46:20.516712+00:00","INJUSDT","Ranging V5.0 (FB/PA)","False Breakout Resistance (8.6895)","short","None","None","None","None","REJECTED","Лимит позиций (4/4)","None","None","None"
"16abb056","2025-10-29T22:46:40.603047+00:00","LINKUSDT","Ranging V5.0 (FB/PA)","False Breakout Resistance (18.4914)","short","None","None","None","None","REJECTED","Лимит позиций (4/4)","None","None","None"
"378f7f10","2025-10-29T22:47:00.838108+00:00","APTUSDT","Ranging V5.0 (FB/PA)","False Breakout Resistance (3.4791)","short","None","None","None","None","REJECTED","Лимит позиций (4/4)","None","None","None"
"70018b4f","2025-10-29T22:47:21.111232+00:00","APEUSDT","Ranging V5.0 (FB/PA)","False Breakout Resistance (0.4355)","short","None","None","None","None","REJECTED","Лимит позиций (4/4)","None","None","None"
"9724d0fb","2025-10-29T22:47:41.276004+00:00","ENJUSDT","Ranging V5.0 (FB/PA)","False Breakout Resistance (0.0441)","short","None","None","None","None","REJECTED","Лимит позиций (4/4)","None","None","None"
"faf83e01","2025-10-29T22:48:02.998539+00:00","OPUSDT","Ranging V5.0 (FB/PA)","False Breakout Resistance (0.4507)","short","None","None","None","None","REJECTED","Лимит позиций (4/4)","None","None","None"
"914daca9","2025-10-29T22:48:23.125458+00:00","SUSHIUSDT","Ranging V5.0 (FB/PA)","False Breakout Resistance (0.5338)","short","None","None","None","None","REJECTED","Лимит позиций (4/4)","None","None","None"
"dc6b36da","2025-10-29T23:00:00.190895+00:00","APEUSDT","Ranging V5.0 (FB/PA)","False Breakout Resistance (0.4354)","short","None","None","None","None","REJECTED","Лимит позиций (4/4)","None","None","None"
"9fa6d085","2025-10-29T23:00:23.139435+00:00","SOLUSDT","Trending_AI_Filtered","Pullback to EMA20","short","None","None","None","None","REJECTED","Достигнут лимит позиций (4/4)","None","None","None"
"1565f201","2025-10-29T23:00:23.258544+00:00","ARBUSDT","Pullback Engine","EMA20 retest, RSI=50.6, OFI=24.4, OBI=0.02","long","None","None","None","None","REJECTED","Глобальный фильтр: BTC state=DOWN, p_up=0.00","None","None","None"
"49e49363","2025-10-29T23:00:44.037105+00:00","ONEUSDT","Ranging V5.0 (FB/PA)","False Breakout Resistance (0.0063)","short","None","None","None","None","REJECTED","Лимит позиций (4/4)","None","None","None"
"442c39f7","2025-10-29T23:14:59.859238+00:00","SUSHIUSDT","Ranging V5.0 (FB/PA)","False Breakout Resistance (0.5333)","short","None","None","None","None","REJECTED","Лимит позиций (4/4)","None","None","None"
"928770e1","2025-10-29T23:15:21.371728+00:00","SOLUSDT","Trending_AI_Filtered","Pullback to EMA20","short","None","None","None","None","REJECTED","Достигнут лимит позиций (4/4)","None","None","None"
"b0beb5ac","2025-10-29T23:15:42.402427+00:00","ONEUSDT","Ranging V5.0 (FB/PA)","False Breakout Resistance (0.0063)","short","None","None","None","None","REJECTED","Лимит позиций (4/4)","None","None","None"
"c811b6ac","2025-10-29T23:16:02.506764+00:00","ENJUSDT","Ranging V5.0 (FB/PA)","False Breakout Resistance (0.0440)","short","None","None","None","None","REJECTED","Лимит позиций (4/4)","None","None","None"
"e69fb834","2025-10-29T23:29:59.425393+00:00","BNBUSDT","Ranging V5.0 (FB/PA)","False Breakout Resistance (1113.4633)","short","None","None","None","None","REJECTED","Лимит позиций (4/4)","None","None","None"
"cd4fe7e4","2025-10-29T23:30:20.001668+00:00","HBARUSDT","Ranging V5.0 (FB/PA)","False Breakout Resistance (0.2037)","short","None","None","None","None","REJECTED","Лимит позиций (4/4)","None","None","None"
"e7959934","2025-10-29T23:30:40.265222+00:00","ENJUSDT","Ranging V5.0 (FB/PA)","False Breakout Resistance (0.0440)","short","None","None","None","None","REJECTED","Лимит позиций (4/4)","None","None","None"
"499b5cd4","2025-10-29T23:31:00.486897+00:00","ONEUSDT","Ranging V5.0 (FB/PA)","False Breakout Resistance (0.0063)","short","None","None","None","None","REJECTED","Лимит позиций (4/4)","None","None","None"
"581dab41","2025-10-29T23:31:21.718728+00:00","SOLUSDT","Trending_AI_Filtered","Pullback to EMA20","short","None","None","None","None","REJECTED","Достигнут лимит позиций (4/4)","None","None","None"
"1f362b1e","2025-10-29T23:31:21.949938+00:00","BCHUSDT","Trending_AI_Filtered","Pullback to EMA20","long","None","None","None","None","REJECTED","BTC state=DOWN, p_up=0.00","None","None","None"
"5d48f46d","2025-10-29T23:31:43.953549+00:00","SEIUSDT","Ranging V5.0 (FB/PA)","False Breakout Resistance (0.2008)","short","None","None","None","None","REJECTED","Лимит позиций (4/4)","None","None","None"
"d5d1addb","2025-10-29T23:45:01.728976+00:00","HBARUSDT","Ranging V5.0 (FB/PA)","False Breakout Resistance (0.2030)","short","None","None","None","None","REJECTED","Лимит позиций (4/4)","None","None","None"
"d97e606c","2025-10-29T23:45:23.974697+00:00","ENJUSDT","Ranging V5.0 (FB/PA)","False Breakout Resistance (0.0438)","short","None","None","None","None","REJECTED","Лимит позиций (4/4)","None","None","None"
"21cad6e4","2025-10-29T23:59:59.190227+00:00","SEIUSDT","Ranging V5.0 (FB/PA)","False Breakout Support (0.1979)","long","None","None","None","None","REJECTED","Лимит позиций (4/4)","None","None","None"
"398dc9ab","2025-10-30T00:00:19.315129+00:00","CRVUSDT","Ranging V5.0 (FB/PA)","False Breakout Support (0.5363)","long","None","None","None","None","REJECTED","Лимит позиций (4/4)","None","None","None"
"0d6c786c","2025-10-30T00:00:45.087866+00:00","OPUSDT","Ranging V5.0 (FB/PA)","False Breakout Support (0.4391)","long","None","None","None","None","REJECTED","Лимит позиций (4/4)","None","None","None"
"60485921","2025-10-30T00:15:03.318668+00:00","HBARUSDT","Ranging V5.0 (FB/PA)","False Breakout Support (0.2006)","long","None","None","None","None","REJECTED","Лимит позиций (4/4)","None","None","None"
"7a1ad0ac","2025-10-30T00:30:02.130398+00:00","BCHUSDT","Trending_AI_Filtered","Pullback to EMA20","long","None","None","None","None","REJECTED","BTC state=DOWN, p_up=0.00","None","None","None"
"18519718","2025-10-30T00:30:02.725473+00:00","HBARUSDT","Ranging V5.0 (FB/PA)","False Breakout Support (0.2007)","long","None","None","None","None","REJECTED","Лимит позиций (4/4)","None","None","None"
"542dcde0","2025-10-30T00:30:23.316702+00:00","IMXUSDT","Ranging V5.0 (FB/PA)","Bullish PA (Hammer/Engulf) at Support (0.5286)","long","None","None","None","None","REJECTED","Лимит позиций (4/4)","None","None","None"
"12a12cc0","2025-10-30T00:30:44.681280+00:00","ATOMUSDT","Ranging V5.0 (FB/PA)","False Breakout Support (3.0958)","long","None","None","None","None","REJECTED","Лимит позиций (4/4)","None","None","None"
"05c55dde","2025-10-30T00:31:06.012398+00:00","CRVUSDT","Ranging V5.0 (FB/PA)","False Breakout Support (0.5366)","long","None","None","None","None","REJECTED","Лимит позиций (4/4)","None","None","None"
"c84794a6","2025-10-30T00:31:26.215352+00:00","SEIUSDT","Ranging V5.0 (FB/PA)","False Breakout Support (0.1979)","long","None","None","None","None","REJECTED","Лимит позиций (4/4)","None","None","None"
"8368b580","2025-10-30T00:45:02.946557+00:00","HBARUSDT","Ranging V5.0 (FB/PA)","False Breakout Resistance (0.2025)","short","None","None","None","None","REJECTED","Лимит позиций (4/4)","None","None","None"
"77bcf936","2025-10-30T00:45:23.265937+00:00","APTUSDT","Ranging V5.0 (FB/PA)","False Breakout Support (3.4156)","long","None","None","None","None","REJECTED","Лимит позиций (4/4)","None","None","None"
"be8c6e51","2025-10-30T00:45:43.496823+00:00","SEIUSDT","Ranging V5.0 (FB/PA)","False Breakout Resistance (0.2003)","short","None","None","None","None","REJECTED","Лимит позиций (4/4)","None","None","None"
"ec51cb2f","2025-10-30T00:46:03.609907+00:00","BCHUSDT","Trending_AI_Filtered","Pullback to EMA20","long","None","None","None","None","REJECTED","BTC state=DOWN, p_up=0.00","None","None","None"
"85eb037a","2025-10-30T01:00:00.900655+00:00","SOLUSDT","Pullback Engine","EMA20 retest, RSI=48.3, OFI=-61.9, OBI=-0.19","short","None","None","None","None","REJECTED","Достигнут лимит позиций (4/4)","None","None","None"
"13dc37e3","2025-10-30T01:00:21.899151+00:00","INJUSDT","Ranging V5.0 (FB/PA)","False Breakout Support (8.5281)","long","None","None","None","None","REJECTED","Лимит позиций (4/4)","None","None","None"
"7537c90d","2025-10-30T01:00:42.013178+00:00","SOLUSDT","Trending_AI_Filtered","Pullback to EMA20","short","None","None","None","None","REJECTED","Достигнут лимит позиций (4/4)","None","None","None"
"f18c753c","2025-10-30T01:01:03.560861+00:00","CHZUSDT","Pullback Engine","EMA20 retest, RSI=47.4, OFI=-17.5, OBI=-0.13","short","None","None","None","None","REJECTED","Достигнут лимит позиций (4/4)","None","None","None"
"a867ac9e","2025-10-30T01:01:26.139172+00:00","APTUSDT","Ranging V5.0 (FB/PA)","False Breakout Support (3.4163)","long","None","None","None","None","REJECTED","Лимит позиций (4/4)","None","None","None"
"8cd630ff","2025-10-30T01:01:46.800073+00:00","SEIUSDT","Ranging V5.0 (FB/PA)","False Breakout Resistance (0.2003)","short","None","None","None","None","REJECTED","Лимит позиций (4/4)","None","None","None"
"e5d30c9e","2025-10-30T01:02:08.292694+00:00","FILUSDT","Trending_AI_Filtered","Pullback to EMA20","short","None","None","None","None","REJECTED","Достигнут лимит позиций (4/4)","None","None","None"
"ef79628e","2025-10-30T01:02:08.979741+00:00","LTCUSDT","Trending_AI_Filtered","Pullback to EMA20","long","None","None","None","None","REJECTED","BTC state=DOWN, p_up=0.00","None","None","None"
"c540f67e","2025-10-30T01:02:31.467472+00:00","ONEUSDT","Pullback Engine","EMA20 retest, RSI=49.0, OFI=20.0, OBI=0.38","long","None","None","None","None","REJECTED","Глобальный фильтр: BTC state=DOWN, p_up=0.00","None","None","None"
"b6d70a22","2025-10-30T01:15:01.242715+00:00","INJUSDT","Ranging V5.0 (FB/PA)","False Breakout Support (8.5284)","long","None","None","None","None","REJECTED","Лимит позиций (4/4)","None","None","None"
"70d0afea","2025-10-30T01:15:22.719808+00:00","LTCUSDT","Pullback Engine","EMA20 retest, RSI=50.5, OFI=44.8, OBI=0.14","long","None","None","None","None","REJECTED","Глобальный фильтр: BTC state=DOWN, p_up=0.00","None","None","None"
"eeca6bf1","2025-10-30T01:15:22.956702+00:00","IMXUSDT","Ranging V5.0 (FB/PA)","False Breakout Support (0.5285)","long","None","None","None","None","REJECTED","Лимит позиций (4/4)","None","None","None"
"09dd53d3","2025-10-30T01:15:23.035766+00:00","APTUSDT","Ranging V5.0 (FB/PA)","Bearish PA (ShootingStar/Engulf) at Resistance (3.4381)","short","None","None","None","None","REJECTED","Лимит позиций (4/4)","None","None","None"
"28fdfcaf","2025-10-30T01:16:03.531552+00:00","LTCUSDT","Trending_AI_Filtered","Pullback to EMA20","long","None","None","None","None","REJECTED","BTC state=DOWN, p_up=0.00","None","None","None"
"ffd7ee4f","2025-10-30T01:16:05.049849+00:00","SOLUSDT","Trending_AI_Filtered","Pullback to EMA20","short","None","None","None","None","REJECTED","Достигнут лимит позиций (4/4)","None","None","None"
"64272aba","2025-10-30T01:16:25.626588+00:00","FETUSDT","Ranging V5.0 (FB/PA)","False Breakout Support (0.2648)","long","None","None","None","None","REJECTED","Лимит позиций (4/4)","None","None","None"
"b4615ac2","2025-10-30T01:16:45.750453+00:00","CRVUSDT","Ranging V5.0 (FB/PA)","False Breakout Resistance (0.5474)","short","None","None","None","None","REJECTED","Лимит позиций (4/4)","None","None","None"
"a4c1cff3","2025-10-30T01:17:07.435629+00:00","FILUSDT","Trending_AI_Filtered","Pullback to EMA20","short","None","None","None","None","REJECTED","Достигнут лимит позиций (4/4)","None","None","None"
"4c72e39f","2025-10-30T01:30:00.243939+00:00","SOLUSDT","Trending_AI_Filtered","Pullback to EMA20","short","None","None","None","None","REJECTED","Достигнут лимит позиций (4/4)","None","None","None"
"37859fc4","2025-10-30T01:30:22.965396+00:00","BNBUSDT","Ranging V5.0 (FB/PA)","Bearish PA (ShootingStar/Engulf) at Resistance (1117.6443)","short","None","None","None","None","REJECTED","Лимит позиций (4/4)","None","None","None"
"662bb270","2025-10-30T01:30:43.098550+00:00","APTUSDT","Ranging V5.0 (FB/PA)","False Breakout Support (3.4162)","long","None","None","None","None","REJECTED","Лимит позиций (4/4)","None","None","None"
"9f27de82","2025-10-30T01:31:03.562770+00:00","SEIUSDT","Ranging V5.0 (FB/PA)","False Breakout Resistance (0.2002)","short","None","None","None","None","REJECTED","Лимит позиций (4/4)","None","None","None"
"c4d55fe4","2025-10-30T01:31:25.647854+00:00","INJUSDT","Ranging V5.0 (FB/PA)","False Breakout Support (8.5284)","long","None","None","None","None","REJECTED","Лимит позиций (4/4)","None","None","None"
"509fce85","2025-10-30T01:45:00.145663+00:00","SOLUSDT","Trending_AI_Filtered","Pullback to EMA20","short","None","None","None","None","REJECTED","Достигнут лимит позиций (4/4)","None","None","None"
"48ce8fd5","2025-10-30T01:45:20.786212+00:00","BNBUSDT","Ranging V5.0 (FB/PA)","False Breakout Resistance (1117.7204)","short","None","None","None","None","REJECTED","Лимит позиций (4/4)","None","None","None"
"80a11f70","2025-10-30T01:45:42.969092+00:00","INJUSDT","Ranging V5.0 (FB/PA)","False Breakout Support (8.5289)","long","None","None","None","None","REJECTED","Лимит позиций (4/4)","None","None","None"
"af3cafbc","2025-10-30T01:46:05.255855+00:00","SEIUSDT","Ranging V5.0 (FB/PA)","False Breakout Resistance (0.2002)","short","None","None","None","None","REJECTED","Лимит позиций (4/4)","None","None","None"
"10b3d977","2025-10-30T01:46:26.468911+00:00","ENJUSDT","Pullback Engine","EMA20 retest, RSI=49.1, OFI=51.3, OBI=0.14","long","None","None","None","None","REJECTED","Глобальный фильтр: BTC state=DOWN, p_up=0.00","None","None","None"
"2e61b71f","2025-10-30T01:46:28.087679+00:00","ONEUSDT","Pullback Engine","EMA20 retest, RSI=48.4, OFI=12.6, OBI=0.34","long","None","None","None","None","REJECTED","Глобальный фильтр: BTC state=DOWN, p_up=0.00","None","None","None"
"d81569ec","2025-10-30T01:59:58.753169+00:00","HBARUSDT","Ranging V5.0 (FB/PA)","False Breakout Resistance (0.2048)","short","None","None","None","None","REJECTED","Лимит позиций (4/4)","None","None","None"
"cfcbf95b","2025-10-30T02:00:20.365222+00:00","ADAUSDT","Trending_AI_Filtered","Pullback to EMA20","short","None","None","None","None","REJECTED","Достигнут лимит позиций (4/4)","None","None","None"
"e00256f5","2025-10-30T02:00:20.598434+00:00","BTCUSDT","Trending_AI_Filtered","Pullback to EMA20","short","None","None","None","None","REJECTED","Достигнут лимит позиций (4/4)","None","None","None"
"30276f0b","2025-10-30T02:01:02.203378+00:00","AVAXUSDT","Pullback Engine","EMA20 retest, RSI=48.2, OFI=31.9, OBI=0.18","long","None","None","None","None","REJECTED","Глобальный фильтр: BTC state=DOWN, p_up=0.00","None","None","None"
"3b007e94","2025-10-30T02:01:02.863429+00:00","DOGEUSDT","Trending_AI_Filtered","Pullback to EMA20","short","None","None","None","None","REJECTED","Достигнут лимит позиций (4/4)","None","None","None"
"01750392","2025-10-30T02:01:25.147381+00:00","FILUSDT","Trending_AI_Filtered","Pullback to EMA20","short","None","None","None","None","REJECTED","Достигнут лимит позиций (4/4)","None","None","None"
"d647775c","2025-10-30T02:01:47.542176+00:00","INJUSDT","Ranging V5.0 (FB/PA)","False Breakout Support (8.5290)","long","None","None","None","None","REJECTED","Лимит позиций (4/4)","None","None","None"
"525f0147","2025-10-30T02:02:08.365919+00:00","NEARUSDT","Trending_AI_Filtered","Pullback to EMA20","short","None","None","None","None","REJECTED","Достигнут лимит позиций (4/4)","None","None","None"
"87a3c1e7","2025-10-30T02:02:08.956615+00:00","ARBUSDT","Trending_AI_Filtered","Pullback to EMA20","short","None","None","None","None","REJECTED","Достигнут лимит позиций (4/4)","None","None","None"
"8ecf2fb0","2025-10-30T02:02:29.808047+00:00","SEIUSDT","Ranging V5.0 (FB/PA)","Bearish PA (ShootingStar/Engulf) at Resistance (0.2002)","short","None","None","None","None","REJECTED","Лимит позиций (4/4)","None","None","None"
"53ff310b","2025-10-30T02:03:33.538658+00:00","CHZUSDT","Trending_AI_Filtered","Pullback to EMA20","short","None","None","None","None","REJECTED","Достигнут лимит позиций (4/4)","None","None","None"
"296375b9","2025-10-30T02:14:58.547171+00:00","HBARUSDT","Ranging V5.0 (FB/PA)","Bearish PA (ShootingStar/Engulf) at Resistance (0.2046)","short","None","None","None","None","REJECTED","Лимит позиций (4/4)","None","None","None"
"6cafc0ca","2025-10-30T02:15:18.717626+00:00","INJUSDT","Ranging V5.0 (FB/PA)","False Breakout Resistance (8.5958)","short","None","None","None","None","REJECTED","Лимит позиций (4/4)","None","None","None"
"cdd0e015","2025-10-30T02:15:39.834353+00:00","DOTUSDT","Pullback Engine","EMA20 retest, RSI=48.2, OFI=-12.6, OBI=-0.08","short","None","None","None","None","REJECTED","Достигнут лимит позиций (4/4)","None","None","None"
"1449c2f1","2025-10-30T02:16:01.754448+00:00","AVAXUSDT","Trending_AI_Filtered","Pullback to EMA20","long","None","None","None","None","REJECTED","BTC state=DOWN, p_up=0.00","None","None","None"
"c3a33a33","2025-10-30T02:16:02.515340+00:00","FILUSDT","Trending_AI_Filtered","Pullback to EMA20","short","None","None","None","None","REJECTED","Достигнут лимит позиций (4/4)","None","None","None"
"1b19e381","2025-10-30T02:16:23.106993+00:00","TRXUSDT","Ranging V5.0 (FB/PA)","False Breakout Resistance (0.2972)","short","None","None","None","None","REJECTED","Лимит позиций (4/4)","None","None","None"
"9005d087","2025-10-30T02:16:43.138081+00:00","ARBUSDT","Pullback Engine","EMA20 retest, RSI=48.7, OFI=-8.8, OBI=-0.13","short","None","None","None","None","REJECTED","Достигнут лимит позиций (4/4)","None","None","None"
"818aa236","2025-10-30T02:17:04.754529+00:00","BNBUSDT","Ranging V5.0 (FB/PA)","False Breakout Resistance (1116.0515)","short","None","None","None","None","REJECTED","Лимит позиций (4/4)","None","None","None"
"4a810aaa","2025-10-30T02:17:25.346287+00:00","SEIUSDT","Ranging V5.0 (FB/PA)","False Breakout Resistance (0.2002)","short","None","None","None","None","REJECTED","Лимит позиций (4/4)","None","None","None"
"2c0da66f","2025-10-30T02:17:45.918330+00:00","ONEUSDT","Pullback Engine","EMA20 retest, RSI=48.8, OFI=7.2, OBI=0.34","long","None","None","None","None","REJECTED","Глобальный фильтр: BTC state=DOWN, p_up=0.00","None","None","None"
"de00aca5","2025-10-30T02:17:46.661436+00:00","NEARUSDT","Pullback Engine","EMA20 retest, RSI=47.2, OFI=-9.7, OBI=-0.16","short","None","None","None","None","REJECTED","Достигнут лимит позиций (4/4)","None","None","None"
"9a455cae","2025-10-30T02:18:07.322989+00:00","ENJUSDT","Pullback Engine","EMA20 retest, RSI=49.9, OFI=42.2, OBI=0.19","long","None","None","None","None","REJECTED","Глобальный фильтр: BTC state=DOWN, p_up=0.00","None","None","None"
"5151a97f","2025-10-30T02:18:08.196666+00:00","ENJUSDT","Trending_AI_Filtered","Pullback to EMA20","long","None","None","None","None","REJECTED","BTC state=DOWN, p_up=0.00","None","None","None"
"f17abf64","2025-10-30T02:18:09.717489+00:00","APEUSDT","Trending_AI_Filtered","Pullback to EMA20","long","None","None","None","None","REJECTED","BTC state=DOWN, p_up=0.00","None","None","None"
"a560b47b","2025-10-30T02:30:00.940292+00:00","BNBUSDT","Ranging V5.0 (FB/PA)","Bearish PA (ShootingStar/Engulf) at Resistance (1116.0370)","short","None","None","None","None","REJECTED","Лимит позиций (4/4)","None","None","None"
"10a01b89","2025-10-30T02:30:21.554436+00:00","HBARUSDT","Ranging V5.0 (FB/PA)","False Breakout Resistance (0.2046)","short","None","None","None","None","REJECTED","Лимит позиций (4/4)","None","None","None"
"47b32688","2025-10-30T02:30:41.785546+00:00","TIAUSDT","Trending_AI_Filtered","Pullback to EMA20","short","None","None","None","None","REJECTED","Достигнут лимит позиций (4/4)","None","None","None"
"975038d6","2025-10-30T02:31:02.979790+00:00","ONEUSDT","Trending_AI_Filtered","Pullback to EMA20","long","None","None","None","None","REJECTED","BTC state=DOWN, p_up=0.00","None","None","None"
"5dce1f8c","2025-10-30T02:31:03.721731+00:00","FETUSDT","Ranging V5.0 (FB/PA)","False Breakout Support (0.2648)","long","None","None","None","None","REJECTED","Лимит позиций (4/4)","None","None","None"
"1f938656","2025-10-30T02:31:24.227350+00:00","LTCUSDT","Trending_AI_Filtered","Pullback to EMA20","long","None","None","None","None","REJECTED","BTC state=DOWN, p_up=0.00","None","None","None"
"0d8eba38","2025-10-30T02:31:24.636536+00:00","INJUSDT","Ranging V5.0 (FB/PA)","False Breakout Support (8.5307)","long","None","None","None","None","REJECTED","Лимит позиций (4/4)","None","None","None"
"c23b100e","2025-10-30T02:31:45.033319+00:00","APEUSDT","Trending_AI_Filtered","Pullback to EMA20","long","None","None","None","None","REJECTED","BTC state=DOWN, p_up=0.00","None","None","None"
"ed5ead06","2025-10-30T02:44:58.779711+00:00","BNBUSDT","Ranging V5.0 (FB/PA)","False Breakout Resistance (1116.0615)","short","None","None","None","None","REJECTED","Лимит позиций (4/4)","None","None","None"
"e629786d","2025-10-30T02:45:20.004865+00:00","TIAUSDT","Pullback Engine","EMA20 retest, RSI=47.1, OFI=-34.7, OBI=-0.04","short","None","None","None","None","REJECTED","Достигнут лимит позиций (4/4)","None","None","None"
"758c004e","2025-10-30T02:45:43.983740+00:00","DOTUSDT","Pullback Engine","EMA20 retest, RSI=50.6, OFI=-11.8, OBI=0.03","short","None","None","None","None","REJECTED","Достигнут лимит позиций (4/4)","None","None","None"
"8722e49d","2025-10-30T02:46:04.732273+00:00","ICPUSDT","Pullback Engine","EMA20 retest, RSI=50.1, OFI=-18.0, OBI=0.06","short","None","None","None","None","REJECTED","Достигнут лимит позиций (4/4)","None","None","None"
"1594c5c0","2025-10-30T03:00:18.571260+00:00","LINKUSDT","Ranging V5.0 (FB/PA)","False Breakout Resistance (18.2499)","short","None","None","None","None","REJECTED","Лимит позиций (4/4)","None","None","None"
"6c76cc3d","2025-10-30T03:00:44.543039+00:00","ONEUSDT","Trending_AI_Filtered","Pullback to EMA20","long","None","None","None","None","REJECTED","BTC state=DOWN, p_up=0.00","None","None","None"
"e792bed5","2025-10-30T03:15:00.155204+00:00","ICPUSDT","Trending_AI_Filtered","Pullback to EMA20","short","None","None","None","None","REJECTED","Достигнут лимит позиций (4/4)","None","None","None"
"c7df769c","2025-10-30T03:15:20.846940+00:00","HBARUSDT","Ranging V5.0 (FB/PA)","Bearish PA (ShootingStar/Engulf) at Resistance (0.2046)","short","None","None","None","None","REJECTED","Лимит позиций (4/4)","None","None","None"
"90acf844","2025-10-30T03:15:41.202431+00:00","LINKUSDT","Ranging V5.0 (FB/PA)","Bullish PA (Hammer/Engulf) at Support (18.1406)","long","None","None","None","None","REJECTED","Лимит позиций (4/4)","None","None","None"
"399c6b19","2025-10-30T03:16:02.854930+00:00","IMXUSDT","Ranging V5.0 (FB/PA)","False Breakout Resistance (0.5296)","short","None","None","None","None","REJECTED","Лимит позиций (4/4)","None","None","None"
"c5b25b72","2025-10-30T03:16:22.909297+00:00","WIFUSDT","Ranging V5.0 (FB/PA)","False Breakout Support (0.5452)","long","None","None","None","None","REJECTED","Лимит позиций (4/4)","None","None","None"
"8094e28e","2025-10-30T03:16:43.083609+00:00","FETUSDT","Ranging V5.0 (FB/PA)","False Breakout Resistance (0.2664)","short","None","None","None","None","REJECTED","Лимит позиций (4/4)","None","None","None"
"8c29639a","2025-10-30T03:17:04.312462+00:00","ONEUSDT","Pullback Engine","EMA20 retest, RSI=48.1, OFI=16.6, OBI=0.35","long","None","None","None","None","REJECTED","Глобальный фильтр: BTC state=DOWN, p_up=0.00","None","None","None"
"d4ff5ca5","2025-10-30T03:17:04.752889+00:00","ARBUSDT","Trending_AI_Filtered","Pullback to EMA20","short","None","None","None","None","REJECTED","Достигнут лимит позиций (4/4)","None","None","None"
"857d3a85","2025-10-30T03:17:26.303453+00:00","CHZUSDT","Pullback Engine","EMA20 retest, RSI=51.4, OFI=-15.4, OBI=-0.09","short","None","None","None","None","REJECTED","Достигнут лимит позиций (4/4)","None","None","None"
"68530f37","2025-10-30T03:29:58.144374+00:00","TRXUSDT","Ranging V5.0 (FB/PA)","False Breakout Resistance (0.2980)","short","None","None","None","None","REJECTED","Лимит позиций (4/4)","None","None","None"
"ed840472","2025-10-30T03:30:18.357636+00:00","APTUSDT","Ranging V5.0 (FB/PA)","False Breakout Support (3.4159)","long","None","None","None","None","REJECTED","Лимит позиций (4/4)","None","None","None"
"40174af3","2025-10-30T03:30:38.530602+00:00","HBARUSDT","Ranging V5.0 (FB/PA)","False Breakout Resistance (0.2046)","short","None","None","None","None","REJECTED","Лимит позиций (4/4)","None","None","None"
"8dab0db5","2025-10-30T03:30:59.630632+00:00","BTCUSDT","Pullback Engine","EMA20 retest, RSI=49.2, OFI=-16.7, OBI=0.03","short","None","None","None","None","REJECTED","Достигнут лимит позиций (4/4)","None","None","None"
"4ba80360","2025-10-30T03:31:20.551862+00:00","LINKUSDT","Ranging V5.0 (FB/PA)","False Breakout Support (18.1412)","long","None","None","None","None","REJECTED","Лимит позиций (4/4)","None","None","None"
"a385234e","2025-10-30T03:31:40.743070+00:00","INJUSDT","Ranging V5.0 (FB/PA)","False Breakout Resistance (8.5960)","short","None","None","None","None","REJECTED","Лимит позиций (4/4)","None","None","None"
"d90f7f9f","2025-10-30T03:32:21.155865+00:00","CRVUSDT","Ranging V5.0 (FB/PA)","False Breakout Resistance (0.5469)","short","None","None","None","None","REJECTED","Лимит позиций (4/4)","None","None","None"
"62df7ef2","2025-10-30T03:32:41.416287+00:00","FETUSDT","Ranging V5.0 (FB/PA)","False Breakout Support (0.2648)","long","None","None","None","None","REJECTED","Лимит позиций (4/4)","None","None","None"
"de799b94","2025-10-30T03:33:03.482922+00:00","SEIUSDT","Ranging V5.0 (FB/PA)","False Breakout Resistance (0.2002)","short","None","None","None","None","REJECTED","Лимит позиций (4/4)","None","None","None"
"8fbf3d87","2025-10-30T03:33:23.547368+00:00","ARBUSDT","Trending_AI_Filtered","Pullback to EMA20","short","None","None","None","None","REJECTED","Достигнут лимит позиций (4/4)","None","None","None"
"09ddb571","2025-10-30T03:33:23.718708+00:00","ONEUSDT","Pullback Engine","EMA20 retest, RSI=48.1, OFI=16.5, OBI=0.32","long","None","None","None","None","REJECTED","Глобальный фильтр: BTC state=DOWN, p_up=0.00","None","None","None"
"ee4b64c3","2025-10-30T03:33:44.691582+00:00","ANKRUSDT","Trending_AI_Filtered","Pullback to EMA20","short","None","None","None","None","REJECTED","Достигнут лимит позиций (4/4)","None","None","None"
"f44679ac","2025-10-30T03:34:06.013738+00:00","ICPUSDT","Trending_AI_Filtered","Pullback to EMA20","short","None","None","None","None","REJECTED","Достигнут лимит позиций (4/4)","None","None","None"
"621c9def","2025-10-30T03:34:28.217423+00:00","IMXUSDT","Ranging V5.0 (FB/PA)","False Breakout Resistance (0.5295)","short","None","None","None","None","REJECTED","Лимит позиций (4/4)","None","None","None"
e"
"8f6ce130","2025-10-30T03:44:58.089168+00:00","INJUSDT","Ranging V5.0 (FB/PA)","False Breakout Resistance (8.5938)","short","None","None","None","None","REJECTED","Лимит позиций (4/4)","None","None","None"
"1f2ddbc1","2025-10-30T03:45:19.206841+00:00","BTCUSDT","Trending_AI_Filtered","Pullback to EMA20","short","None","None","None","None","REJECTED","Достигнут лимит позиций (4/4)","None","None","None"
"3f5e0bf0","2025-10-30T03:45:19.371549+00:00","ADAUSDT","Trending_AI_Filtered","Pullback to EMA20","short","None","None","None","None","REJECTED","Достигнут лимит позиций (4/4)","None","None","None"
"29ff9729","2025-10-30T03:45:40.320179+00:00","HBARUSDT","Ranging V5.0 (FB/PA)","False Breakout Resistance (0.2045)","short","None","None","None","None","REJECTED","Лимит позиций (4/4)","None","None","None"
"
"37e6867c","2025-10-30T03:46:01.687861+00:00","LINKUSDT","Ranging V5.0 (FB/PA)","False Breakout Resistance (18.2433)","short","None","None","None","None","REJECTED","Лимит позиций (4/4)","None","None","None"
"6e2d1822","2025-10-30T03:47:03.848851+00:00","APTUSDT","Ranging V5.0 (FB/PA)","False Breakout Support (3.4157)","long","None","None","None","None","REJECTED","Лимит позиций (4/4)","None","None","None"
None"
"3afd4350","2025-10-30T03:47:04.292314+00:00","OPUSDT","Ranging V5.0 (FB/PA)","False Breakout Resistance (0.4447)","short","None","None","None","None","REJECTED","Лимит позиций (4/4)","None","None","None"
"c12237f6","2025-10-30T03:47:04.396819+00:00","SEIUSDT","Ranging V5.0 (FB/PA)","False Breakout Resistance (0.2002)","short","None","None","None","None","REJECTED","Лимит позиций (4/4)","None","None","None"
"6b2d79d7","2025-10-30T03:48:26.019364+00:00","ARBUSDT","Trending_AI_Filtered","Pullback to EMA20","short","None","None","None","None","REJECTED","Достигнут лимит позиций (4/4)","None","None","None"
"a95c8966","2025-10-30T03:48:26.944802+00:00","CHZUSDT","Trending_AI_Filtered","Pullback to EMA20","short","None","None","None","None","REJECTED","Достигнут лимит позиций (4/4)","None","None","None"
"0d1a70a3","2025-10-30T03:59:58.660296+00:00","TRXUSDT","Ranging V5.0 (FB/PA)","False Breakout Resistance (0.2979)","short","None","None","None","None","REJECTED","Лимит позиций (4/4)","None","None","None"
"9aa06952","2025-10-30T04:00:19.178217+00:00","OPUSDT","Ranging V5.0 (FB/PA)","False Breakout Resistance (0.4446)","short","None","None","None","None","REJECTED","Лимит позиций (4/4)","None","None","None"
"be83ab02","2025-10-30T04:00:40.446239+00:00","BTCUSDT","Pullback Engine","EMA20 retest, RSI=48.5, OFI=-10.3, OBI=-0.31","short","None","None","None","None","REJECTED","Достигнут лимит позиций (4/4)","None","None","None"
"acd81b9a","2025-10-30T04:01:01.487052+00:00","IMXUSDT","Ranging V5.0 (FB/PA)","Bullish PA (Hammer/Engulf) at Support (0.5281)","long","None","None","None","None","REJECTED","Лимит позиций (4/4)","None","None","None"
"09be9a47","2025-10-30T04:01:44.847224+00:00","CRVUSDT","Ranging V5.0 (FB/PA)","False Breakout Resistance (0.5468)","short","None","None","None","None","REJECTED","Лимит позиций (4/4)","None","None","None"
"3e0d8299","2025-10-30T04:14:59.908999+00:00","LINKUSDT","Ranging V5.0 (FB/PA)","False Breakout Support (18.1305)","long","None","None","None","None","REJECTED","Лимит позиций (4/4)","None","None","None"
one"
"afe72243","2025-10-30T04:15:00.067860+00:00","BTCUSDT","Trending_AI_Filtered","Pullback to EMA20","short","None","None","None","None","REJECTED","Достигнут лимит позиций (4/4)","None","None","None"
"bd736765","2025-10-30T04:16:03.272443+00:00","ADAUSDT","Trending_AI_Filtered","Pullback to EMA20","short","None","None","None","None","REJECTED","Достигнут лимит позиций (4/4)","None","None","None"
"640ff2b4","2025-10-30T04:31:59.348341+00:00","BNBUSDT","Ranging V5.0 (FB/PA)","False Breakout Resistance (1107.5163)","short","None","None","None","None","REJECTED","Лимит позиций (4/4)","None","None","None"
"d25a6816","2025-10-30T04:32:20.144123+00:00","FETUSDT","Ranging V5.0 (FB/PA)","False Breakout Support (0.2543)","long","None","None","None","None","REJECTED","Лимит позиций (4/4)","None","None","None"
"19709b0f","2025-10-30T04:32:40.521770+00:00","TRXUSDT","Ranging V5.0 (FB/PA)","False Breakout Resistance (0.2965)","short","None","None","None","None","REJECTED","Лимит позиций (4/4)","None","None","None"
"8caa992f","2025-10-30T04:45:02.194427+00:00","BNBUSDT","Ranging V5.0 (FB/PA)","False Breakout Resistance (1106.1407)","short","None","None","None","None","REJECTED","Лимит позиций (4/4)","None","None","None"
"a3bd1ffe","2025-10-30T06:23:39.355548+00:00","SOLUSDT","Trending_AI_Filtered","Pullback to EMA20","short","None","None","None","None","REJECTED","Достигнут лимит позиций (4/4)","None","None","None"
"3d281268","2025-10-30T06:23:39.583645+00:00","BNBUSDT","Trending_AI_Filtered","Pullback to EMA20","short","None","None","None","None","REJECTED","Достигнут лимит позиций (4/4)","None","None","None"
"1b473b8c","2025-10-30T06:23:39.769670+00:00","AVAXUSDT","Trending_AI_Filtered","Pullback to EMA20","short","None","None","None","None","REJECTED","Достигнут лимит позиций (4/4)","None","None","None"
"61a05fa4","2025-10-30T06:23:40.112981+00:00","LINKUSDT","Trending_AI_Filtered","Pullback to EMA20","short","None","None","None","None","REJECTED","Достигнут лимит позиций (4/4)","None","None","None"
"4b94e62a","2025-10-30T06:23:40.728581+00:00","TRXUSDT","Trending_AI_Filtered","Pullback to EMA20","short","None","None","None","None","REJECTED","Достигнут лимит позиций (4/4)","None","None","None"
"46c8c594","2025-10-30T06:23:41.084311+00:00","SUIUSDT","Trending_AI_Filtered","Pullback to EMA20","short","None","None","None","None","REJECTED","Достигнут лимит позиций (4/4)","None","None","None"
"62e7332c","2025-10-30T06:24:03.814282+00:00","LINKUSDT","Pullback Engine","EMA20 retest, RSI=47.5, OFI=-18.3, OBI=-0.20","short","None","None","None","None","REJECTED","Достигнут лимит позиций (4/4)","None","None","None"
"b82a2378","2025-10-30T06:24:03.816284+00:00","BTCUSDT","Pullback Engine","EMA20 retest, RSI=48.9, OFI=-92.8, OBI=-0.52","short","None","None","None","None","REJECTED","Достигнут лимит позиций (4/4)","None","None","None"
"d5ea2532","2025-10-30T06:24:03.855319+00:00","BNBUSDT","Pullback Engine","EMA20 retest, RSI=48.0, OFI=-32.0, OBI=-0.35","short","None","None","None","None","REJECTED","Достигнут лимит позиций (4/4)","None","None","None"
"0e7e6e6c","2025-10-30T06:24:03.863326+00:00","TIAUSDT","Pullback Engine","EMA20 retest, RSI=45.5, OFI=-39.2, OBI=-0.08","short","None","None","None","None","REJECTED","Достигнут лимит позиций (4/4)","None","None","None"
"3b20aa4e","2025-10-30T06:24:03.866329+00:00","SUIUSDT","Pullback Engine","EMA20 retest, RSI=46.4, OFI=-48.8, OBI=-0.06","short","None","None","None","None","REJECTED","Достигнут лимит позиций (4/4)","None","None","None"
"777524c4","2025-10-30T06:30:21.950948+00:00","SOLUSDT","Trending_AI_Filtered","Pullback to EMA20","short","None","None","None","None","REJECTED","Достигнут лимит позиций (4/4)","None","None","None"
"566e3f4f","2025-10-30T06:30:22.690768+00:00","LINKUSDT","Trending_AI_Filtered","Pullback to EMA20","short","None","None","None","None","REJECTED","Достигнут лимит позиций (4/4)","None","None","None"
"a433eb68","2025-10-30T06:30:23.638463+00:00","SUIUSDT","Trending_AI_Filtered","Pullback to EMA20","short","None","None","None","None","REJECTED","Достигнут лимит позиций (4/4)","None","None","None"
"378f1097","2025-10-30T06:30:46.436616+00:00","LTCUSDT","Pullback Engine","EMA20 retest, RSI=46.9, OFI=-15.7, OBI=-0.08","short","None","None","None","None","REJECTED","Достигнут лимит позиций (4/4)","None","None","None"
"cc0511f8","2025-10-30T06:45:01.291044+00:00","NEARUSDT","Trending_AI_Filtered","Pullback to EMA20","short","None","None","None","None","REJECTED","Достигнут лимит позиций (4/4)","None","None","None"
"0be7c1ee","2025-10-30T06:48:18.011012+00:00","ONEUSDT","Trending_AI_Filtered","Pullback to EMA20","short","None","None","None","None","REJECTED","Достигнут лимит позиций (4/4)","None","None","None"
"12e5084a","2025-10-30T06:48:18.218509+00:00","ANKRUSDT","Trending_AI_Filtered","Pullback to EMA20","short","None","None","None","None","REJECTED","Достигнут лимит позиций (4/4)","None","None","None"
"e7df817d","2025-10-30T06:48:18.391666+00:00","SUSHIUSDT","Trending_AI_Filtered","Pullback to EMA20","short","None","None","None","None","REJECTED","Достигнут лимит позиций (4/4)","None","None","None"
"584740ae","2025-10-30T06:48:19.064290+00:00","NEARUSDT","Trending_AI_Filtered","Pullback to EMA20","short","None","None","None","None","REJECTED","Достигнут лимит позиций (4/4)","None","None","None"
"50efceae","2025-10-30T06:48:19.499229+00:00","IMXUSDT","Trending_AI_Filtered","Pullback to EMA20","short","None","None","None","None","REJECTED","Достигнут лимит позиций (4/4)","None","None","None"
"734d9345","2025-10-30T06:48:20.188598+00:00","OPUSDT","Trending_AI_Filtered","Pullback to EMA20","short","None","None","None","None","REJECTED","Достигнут лимит позиций (4/4)","None","None","None"
"77ad5c5d","2025-10-30T06:48:20.358753+00:00","INJUSDT","Trending_AI_Filtered","Pullback to EMA20","short","None","None","None","None","REJECTED","Достигнут лимит позиций (4/4)","None","None","None"
"b1386b49","2025-10-30T06:48:42.725405+00:00","SUSHIUSDT","Pullback Engine","EMA20 retest, RSI=46.7, OFI=-26.3, OBI=-0.12","short","None","None","None","None","REJECTED","Достигнут лимит позиций (4/4)","None","None","None"
"ba8d8b3c","2025-10-30T06:48:42.740516+00:00","IMXUSDT","Pullback Engine","EMA20 retest, RSI=47.9, OFI=-14.4, OBI=-0.25","short","None","None","None","None","REJECTED","Достигнут лимит позиций (4/4)","None","None","None"
"cd5fd333","2025-10-30T06:48:42.748523+00:00","OPUSDT","Pullback Engine","EMA20 retest, RSI=46.3, OFI=-0.5, OBI=-0.11","short","None","None","None","None","REJECTED","Достигнут лимит позиций (4/4)","None","None","None"
"121f0c81","2025-10-30T06:48:42.792572+00:00","INJUSDT","Pullback Engine","EMA20 retest, RSI=47.6, OFI=-35.9, OBI=0.20","short","None","None","None","None","REJECTED","Достигнут лимит позиций (4/4)","None","None","None"
"ff07fc4a","2025-10-30T06:48:42.798568+00:00","ICPUSDT","Pullback Engine","EMA20 retest, RSI=45.5, OFI=-11.5, OBI=0.15","short","None","None","None","None","REJECTED","Достигнут лимит позиций (4/4)","None","None","None"
"59e64d78","2025-10-30T06:48:42.802572+00:00","SOLUSDT","Pullback Engine","EMA20 retest, RSI=51.1, OFI=-21.8, OBI=0.33","short","None","None","None","None","REJECTED","Достигнут лимит позиций (4/4)","None","None","None"
"d6de51cc","2025-10-30T07:00:00.946570+00:00","IMXUSDT","Trending_AI_Filtered","Pullback to EMA20","short","None","None","None","None","REJECTED","Достигнут лимит позиций (4/4)","None","None","None"
"1ba02bc2","2025-10-30T07:00:01.193481+00:00","CRVUSDT","Trending_AI_Filtered","Pullback to EMA20","short","None","None","None","None","REJECTED","Достигнут лимит позиций (4/4)","None","None","None"
"5e911cf2","2025-10-30T07:00:01.247578+00:00","SEIUSDT","Trending_AI_Filtered","Pullback to EMA20","short","None","None","None","None","REJECTED","Достигнут лимит позиций (4/4)","None","None","None"
"9422a184","2025-10-30T07:00:42.867932+00:00","DOGEUSDT","Pullback Engine","EMA20 retest, RSI=49.1, OFI=-40.1, OBI=0.17","short","None","None","None","None","REJECTED","Достигнут лимит позиций (4/4)","None","None","None"
"da205d91","2025-10-30T07:01:26.965454+00:00","WIFUSDT","Trending_AI_Filtered","Pullback to EMA20","short","None","None","None","None","REJECTED","Достигнут лимит позиций (4/4)","None","None","None"
"844e5147","2025-10-30T07:01:47.601720+00:00","CHZUSDT","Pullback Engine","EMA20 retest, RSI=47.7, OFI=-10.2, OBI=-0.18","short","None","None","None","None","REJECTED","Достигнут лимит позиций (4/4)","None","None","None"
"53ca8170","2025-10-30T07:02:08.662666+00:00","CHZUSDT","Trending_AI_Filtered","Pullback to EMA20","short","None","None","None","None","REJECTED","Достигнут лимит позиций (4/4)","None","None","None"
"de516875","2025-10-30T07:02:09.152414+00:00","FILUSDT","Trending_AI_Filtered","Pullback to EMA20","short","None","None","None","None","REJECTED","Достигнут лимит позиций (4/4)","None","None","None"
"90574f15","2025-10-30T07:02:30.246435+00:00","TIAUSDT","Trending_AI_Filtered","Pullback to EMA20","short","None","None","None","None","REJECTED","Достигнут лимит позиций (4/4)","None","None","None"
"411954aa","2025-10-30T07:03:12.096510+00:00","APTUSDT","Pullback Engine","EMA20 retest, RSI=49.8, OFI=27.6, OBI=-0.28","short","None","None","None","None","REJECTED","Достигнут лимит позиций (4/4)","None","None","None"
"b27b6bc2","2025-10-30T07:03:12.731627+00:00","INJUSDT","Trending_AI_Filtered","Pullback to EMA20","short","None","None","None","None","REJECTED","Достигнут лимит позиций (4/4)","None","None","None"
"f6eb966e","2025-10-30T07:03:33.720479+00:00","ARBUSDT","Trending_AI_Filtered","Pullback to EMA20","short","None","None","None","None","REJECTED","Достигнут лимит позиций (4/4)","None","None","None"
"d8b87eee","2025-10-30T07:03:33.751507+00:00","OPUSDT","Trending_AI_Filtered","Pullback to EMA20","short","None","None","None","None","REJECTED","Достигнут лимит позиций (4/4)","None","None","None"
"043038eb","2025-10-30T07:04:15.542315+00:00","SUSHIUSDT","Trending_AI_Filtered","Pullback to EMA20","short","None","None","None","None","REJECTED","Достигнут лимит позиций (4/4)","None","None","None"
"e2be54f5","2025-10-30T07:04:57.876949+00:00","ANKRUSDT","Trending_AI_Filtered","Pullback to EMA20","short","None","None","None","None","REJECTED","Достигнут лимит позиций (4/4)","None","None","None"
"0b1be121","2025-10-30T07:04:58.571847+00:00","NEARUSDT","Trending_AI_Filtered","Pullback to EMA20","short","None","None","None","None","REJECTED","Достигнут лимит позиций (4/4)","None","None","None"
"60c592e2","2025-10-30T07:05:19.203799+00:00","ENJUSDT","Pullback Engine","EMA20 retest, RSI=45.7, OFI=-59.0, OBI=-0.26","short","None","None","None","None","REJECTED","Достигнут лимит позиций (4/4)","None","None","None"
"b99408ac","2025-10-30T07:06:00.918636+00:00","ONEUSDT","Trending_AI_Filtered","Pullback to EMA20","short","None","None","None","None","REJECTED","Достигнут лимит позиций (4/4)","None","None","None"
"12c4798b","2025-10-30T07:06:01.104220+00:00","ENJUSDT","Trending_AI_Filtered","Pullback to EMA20","short","None","None","None","None","REJECTED","Достигнут лимит позиций (4/4)","None","None","None"
"cd32427a","2025-10-30T07:15:05.574457+00:00","BCHUSDT","Ranging V5.0 (FB/PA)","False Breakout Resistance (570.8135)","short","None","None","35","65.0","REJECTED","Низкая уверенность AI: 35% < 65.0%","None","None","None"
"38f67218","2025-10-30T07:15:22.153912+00:00","FETUSDT","Trending_AI_Filtered","Pullback to EMA20","short","None","None","None","None","REJECTED","AI не предоставил SL/TP","None","None","None"
"334aac51","2025-10-30T07:15:22.156960+00:00","SUSHIUSDT","Pullback Engine","EMA20 retest, RSI=49.5, OFI=-29.3, OBI=-0.14","short","None","None","None","None","REJECTED","AI BTC filter: AI Заблокировано: Категорически НЕТ. На графике наблюдается сильный бычий импульс, который полностью противоречит идее открытия SHORT позиции. Цена пробила ключевые скользящие средние (синюю и оранжевую) снизу вверх на повышенном объеме, что указывает на силу покупателей. Открытие шорта в текущей фазе — это торговля против сильного локального тренда, что является высокорискованным действием. Рынок BTC не благоприятствует коротким позициям в данный момент. (conf: 10%)","None","None","None"
"649fb167","2025-10-30T07:15:45.693254+00:00","WIFUSDT","Pullback Engine","EMA20 retest, RSI=49.3, OFI=-14.1, OBI=-0.07","short","None","None","None","None","REJECTED","AI BTC filter: AI Заблокировано: Крайне низкая уверенность. Несмотря на предшествующий нисходящий тренд, на графике наблюдается сильный бычий контр-импульс с локального дна. Цена пробила ключевые скользящие средние (MA) снизу вверх на повышенном объеме, что является сильным сигналом против открытия SHORT позиций в данный момент. Вход в шорт сейчас — это торговля против явной локальной силы покупателей без каких-либо признаков разворота или ослабления тренда. Рыночная фаза на BTC неблагоприятна для открытия коротких позиций. (conf: 15%)","None","None","None"
"8dd3e8da","2025-10-30T07:15:49.020933+00:00","APEUSDT","Trending_AI_Filtered","Pullback to EMA20","short","None","None","None","None","REJECTED","AI не предоставил SL/TP","None","None","None"
"e6d24f72","2025-10-30T07:16:20.082753+00:00","INJUSDT","Pullback Engine","EMA20 retest, RSI=49.2, OFI=-0.7, OBI=-0.22","short","None","None","None","None","REJECTED","Strong OFI against short: 28.5","None","None","None"
"12d7ef82","2025-10-30T07:16:57.563139+00:00","ICPUSDT","Trending_AI_Filtered","Pullback to EMA20","short","None","None","None","None","REJECTED","AI не предоставил SL/TP","None","None","None"
"0c5916c8","2025-10-30T07:40:14.154990+00:00","HBARUSDT","Ranging V5.0 (FB/PA)","False Breakout Resistance (0.2085)","short","None","None","35","65.0","REJECTED","Низкая уверенность AI: 35% < 65.0%","None","None","None"
"b3d14f41","2025-10-30T07:40:32.626191+00:00","SEIUSDT","Pullback Engine","EMA20 retest, RSI=50.1, OFI=-10.3, OBI=0.07","short","None","None","None","None","REJECTED","AI BTC filter: AI Заблокировано: НЕТ, БЛОКИРУЮ. На графике BTC наблюдается сильный бычий контр-импульс. После резкого падения и формирования локального дна около 10800, цена демонстрирует мощное V-образное восстановление на повышенных объемах. Цена пробила и закрепилась выше обеих скользящих средних, которые теперь могут выступить поддержкой. Открытие SHORT позиции в данный момент является сделкой против сильного локального импульса, что несет повышенные риски. Текущая рыночная фаза на BTC неблагоприятна для открытия коротких позиций по альтам, так как сильный рост BTC может потянуть весь рынок за собой. (conf: 20%)","None","None","None"
"c5794469","2025-10-30T07:49:34.804421+00:00","ONEUSDT","Trending_AI_Filtered","Pullback to EMA20","short","None","None","80","66.0","EXECUTED","None","0.00608","0.00631","0.00574"
"7c49f0c0","2025-10-30T07:49:35.021663+00:00","CRVUSDT","Ranging V5.0 (FB/PA)","False Breakout Resistance (0.5395)","short","None","None","None","None","REJECTED","Лимит позиций (4/4)","None","None","None"
"2f92714b","2025-10-30T07:49:36.273373+00:00","FETUSDT","Trending_AI_Filtered","Pullback to EMA20","short","None","None","None","None","REJECTED","Достигнут лимит позиций (4/4)","None","None","None"
"e60019a7","2025-10-30T07:49:36.622700+00:00","TRXUSDT","Ranging V5.0 (FB/PA)","Bearish PA (ShootingStar/Engulf) at Resistance (0.2957)","short","None","None","None","None","REJECTED","Лимит позиций (4/4)","None","None","None"
"fe24eb47","2025-10-30T07:49:54.463185+00:00","INJUSDT","Pullback Engine","EMA20 retest, RSI=48.9, OFI=-36.2, OBI=-0.29","short","None","None","None","None","REJECTED","Достигнут лимит позиций (4/4)","None","None","None"
"234875d6","2025-10-30T07:49:55.821181+00:00","SUSHIUSDT","Pullback Engine","EMA20 retest, RSI=50.2, OFI=-13.6, OBI=-0.11","short","None","None","None","None","REJECTED","Достигнут лимит позиций (4/4)","None","None","None"
"64d14347","2025-10-30T08:00:44.198012+00:00","CRVUSDT","Trending_AI_Filtered","Pullback to EMA20","short","None","None","None","None","REJECTED","Достигнут лимит позиций (4/4)","None","None","None"
"045c3edb","2025-10-30T08:00:46.462027+00:00","SEIUSDT","Ranging V5.0 (FB/PA)","False Breakout Resistance (0.1972)","short","None","None","None","None","REJECTED","Лимит позиций (4/4)","None","None","None"
"d6b6109b","2025-10-30T08:01:28.786438+00:00","SUSHIUSDT","Pullback Engine","EMA20 retest, RSI=50.4, OFI=-5.1, OBI=-0.17","short","None","None","None","None","REJECTED","Достигнут лимит позиций (4/4)","None","None","None"
"cf52029c","2025-10-30T08:01:29.000632+00:00","ICPUSDT","Pullback Engine","EMA20 retest, RSI=49.9, OFI=-14.6, OBI=-0.08","short","None","None","None","None","REJECTED","Достигнут лимит позиций (4/4)","None","None","None"
"d6b460a9","2025-10-30T08:01:29.004636+00:00","TIAUSDT","Pullback Engine","EMA20 retest, RSI=49.9, OFI=-18.7, OBI=-0.16","short","None","None","None","None","REJECTED","Достигнут лимит позиций (4/4)","None","None","None"
"f8384089","2025-10-30T08:05:51.448501+00:00","CRVUSDT","Trending_AI_Filtered","Pullback to EMA20","short","None","None","None","None","REJECTED","Достигнут лимит позиций (4/4)","None","None","None"
"ef6e7904","2025-10-30T08:05:51.655698+00:00","SUSHIUSDT","Trending_AI_Filtered","Pullback to EMA20","short","None","None","None","None","REJECTED","Достигнут лимит позиций (4/4)","None","None","None"
"ac882eb2","2025-10-30T08:05:52.354879+00:00","NEARUSDT","Trending_AI_Filtered","Pullback to EMA20","short","None","None","None","None","REJECTED","Достигнут лимит позиций (4/4)","None","None","None"
"0975a36f","2025-10-30T08:05:52.532300+00:00","ICPUSDT","Trending_AI_Filtered","Pullback to EMA20","short","None","None","None","None","REJECTED","Достигнут лимит позиций (4/4)","None","None","None"
"22c6ace4","2025-10-30T08:05:53.321052+00:00","HBARUSDT","Ranging V5.0 (FB/PA)","False Breakout Resistance (0.2084)","short","None","None","None","None","REJECTED","Лимит позиций (4/4)","None","None","None"
"1d588fc4","2025-10-30T08:05:53.681147+00:00","INJUSDT","Ranging V5.0 (FB/PA)","False Breakout Resistance (8.4203)","short","None","None","None","None","REJECTED","Лимит позиций (4/4)","None","None","None"
"b8046ef8","2025-10-30T08:05:53.777234+00:00","SEIUSDT","Ranging V5.0 (FB/PA)","False Breakout Resistance (0.1972)","short","None","None","None","None","REJECTED","Лимит позиций (4/4)","None","None","None"
"a20c381f","2025-10-30T08:05:53.875322+00:00","SEIUSDT","Trending_AI_Filtered","Pullback to EMA20","short","None","None","None","None","REJECTED","Достигнут лимит позиций (4/4)","None","None","None"
"296278ca","2025-10-30T08:05:53.964413+00:00","TIAUSDT","Trending_AI_Filtered","Pullback to EMA20","short","None","None","None","None","REJECTED","Достигнут лимит позиций (4/4)","None","None","None"
"586ea41c","2025-10-30T08:05:54.135568+00:00","APEUSDT","Trending_AI_Filtered","Pullback to EMA20","short","None","None","None","None","REJECTED","Достигнут лимит позиций (4/4)","None","None","None"
"7a91479f","2025-10-30T08:06:16.392556+00:00","INJUSDT","Pullback Engine","EMA20 retest, RSI=48.5, OFI=-13.4, OBI=-0.09","short","None","None","None","None","REJECTED","Достигнут лимит позиций (4/4)","None","None","None"
"627cb045","2025-10-30T08:06:16.436629+00:00","ENJUSDT","Pullback Engine","EMA20 retest, RSI=51.0, OFI=-100.0, OBI=-0.13","short","None","None","None","None","REJECTED","Достигнут лимит позиций (4/4)","None","None","None"
"11503367","2025-10-30T11:06:56.531643+00:00","LINKUSDT","Ranging V5.0 (FB/PA)","Bullish PA (Hammer/Engulf) at Support (17.9477)","long","None","None","None","None","REJECTED","Лимит позиций (4/4)","None","None","None"
"bf35844b","2025-10-30T11:07:17.475951+00:00","BCHUSDT","Ranging V5.0 (FB/PA)","False Breakout Support (563.9873)","long","None","None","None","None","REJECTED","Лимит позиций (4/4)","None","None","None"
"61c23fbf","2025-10-30T11:07:38.188122+00:00","APTUSDT","Ranging V5.0 (FB/PA)","False Breakout Support (3.3681)","long","None","None","None","None","REJECTED","Лимит позиций (4/4)","None","None","None"
"bf68d3b4","2025-10-30T11:08:00.547589+00:00","TRXUSDT","Pullback Engine","EMA20 retest, RSI=48.9, OFI=43.7, OBI=-0.04","long","None","None","None","None","REJECTED","Глобальный фильтр: BTC state=DOWN, p_up=0.12","None","None","None"
"d47db8c7","2025-10-30T11:14:59.167784+00:00","APTUSDT","Ranging V5.0 (FB/PA)","False Breakout Support (3.3679)","long","None","None","None","None","REJECTED","Отклонено: LONG против STRONG_DOWN BTC","None","None","None"
"bd5148bf","2025-10-30T11:14:59.269176+00:00","XRPUSDT","Ranging V5.0 (FB/PA)","False Breakout Resistance (2.5515)","short","None","None","65","65.0","EXECUTED","None","2.5531","2.5627","2.5387"
"0ee0b16a","2025-10-30T11:15:03.590839+00:00","BNBUSDT","Ranging V5.0 (FB/PA)","False Breakout Resistance (1122.7945)","short","None","None","55","65.0","REJECTED","Низкая уверенность AI: 55% < 65.0%","None","None","None"
"85c9e8a6","2025-10-30T11:15:18.837850+00:00","ALGOUSDT","Ranging V5.0 (FB/PA)","False Breakout Support (0.1821)","long","None","None","None","None","REJECTED","Отклонено: LONG против STRONG_DOWN BTC","None","None","None"

"4ddb23e6","2025-10-30T11:30:01.440060+00:00","TRXUSDT","Ranging V5.0 (FB/PA)","False Breakout Support (0.2955)","long","None","None","None","None","REJECTED","Отклонено: LONG против STRONG_DOWN BTC","None","None","None"
"93743f60","2025-10-30T11:30:14.950004+00:00","APTUSDT","Ranging V5.0 (FB/PA)","False Breakout Support (3.3678)","long","None","None","None","None","REJECTED","Отклонено: LONG против STRONG_DOWN BTC","None","None","None"
e"
"a22777d3","2025-10-30T11:30:26.929870+00:00","ALGOUSDT","Ranging V5.0 (FB/PA)","False Breakout Support (0.1821)","long","None","None","None","None","REJECTED","Отклонено: LONG против STRONG_DOWN BTC","None","None","None"
"2dc2615c","2025-10-30T11:44:58.918336+00:00","BCHUSDT","Ranging V5.0 (FB/PA)","False Breakout Support (563.9794)","long","None","None","None","None","REJECTED","Отклонено: LONG против STRONG_DOWN BTC","None","None","None"
"6d2b4a44","2025-10-30T11:45:09.443375+00:00","ALGOUSDT","Ranging V5.0 (FB/PA)","False Breakout Support (0.1821)","long","None","None","None","None","REJECTED","Отклонено: LONG против STRONG_DOWN BTC","None","None","None"
"9d3e747c","2025-10-30T12:00:07.325810+00:00","ALGOUSDT","Ranging V5.0 (FB/PA)","False Breakout Support (0.1821)","long","None","None","None","None","REJECTED","Отклонено: LONG против STRONG_DOWN BTC","None","None","None"
"9df1ba2a","2025-10-30T12:15:06.571588+00:00","TRXUSDT","Ranging V5.0 (FB/PA)","False Breakout Resistance (0.2958)","short","None","None","65","65.0","EXECUTED","None","0.29544","0.29663","0.29365"
"f65207ab","2025-10-30T12:30:03.509705+00:00","SEIUSDT","Trending_AI_Filtered","Pullback to EMA20","short","None","None","90","67.0","EXECUTED","None","0.1927","0.2013","0.1798"
"4068ef62","2025-10-30T12:30:08.124755+00:00","TRXUSDT","Ranging V5.0 (FB/PA)","False Breakout Support (0.2954)","long","None","None","None","None","REJECTED","Отклонено: LONG против STRONG_DOWN BTC","None","None","None"
"ad6a7932","2025-10-30T12:45:00.620828+00:00","ETHUSDT","Impulse_AI_Filtered","BBW↑0.57, ADX=31.8, OFI=76.9, OBI=-0.62","short","None","None","None","None","REJECTED","Расчетный объем равен нулю","None","None","None"
"7314702d","2025-10-30T12:45:00.866050+00:00","SOLUSDT","Impulse_AI_Filtered","BBW↑0.35, ADX=36.2, OFI=-80.0, OBI=0.33","short","None","None","90","72.0","EXECUTED","None","186.89","198.1","185.446"
"ce545b54","2025-10-30T12:45:23.154737+00:00","ENAUSDT","Impulse_AI_Filtered","BBW↑0.40, ADX=47.4, OFI=-14.5, OBI=-0.34","short","None","None","90","72.0","EXECUTED","None","0.4079","0.4435","0.40466"
"ffcc1ddf","2025-10-30T16:24:31.182780+00:00","TRXUSDT","Trending_AI_Filtered","Pullback to EMA20","short","None","None","None","None","REJECTED","BTC state=UP, p_up=0.88","None","None","None"
"2602a669","2025-10-30T18:00:12.626562+00:00","HBARUSDT","Trending_AI_Filtered","Pullback to EMA20","short","None","None","None","None","REJECTED","BTC state=UP, p_up=0.88","None","None","None"
"fd5df3bc","2025-10-30T18:45:09.129214+00:00","HBARUSDT","Trending_AI_Filtered","Pullback to EMA20","short","None","None","None","None","REJECTED","BTC state=UP, p_up=0.97","None","None","None"
"3c4c2b15","2025-10-30T19:45:03.386420+00:00","ETHUSDT","Impulse_AI_Filtered","BBW↑0.33, ADX=43.4, OFI=-89.9, OBI=0.29","short","None","None","None","None","REJECTED","BTC state=UP, p_up=0.99","None","None","None"
